ID,sequence
AAPeptide001,DRFLQTMVKLFNR
AAPeptide002,DTIIMMEPPYCKG
AAPeptide003,ELIHVLHGLYGMQ
AAPeptide004,EVYKLVKAKWLGT
AAPeptide005,IPFSYSKNLDCWV
AAPeptide006,KAFKITDRIWIVP
AAPeptide007,KLFNRIKNNVAGE
AAPeptide008,LNFNYSLDKIIVD
AAPeptide009,NDYKAIANKLSQV
AAPeptide010,PLYKKMEAVKLRD
AAPeptide011,QEIYMQHTYPISA
AAPeptide012,QEIYMQHTYPISAE
AAPeptide013,RDIIDDFTNESSQ
AAPeptide014,SKINKVFSTPIPF
AAPeptide015,TEYYLIPVASSSK
AAPeptide016,TPIPFSYSKNLDC
AAPeptide017,ADEINNLKNKLE
AAPeptide018,AEELFTFGGQDA
AAPeptide019,AEITGLGAIRED
AAPeptide020,AEKNSFSEEPFQ
AAPeptide021,AFCPEYVPTFDN
AAPeptide022,AFCPEYVPTFDNVIENITSL
AAPeptide023,AFRNVDGSGLVSKLIG
AAPeptide024,AGEALLDKIINA
AAPeptide025,AGEVRQITFRDL
AAPeptide026,AGEVRQITFRDLPDKFNAYL
AAPeptide027,AIANKLSQVTSC
AAPeptide028,AIHLVNNESSEV
AAPeptide029,AIHLVNNESSEVIVHKAMDI
AAPeptide030,AIPYLGNSYSLL
AAPeptide031,AIREDNNITLKL
AAPeptide032,AIREDNNITLKLDRCNNNNQYVS
AAPeptide033,AKKQLLEFDTQSKNILMQYI
AAPeptide034,ALINSTKIYSYF
AAPeptide035,ALINSTKIYSYFPSVISKVNQGA
AAPeptide036,ALLDKIINAIPY
AAPeptide037,ALNIVKQGYEGN
AAPeptide038,ALNPKEIEKLYT
AAPeptide039,ALNPKEIEKLYTSYLSI
AAPeptide040,AMDIEYNDMFNN
AAPeptide041,AMININIFMRES
AAPeptide042,AMLTNLIIFGPGPVLNKNEV
AAPeptide043,ANKAMININIFM
AAPeptide044,ANKLSQVTSCND
AAPeptide045,ANKWVFITITND
AAPeptide046,ANLYINGVLMGS
AAPeptide047,ANSKFIGITELK
AAPeptide048,ANSKFIGITELKK
AAPeptide049,ANSKFIGITELKKLESKINK
AAPeptide050,APSYTNGKLNIYYRRLYNGL
AAPeptide051,AQGILFLQWVRD
AAPeptide052,AQKSPTTLQRIT
AAPeptide053,ASEYYDPNYLRT
AAPeptide054,ASHLEQYGTNEYS
AAPeptide055,ASHLEQYGTNEYSIISSMKK
AAPeptide056,ASLGLVGTHNGQIGNDPNRD
AAPeptide057,ASNWYFNHLKDK
AAPeptide058,ASSSKDVQLKNI
AAPeptide059,AVKLRDLKTYSVQLKLYDDK
AAPeptide060,AYLANKWVFITI
AAPeptide061,AYLANKWVFITITNDRL
AAPeptide062,CDWYFVPTDEGWTND
AAPeptide063,CIKIKNEDLTFI
AAPeptide064,CKALNPKEIEKL
AAPeptide065,CNDPNIDIDSYK
AAPeptide066,CNNNNQYVSIDK
AAPeptide067,CRDGFGSIMQMA
AAPeptide068,CWVDNEEDIDVI
AAPeptide069,CWVDNEEDIDVILK
AAPeptide070,CWVDNEEDIDVILKKSTI
AAPeptide071,DALINSTKIYSY
AAPeptide072,DANLISIDIKNDLYEKTL
AAPeptide073,DCWVDNEEDIDV
AAPeptide074,DDALINSTKIYS
AAPeptide075,DDFTNESSQKTTIDKISDVSTIV
AAPeptide076,DEINNLKNKLEE
AAPeptide077,DEIVSYNTKNKP
AAPeptide078,DEIVSYNTKNKPLN
AAPeptide079,DFNPPSSLIEGA
AAPeptide080,DGFGSIMQMAFC
AAPeptide081,DGNAFNNLDRIL
AAPeptide082,DIDSYKQIYQQK
AAPeptide083,DIDVILKKSTIL
AAPeptide084,DIEYNDMFNNFT
AAPeptide085,DIEYNDMFNNFTVSFWL
AAPeptide086,DIIDDFTNESSQ
AAPeptide087,DIIDDFTNESSQKTTIDKIS
AAPeptide088,DIISDISGFNSS
AAPeptide089,DILIASNWYFNH
AAPeptide090,DINNDIISDISG
AAPeptide091,DINNDIISDISGFNSSV
AAPeptide092,DINNDIISDISGFNSSVITY
AAPeptide093,DISGFNSSVITYPDAQLVPG
AAPeptide094,DKDSNGQYIVNE
AAPeptide095,DKEQIADEINNL
AAPeptide096,DKFNAYLANKWV
AAPeptide097,DKFQILYNSIMY
AAPeptide098,DKFRIFCKALNP
AAPeptide099,DKIINAIPYLGN
AAPeptide100,DKILGCDWYFVP
AAPeptide101,DKILGCDWYFVPTDEGWTND
AAPeptide102,DKISDVSTIVPYIGPALNIV
AAPeptide103,DKNASLGLVGTHNGQIG
AAPeptide104,DLGGELCIKIKN
AAPeptide105,DLPDKFNAYLAN
AAPeptide106,DLTFIAEKNSFS
AAPeptide107,DLTFIAEKNSFSEEPFQDEI
AAPeptide108,DMFNNFTVSFWL
AAPeptide109,DMFNNFTVSFWLRVPKV
AAPeptide110,DNEEDIDVILKK
AAPeptide111,DNFLEKRYEKWI
AAPeptide112,DNKNYFPCRDGF
AAPeptide113,DNNITLKLDRCN
AAPeptide114,DPALLLMHELIHVLHGLYG
AAPeptide115,DPNIDIDSYKQI
AAPeptide116,DPNRDILIASNW
AAPeptide117,DPNRDILIASNWYFNHLKDK
AAPeptide118,DPNYLRTDSDKD
AAPeptide119,DPNYLRTDSDKDRFLQTMVKLFNRIKN
AAPeptide120,DPVNNDTIIMME
AAPeptide121,DRCNNNNQYVSI
AAPeptide122,DRCNNNNQYVSIDKFRI
AAPeptide123,DRIWIVPERYEF
AAPeptide124,DRLSSANLYING
AAPeptide125,DRLSSANLYINGVLMGSAEI
AAPeptide126,DRTTPVTKGIPY
AAPeptide127,DSAGEVRQITFR
AAPeptide128,DSNGQYIVNEDK
AAPeptide129,DSYKQIYQQKYQ
AAPeptide130,DTEYYLIPVASS
AAPeptide131,DTEYYLIPVASSSKDVQ
AAPeptide132,DTIIMMEPPYCK
AAPeptide133,DTIIMMEPPYCKGLDIYYKA
AAPeptide134,DTQSKNILMQYI
AAPeptide135,DTQSKNILMQYIKANSKFIGITELKKLESKI
AAPeptide136,DVILKKSTILNL
AAPeptide137,DVSTIVPYIGPA
AAPeptide138,EALLDKIINAIP
AAPeptide139,EDFNPPSSLIEG
AAPeptide140,EDIDVILKKSTI
AAPeptide141,EDIDVILKKSTILNLDI
AAPeptide142,EDKFQILYNSIM
AAPeptide143,EDLTFIAEKNSF
AAPeptide144,EDNNITLKLDRC
AAPeptide145,EEDIDVILKKST
AAPeptide146,EEKANKAMININ
AAPeptide147,EEKANKAMININIFMRESSR
AAPeptide148,EEKANKAMININIFMRESSRSFL
AAPeptide149,EELFTFGGQDAN
AAPeptide150,EEPFQDEIVSYN
AAPeptide151,EFDTQSKNILMQ
AAPeptide152,EFDTQSKNILMQYIKANSKFIGITEL
AAPeptide153,EFGTKPEDFNPP
AAPeptide154,EGASEYYDPNYL
AAPeptide155,EGNFIGALETTG
AAPeptide156,EHIVGYPKDGNA
AAPeptide157,EIDSFVKSGDFIKLYVS
AAPeptide158,EIEKLYTSYLSITFLRD
AAPeptide159,EIELGKKFNIKT
AAPeptide160,EINNLKNKLEEK
AAPeptide161,EITGLGAIREDN
AAPeptide162,EIVSYNTKNKPL
AAPeptide163,EKANKAMININI
AAPeptide164,EKIIKTIDNFLEKRYEKWI
AAPeptide165,EKIIKTIDNFLEKRYEKWIE
AAPeptide166,EKNSFSEEPFQD
AAPeptide167,EKRYEKWIEVYK
AAPeptide168,EKWIEVYKLVKA
AAPeptide169,ELCIKIKNEDLT
AAPeptide170,ELFTFGGQDANL
AAPeptide171,ELGKKFNIKTRL
AAPeptide172,ELGKKFNIKTRLSYFSMNHD
AAPeptide173,ELIHVLHGLYGMQVSS
AAPeptide174,ELKKLESKINKVFSTPIPFS
AAPeptide175,EPFQDEIVSYNT
AAPeptide176,EQDPSGATTKSAMLTNLIIFGPGPVLNKNEV
AAPeptide177,EQIADEINNLKN
AAPeptide178,ERYEFGTKPEDF
AAPeptide179,ESSEVIVHKAMD
AAPeptide180,ESSQKTTIDKISDVSTIVPY
AAPeptide181,ETTGVVLLLEYIPEITLPVI
AAPeptide182,EVIVHKAMDIEY
AAPeptide183,EVRQITFRDLPD
AAPeptide184,EVRQITFRDLPDKFNAY
AAPeptide185,EVYKLVKAKWLG
AAPeptide186,EYKIYSGPDKEQ
AAPeptide187,EYNDMFNNFTVS
AAPeptide188,EYSIESSMKKHSLSIGSGWSVSL
AAPeptide189,EYYDPNYLRTDS
AAPeptide190,EYYLIPVASSSK
AAPeptide191,FCKALNPKEIEK
AAPeptide192,FCPEYVPTFDNV
AAPeptide193,FDKDSNGQYIVN
AAPeptide194,FDKDSNGQYIVNEDKFQILY
AAPeptide195,FDTQSKNILMQY
AAPeptide196,FGGQDANLISID
AAPeptide197,FGSIMQMAFCPE
AAPeptide198,FGTKPEDFNPPS
AAPeptide199,FIAEKNSFSEEP
AAPeptide200,FIAEKNSFSEEPFQDEIVSYNTK
AAPeptide201,FIIKRYTPNNEIDSFVK
AAPeptide202,FIKLYVSYNNNEHIVGY
AAPeptide203,FITITNDRLSSA
AAPeptide204,FLEKRYEKWIEV
AAPeptide205,FLQWVRDIIDDF
AAPeptide206,FLRDFWGNPLRYDTEYYLIP
AAPeptide207,FMRESSRSFLVN
AAPeptide208,FNAYLANKWVFI
AAPeptide209,FNAYLANKWVFITITNDRLS
AAPeptide210,FNHLKDKILGCD
AAPeptide211,FNIKTRLSYFSM
AAPeptide212,FNLLEQDPSGATTKSAMLTN
AAPeptide213,FNNFTVSFWLRV
AAPeptide214,FNNFTVSFWLRVPK
AAPeptide215,FNNFTVSFWLRVPKVSAHLE
AAPeptide216,FNNFTVSFWLRVPKVSASHLE
AAPeptide217,FNNFTVSFWLRVPKVSASHLEQY
AAPeptide218,FNNLDRILRVGYNAPGIPLY
AAPeptide219,FNPPSSLIEGAS
AAPeptide220,FPCRDGFGSIMQ
AAPeptide221,FPSVISKVNQGA
AAPeptide222,FQDEIVSYNTKN
AAPeptide223,FQILYNSIMYGF
AAPeptide224,FQILYNSIMYGFTEIELGKK
AAPeptide225,FRDLPDKFNAYL
AAPeptide226,FRIFCKALNPKE
AAPeptide227,FRYSDPVNNDTI
AAPeptide228,FSEEPFQDEIVS
AAPeptide229,FSMNHDPVKIPN
AAPeptide230,FSYSKNLDCWVD
AAPeptide231,FTEIELGKKFNI
AAPeptide232,FTFGGQDANLIS
AAPeptide233,FTVSFWLRVPKV
AAPeptide234,FTVSFWLRVPKVSASHL
AAPeptide235,FTVSFWLRVPKVSASHLE
AAPeptide236,FVKSGDFIKLYVSYNNNEHIVGY
AAPeptide237,FWGNPLRYDTEY
AAPeptide238,FWLRVPKVSA
AAPeptide239,FWLRVPKVSASH
AAPeptide240,FWLRVPKVSASHLEQYGTNE
AAPeptide241,GAIREDNNITLK
AAPeptide242,GALETTGVVLLLEYIPEITL
AAPeptide243,GAQGILFLQWVR
AAPeptide244,GASEYYDPNYLR
AAPeptide245,GCDWYFVPTDEGWTND
AAPeptide246,GEALLDKIINAI
AAPeptide247,GELCIKIKNEDL
AAPeptide248,GEVRQITFRDLP
AAPeptide249,GEVRQITFRDLPDKFNAYLANKW
AAPeptide250,GFGSIMQMAFCP
AAPeptide251,GFNSSVITYPDAQLVPGINGKAI
AAPeptide252,GFTEIELGKKFN
AAPeptide253,GGELCIKIKNED
AAPeptide254,GGQDANLISIDI
AAPeptide255,GILFLQWVRDII
AAPeptide256,GINGKAIHLVNN
AAPeptide257,GIPLYKKMEAVKLRDLKTYS
AAPeptide258,GIPYAPEYKSNA
AAPeptide259,GKAIHLVNNESS
AAPeptide260,GKAIHLVNNESSEVIVH
AAPeptide261,GKKFNIKTRLSY
AAPeptide262,GKLNIYYRRLYNGLKFI
AAPeptide263,GLGAIREDNNIT
AAPeptide264,GLGAIREDNNITLKLDR
AAPeptide265,GLVGTHNGQIGNDPNRDILIASNWYFNHLKDKILGCDWYFVPTDEGWTND
AAPeptide266,GNAFNNLDRILR
AAPeptide267,GNAFNNLDRILRVGYNA
AAPeptide268,GNNLIWTLKDSA
AAPeptide269,GNPLRYDTEYYL
AAPeptide270,GPALNIVKQGYE
AAPeptide271,GPDKEQIADEIN
AAPeptide272,GPDKEQIADEINNLKNKLEEKAN
AAPeptide273,GQDANLISIDIK
AAPeptide274,GQIGNDPNRDIL
AAPeptide275,GQYIVNEDKFQI
AAPeptide276,GSAEITGLGAIR
AAPeptide277,GSIMQMAFCPEY
AAPeptide278,GTHNGQIGNDPNRDI
AAPeptide279,GTKPEDFNPPSS
AAPeptide280,GTNEYSIISSMKKHSLS
AAPeptide281,GTNEYSIISSMKKHSLSIGS
AAPeptide282,GVLMGSAEITGL
AAPeptide283,GVLMGSAEITGLGAIRE
AAPeptide284,GWSVSLKGNNLIWTLKD
AAPeptide285,GYEGNFIGALET
AAPeptide286,GYIPEITLPVIAALSIAESSTQK
AAPeptide287,GYPKDGNAFNNL
AAPeptide288,GYPKDGNAFNNLDRILR
AAPeptide289,HIVGYPKDGNAF
AAPeptide290,HIVGYPKDGNAFNNLDRILRVGY
AAPeptide291,HKAMDIEYNDMF
AAPeptide292,HLEQYGTNEYSIISSMK
AAPeptide293,HLKDKILGCDWY
AAPeptide294,HLKDKILGCDWYFVPTDEGWTND
AAPeptide295,HLVNNESSEVIV
AAPeptide296,HTYPISAEELFT
AAPeptide297,IADEINNLKNKL
AAPeptide298,IAEKNSFSEEPF
AAPeptide299,IANKLSQVTSCN
AAPeptide300,IANKLSQVTSCNDPNIDIDS
AAPeptide301,IASNWYFNHLKD
AAPeptide302,IASNWYFNHLKDKILGC
AAPeptide303,IDDFTNESSQKT
AAPeptide304,IDIDSYKQIYQQ
AAPeptide305,IDIDSYKQIYQQKYQFDKDS
AAPeptide306,IDKFRIFCKALN
AAPeptide307,IDKISDVSTIVPYIGPALNI
AAPeptide308,IDNFLEKRYEKW
AAPeptide309,IDSFVKSGDFIKLYVSYNNN
AAPeptide310,IDSYKQIYQQKY
AAPeptide311,IDVILKKSTILN
AAPeptide312,IEGASEYYDPNY
AAPeptide313,IELGKKFNIKTR
AAPeptide314,IEVYKLVKAKWL
AAPeptide315,IEYNDMFNNFTV
AAPeptide316,IEYNDMFNNFTVSFWLRVPKVSASHLEQYGT
AAPeptide317,IFCKALNPKEIE
AAPeptide318,IFMRESSRSFLV
AAPeptide319,IGNDPNRDILIASNWYF
AAPeptide320,IGPALNIVKQGY
AAPeptide321,IHLVNNESSEVI
AAPeptide322,IIDDFTNESSQK
AAPeptide323,IIKTIDNFLEKR
AAPeptide324,IIMMEPPYCKGL
AAPeptide325,IINAIPYLGNSY
AAPeptide326,IISDISGFNSSV
AAPeptide327,IISDISGFNSSVITYPD
AAPeptide328,IKANSKFIGITE
AAPeptide329,IKANSKFIGITELKK
AAPeptide330,IKIKNEDLTFIA
AAPeptide331,IKIKNEDLTFIAEKNSFSEE
AAPeptide332,IKNDLYEKTLNDYKAIANKL
AAPeptide333,IKNEDLTFIAEK
AAPeptide334,IKTIDNFLEKRY
AAPeptide335,IKTRLSYFSMNH
AAPeptide336,ILFLQWVRDIID
AAPeptide337,ILFLQWVRDIIDDFTNESSQ
AAPeptide338,ILIASNWYFNHL
AAPeptide339,ILKKSTILNLDI
AAPeptide340,ILKKSTILNLDINNDII
AAPeptide341,ILMQYIKANS
AAPeptide342,ILMQYIKANSK
AAPeptide343,ILMQYIKANSKF
AAPeptide344,ILMQYIKANSKFI
AAPeptide345,ILMQYIKANSKFIG
AAPeptide346,ILMQYIKANSKFIGI
AAPeptide347,ILMQYIKANSKFIGITE
AAPeptide348,ILMQYIKANSKFIGITELKK
AAPeptide349,ILNLDINNDIIS
AAPeptide350,ILYNSIMYGFTE
AAPeptide351,IMMEPPYCKGLD
AAPeptide352,IMQMAFCPEYVP
AAPeptide353,IMYGFTEIELGK
AAPeptide354,INAIPYLGNSYS
AAPeptide355,INGKAIHLVNNE
AAPeptide356,INGKAIHLVNNESSEVIVHK
AAPeptide357,INGVLMGSAEIT
AAPeptide358,INIFMRESSRSF
AAPeptide359,ININIFMRESSR
AAPeptide360,INNDIISDISGF
AAPeptide361,INNFRYSDPVNN
AAPeptide362,INNLKNKLEEKA
AAPeptide363,INNLKNKLEEKAN
AAPeptide364,INSTKIYSYFPS
AAPeptide365,IPFSYSKNLDCW
AAPeptide366,IPLYKKMEAVKLRDLKTYSV
AAPeptide367,IPVASSSKDVQL
AAPeptide368,IPYAPEYKSNAA
AAPeptide369,IPYLGNSYSLLD
AAPeptide370,IREDNNITLKLD
AAPeptide371,ISAEELFTFGGQ
AAPeptide372,ISDISGFNSSVI
AAPeptide373,ISKVNQGAQGIL
AAPeptide374,ITDYMYLTNAPS
AAPeptide375,ITDYMYLTNAPSYTNGK
AAPeptide376,ITFRDLPDKFNA
AAPeptide377,ITGLGAIREDNN
AAPeptide378,ITGLGAIREDNNITLKLDRC
AAPeptide379,ITINNFRYSDPV
AAPeptide380,ITITNDRLSSAN
AAPeptide381,ITLKLDRCNNNN
AAPeptide382,ITLKLDRCNNNNQYVSI
AAPeptide383,ITLPNDRTTPVT
AAPeptide384,ITLPVIAALSIAE
AAPeptide385,ITMTNSVDDALI
AAPeptide386,ITNDRLSSANLY
AAPeptide387,IVDYNLQSKITLPNDRTTPV
AAPeptide388,IVGYPKDGNAFN
AAPeptide389,IVHKAMDIEYND
AAPeptide390,IVKQGYEGNFIG
AAPeptide391,IVNEDKFQILYN
AAPeptide392,IVPERYEFGTKP
AAPeptide393,IVPYIGPALNIV
AAPeptide394,IVPYIGPALNIVKQGYEGNF
AAPeptide395,IVSYNTKNKPLN
AAPeptide396,IWIVPERYEFGT
AAPeptide397,IWTLKDSAGEVR
AAPeptide398,IYMQHTYPISAE
AAPeptide399,IYQQKYQFDKDS
AAPeptide400,IYQYLYAQKSPT
AAPeptide401,IYSGPDKEQIAD
AAPeptide402,IYSYFPSVI
AAPeptide403,IYSYFPSVISKV
AAPeptide404,IYYKAFKITDRIWIVPERYE
AAPeptide405,KAIANKLSQVTS
AAPeptide406,KAIHLVNNESSE
AAPeptide407,KAKWLGTVNTQFQKRSYQMY
AAPeptide408,KALNPKEIEKLY
AAPeptide409,KAMDIEYNDMFN
AAPeptide410,KAMDIEYNDMFNNFTVSFWLRVP
AAPeptide411,KAMININIFMRE
AAPeptide412,KANKAMININIF
AAPeptide413,KANSKFIGITEL
AAPeptide414,KDGNAFNNLDRI
AAPeptide415,KDKILGCDWYFV
AAPeptide416,KDKILGCDWYFVPTDEG
AAPeptide417,KDSAGEVRQITF
AAPeptide418,KDSAGEVRQITFRDLPD
AAPeptide419,KDSNGQYIVNED
AAPeptide420,KDVQLKNITDYMYLTNAPSY
AAPeptide421,KEIEKLYTSYLSITFLRDPWGNP
AAPeptide422,KEQIADEINNLK
AAPeptide423,KEQIADEINNLKNKLEEKAN
AAPeptide424,KFIIKRYTPNNEIDSF
AAPeptide425,KFIIKRYTPNNEIDSFVKSG
AAPeptide426,KFNAYLANKWVF
AAPeptide427,KFNIKTRLSYFS
AAPeptide428,KFQILYNSIMYG
AAPeptide429,KFRIFCKALNPK
AAPeptide430,KGIPYAPEYKSN
AAPeptide431,KIIKTIDNFLEK
AAPeptide432,KIINAIPYLGNS
AAPeptide433,KIIVDYNLQSK
AAPeptide434,KIKNEDLTFIAE
AAPeptide435,KILGCDWYFVPTDEGWTND
AAPeptide436,KINKVFSTPIPFSYSKNLDC
AAPeptide437,KITLPNDRTTPV
AAPeptide438,KIYSGPDKEQIA
AAPeptide439,KIYSYFPSVISK
AAPeptide440,KIYSYFPSVISKV
AAPeptide441,KKFNIKTRLSYF
AAPeptide442,KKIIDYEYKIYSGPDKEQIA
AAPeptide443,KKSTILNLDINN
AAPeptide444,KLDRCNNNNQYV
AAPeptide445,KLEEKANKAMIN
AAPeptide446,KLSQVTSCNDPN
AAPeptide447,KLYVSYNNNEHI
AAPeptide448,KNASLGLVGTHNGQIGNPPNRDI
AAPeptide449,KNEDLTFIAEKN
AAPeptide450,KNILMQYIKANS
AAPeptide451,KNITDYMYLTNAPSYTNGKL
AAPeptide452,KNKLEEKANKAM
AAPeptide453,KNKLEEKANKAMININ
AAPeptide454,KNLDCWVDNEED
AAPeptide455,KNLDCWVDNEEDIDVIL
AAPeptide456,KNLDCWVDNEEDIDVILKKSTIL
AAPeptide457,KNNVAGEALLDK
AAPeptide458,KNSFSEEPFQDE
AAPeptide459,KNYFPCRDGFGS
AAPeptide460,KPEDFNPPSSLI
AAPeptide461,KQGYEGNFIGAL
AAPeptide462,KQIYQQKYQFDK
AAPeptide463,KQLLEFDTQSKNILMQYIKANSKFIGI
AAPeptide464,KRYEKWIEVYKL
AAPeptide465,KRYTPNNEIDSFVKSG
AAPeptide466,KSNAASTIEIHNIDDNTIYQ
AAPeptide467,KSPTTLQRITMT
AAPeptide468,KSTILNLDINND
AAPeptide469,KSTILNLDINNDIISDISGFNSS
AAPeptide470,KTIDNFLEKRYE
AAPeptide471,KTRLSYFSMNHD
AAPeptide472,KVNQGAQGILFL
AAPeptide473,KVSASHLEQYGTNEYSI
AAPeptide474,KWIEVYKLVKAK
AAPeptide475,KWIEVYKLVKAKWLGTVNTQ
AAPeptide476,KWVFITITNDRL
AAPeptide477,KWVFITITNDRLSSANL
AAPeptide478,KYQFDKDSNGQY
AAPeptide479,LANKWVFITITN
AAPeptide480,LANKWVFITITNDRLSSANLYIN
AAPeptide481,LCIKIKNEDLTF
AAPeptide482,LCIKIKNEDLTFIAEKNSFS
AAPeptide483,LCKKIIPPTNIRENLYNRTA
AAPeptide484,LDCWVDNEEDID
AAPeptide485,LDINNDIISDIS
AAPeptide486,LDKIINAIPYLG
AAPeptide487,LDRCNNNNQYVS
AAPeptide488,LEEKANKAMINI
AAPeptide489,LEKRYEKWIEVY
AAPeptide490,LEKRYEKWIEVYKLVKAKWL
AAPeptide491,LEYIPEITLPVIA
AAPeptide492,LEYIPEITLPVIAALSIAES
AAPeptide493,LFLQWVRDIIDD
AAPeptide494,LFTFGGQDANLI
AAPeptide495,LFTFGGQDANLISIDIKNDL
AAPeptide496,LGAIREDNNITL
AAPeptide497,LGAIREDNNITLKLD
AAPeptide498,LGGELCIKIKNE
AAPeptide499,LGKKFNIKTRLS
AAPeptide500,LGLVGTHNGQIGNDPNR
AAPeptide501,LGNSYSLLDKFD
AAPeptide502,LIASNWYFNHLK
AAPeptide503,LIEGASEYYDPN
AAPeptide504,LINSTKIYSYFP
AAPeptide505,LINSTKIYSYFPSVISKVNQ
AAPeptide506,LIPVASSSKDVQ
AAPeptide507,LIPVASSSKDVQLKNIT
AAPeptide508,LIPVASSSKDVQLKNITDYM
AAPeptide509,LIWTLKDSAGEV
AAPeptide510,LIWTLKDSAGEVRQITF
AAPeptide511,LKDKILGCDWYF
AAPeptide512,LKDSAGEVRQIT
AAPeptide513,LKFIIKRYTPNNEIDSFVKS
AAPeptide514,LKGNNLIWTLKDSAGE
AAPeptide515,LKGNNLIWTLKDSAGEV
AAPeptide516,LKKSTILNLDIN
AAPeptide517,LKLDRCNNNNQY
AAPeptide518,LKLYDDKNASL
AAPeptide519,LKLYDDKNASLGLVGTH
AAPeptide520,LKNKLEEKANKA
AAPeptide521,LKSEYKGQNMRVNTNAFRNV
AAPeptide522,LKTYSVQLKLYDDKNASLGL
AAPeptide523,LLDKIINAIPYL
AAPeptide524,LLDKIINAIPYLGNSYSLLD
AAPeptide525,LMGSAEITGLGA
AAPeptide526,LMQYIKANSKFI
AAPeptide527,LMQYIKANSKFIGITELKK
AAPeptide528,LMQYIKANSKFIGITELKKL
AAPeptide529,LNIVKQGYEGNF
AAPeptide530,LNLDINNDIISD
AAPeptide531,LNPKEIEKLYTS
AAPeptide532,LPDKFNAYLANK
AAPeptide533,LPDKFNAYLANKWV
AAPeptide534,LPNDRTTPVTKG
AAPeptide535,LPVIAALSIAESSTQKEKII
AAPeptide536,LQRITMTNSVDD
AAPeptide537,LQRITMTNSVDDALINSTKI
AAPeptide538,LQWVRDIIDDFT
AAPeptide539,LRDFWGNPLRYDTEYYLIPV
AAPeptide540,LRDLKTYSVQLKLYDDK
AAPeptide541,LRTDSDKDRFLQ
AAPeptide542,LRVGYNAPGIPLYKKME
AAPeptide543,LRVGYNAPGIPLYKKMEAVKLRD
AAPeptide544,LRVPKVSASHLE
AAPeptide545,LRYDTEYYLIPV
AAPeptide546,LRYDTEYYLIPVASSSKDVQ
AAPeptide547,LSIGSGWSVSLKGNNLI
AAPeptide548,LSQVTSCNDPNI
AAPeptide549,LSSANLYINGVL
AAPeptide550,LSYFSMNHDPVK
AAPeptide551,LTDLGGELCIKI
AAPeptide552,LTFIAEKNSFSE
AAPeptide553,LVNNESSEVIVH
AAPeptide554,LVNNESSEVIVHKAMDI
AAPeptide555,LVPGINGKAIHLVNNESSEV
AAPeptide556,LYAQKSPTTLQR
AAPeptide557,LYGMQVSSHEIIPSKQEIYM
AAPeptide558,LYINGVLMGSAE
AAPeptide559,LYNSIMYGFTEI
AAPeptide560,LYVSYNNNEHIV
AAPeptide561,MAFCPEYVPTFD
AAPeptide562,MDIEYNDMFNNF
AAPeptide563,MEAVKLRDLKTYSVQLK
AAPeptide564,MFNNFTVSFWLR
AAPeptide565,MFNNFTVSFWLRVPKVSASH
AAPeptide566,MGSAEITGLGAI
AAPeptide567,MGSAEITGLGAIREDNNITL
AAPeptide568,MININIFMRESS
AAPeptide569,MKKHSLSIGSGWSVSLK
AAPeptide570,MNHDPVKIPNLL
AAPeptide571,MQHTYPISAEEL
AAPeptide572,MQMAFCPEYVPT
AAPeptide573,MQYIKANSKFIG
AAPeptide574,MRESSRSFLVNQ
AAPeptide575,MTNSVDDALINS
AAPeptide576,MTNSVDDALINSTKIYSYFP
AAPeptide577,MYGFTEIELGKK
AAPeptide578,NAFNNLDRILRV
AAPeptide579,NAIPYLGNSYSL
AAPeptide580,NAPGIPLYKKMEAVKLR
AAPeptide581,NAPSYTNGKLNIYYRRLYNGLKF
AAPeptide582,NASLGLVGTHNGQIGNDPNRDI
AAPeptide583,NAYLANKWVFIT
AAPeptide584,NDIISDISGFNS
AAPeptide585,NDMFNNFTVSFW
AAPeptide586,NDMFNNFTVSFWLRVPKVSA
AAPeptide587,NDPNIDIDSYKQ
AAPeptide588,NDPNRDILIASN
AAPeptide589,NDRLSSANLYIN
AAPeptide590,NDRLSSANLYINGVLMGSAE
AAPeptide591,NDRTTPVTKGIP
AAPeptide592,NDTIIMMEPPYC
AAPeptide593,NEDKFQILYNSI
AAPeptide594,NEDLTFIAEKNS
AAPeptide595,NEEDIDVILKKS
AAPeptide596,NEEDIDVILKKSTILNLDIN
AAPeptide597,NEHIVGYPKDGN
AAPeptide598,NEHIVGYPKDGNAFNNL
AAPeptide599,NESSEVIVHKAM
AAPeptide600,NFLEKRYEKWIE
AAPeptide601,NFRYSDPVNNDT
AAPeptide602,NFTVSFWLRVPK
AAPeptide603,NFTVSFWLRVPKVSASHLE
AAPeptide604,NGKAIHLVNNES
AAPeptide605,NGKAIHLVNNESSEVIVHKAMDI
AAPeptide606,NGKLNIYYRRLYNGLK
AAPeptide607,NGLKFIIKRYTPNNEIDSFVKSG
AAPeptide608,NGQIGNDPNRDIL
AAPeptide609,NGQYIVNEDKFQ
AAPeptide610,NGVLMGSAEITG
AAPeptide611,NHLKDKILGCDW
AAPeptide612,NIDDNTIYQYLYAQKSPTTL
AAPeptide613,NIDIDSYKQIYQ
AAPeptide614,NIFMRESSRSFL
AAPeptide615,NIKTRLSYFSMN
AAPeptide616,NILMQYIKANSKFIGITELK
AAPeptide617,NINIFMRESSRS
AAPeptide618,NITLKLDRCNNN
AAPeptide619,NITSLTIGKSKYFQDPALLL
AAPeptide620,NIVKQGYEGNFI
AAPeptide621,NKAMININIFMR
AAPeptide622,NKLEEKANKAMI
AAPeptide623,NKLSQVTSCNDP
AAPeptide624,NKNEVRGIVLRVDNKNYFPC
AAPeptide625,NKNYFPCRDGFG
AAPeptide626,NKWVFITITNDR
AAPeptide627,NLDCWVDNEEDI
AAPeptide628,NLDINNDIISDI
AAPeptide629,NLDINNDIISDISGFNSSVI
AAPeptide630,NLDRILRVGYNAPGIPL
AAPeptide631,NLIWTLKDSAGE
AAPeptide632,NLKNKLEEKANK
AAPeptide633,NLYINGVLMGSA
AAPeptide634,NLYINGVLMGSAEITGL
AAPeptide635,NLYINGVLMGSAEITGLGAIRED
AAPeptide636,NNDIISDISGFN
AAPeptide637,NNDTIIMMEPPY
AAPeptide638,NNEHIVGYPKDG
AAPeptide639,NNESSEVIVHKA
AAPeptide640,NNFRYSDPVNND
AAPeptide641,NNFTVSFWLRVP
AAPeptide642,NNFTVSFWLRVPKVSASHLE
AAPeptide643,NNFTVSFWLRVPKVSASHLEQ
AAPeptide644,NNITLKLDRCNN
AAPeptide645,NNITLKLDRCNNNNQYVSID
AAPeptide646,NNLIWTLKDSAG
AAPeptide647,NNLKNKLEEKAN
AAPeptide648,NNNEHIVGYPKD
AAPeptide649,NNNEHIVGYPKDGNAFNNLD
AAPeptide650,NNNNQYVSIDKF
AAPeptide651,NNNQYVSIDKFR
AAPeptide652,NNQYVSIDKFRI
AAPeptide653,NNQYVSIDKFRIFCKAL
AAPeptide654,NNVAGEALLDKI
AAPeptide655,NPLRYDTEYYLI
AAPeptide656,NPLRYDTEYYLIPVASS
AAPeptide657,NPPSSLIEGASE
AAPeptide658,NQGAQGILFLQW
AAPeptide659,NQYVSIDKFRIF
AAPeptide660,NQYVSIDKFRIFCKALNPKEIEK
AAPeptide661,NRDILIASNWYF
AAPeptide662,NRDILIASNWYFNHLKD
AAPeptide663,NSFSEEPFQDEI
AAPeptide664,NSIMYGFTEIEL
AAPeptide665,NSKFIGITELKK
AAPeptide666,NSSVITYPDAQLVPGINGKA
AAPeptide667,NSTKIYSYFPSV
AAPeptide668,NSTKIYSYFPSVISKVNQGA
AAPeptide669,NSVDDALINSTK
AAPeptide670,NTIYQYLYAQKSPTTLQRIT
AAPeptide671,NTKNKPLNFNYS
AAPeptide672,NVAGEALLDKII
AAPeptide673,NWYFNHLKDKIL
AAPeptide674,NYFPCRDGFGSI
AAPeptide675,NYFPCRDGFGSIMQMAFCPE
AAPeptide676,NYLRTDSDKDRF
AAPeptide677,NYSLDKIIVDYNLQSKITLP
AAPeptide678,PALLLMHELIHVLHGLYGMQ
AAPeptide679,PALNIVKQGYEG
AAPeptide680,PALNIVKQGYEGNFIGALET
AAPeptide681,PCRDGFGSIMQM
AAPeptide682,PDAQLVPGINGKAIHLV
AAPeptide683,PDKEQIADEINN
AAPeptide684,PDKFNAYLANKW
AAPeptide685,PDKFNAYLANKWVFITI
AAPeptide686,PEDFNPPSSLIE
AAPeptide687,PEITLPVIAALSIAESSTQK
AAPeptide688,PERYEFGTKPED
AAPeptide689,PERYEFGTKPEDFNPPSSLI
AAPeptide690,PFQDEIVSYNTK
AAPeptide691,PFSYSKNLDCWV
AAPeptide692,PGINGKAIHLVNNESSE
AAPeptide693,PIPFSYSKNLDC
AAPeptide694,PIPFSYSKNLDCWVDNEEDI
AAPeptide695,PISAEELFTFGG
AAPeptide696,PITINNFRYSD
AAPeptide697,PITINNFRYSDP
AAPeptide698,PITINNFRYSDPVNNDTIIM
AAPeptide699,PKDGNAFNNLDR
AAPeptide700,PKEIEKLYTSYLSITFLRDF
AAPeptide701,PLRYDTEYYLIP
AAPeptide702,PLYKKMEAVKLR
AAPeptide703,PLYKKMEAVKLRDLKTY
AAPeptide704,PNDRTTPVTKGI
AAPeptide705,PNIDIDSYKQIY
AAPeptide706,PNRDILIASNWY
AAPeptide707,PNRDILIASNWYFNHLKDKILGC
AAPeptide708,PNYLRTDSDKDR
AAPeptide709,PPSSLIEGASEY
AAPeptide710,PSSLIEGASEYY
AAPeptide711,PSSLIEGASEYYDPNYLRTD
AAPeptide712,PSVISKVNQGAQ
AAPeptide713,PSYTNGKLNIYYRRLYN
AAPeptide714,PTTLQRITMTNS
AAPeptide715,PVASSSKDVQLK
AAPeptide716,PVNNDTIIMMEP
AAPeptide717,PVTKGIPYAPEY
AAPeptide718,PVTKGIPYAPEYKSNAASTTEIH
AAPeptide719,PWGNPLRYDTEYYLIPVASSSKD
AAPeptide720,PYAPEYKSNAAS
AAPeptide721,PYLGNSYSLLDK
AAPeptide722,QDANLISIDIKN
AAPeptide723,QDEIVSYNTKNK
AAPeptide724,QEIYMQHTYPIS
AAPeptide725,QEIYMQHTYPISAEELFTFG
AAPeptide726,QFDKDSNGQYIV
AAPeptide727,QGAQGILFLQWV
AAPeptide728,QGILFLQWVRDI
AAPeptide729,QGILFLQWVRDIIDDF
AAPeptide730,QGYEGNFIGALE
AAPeptide731,QHTYPISAEELF
AAPeptide732,QIADEINNLKNK
AAPeptide733,QILYNSIMYGFT
AAPeptide734,QITFRDLPDKFN
AAPeptide735,QIYQQKYQFDKD
AAPeptide736,QKSPTTLQRITM
AAPeptide737,QKSPTTLQRITMTNSVDDALINS
AAPeptide738,QKYQFDKDSNGQ
AAPeptide739,QMAFCPEYVPTF
AAPeptide740,QQKYQFDKDSNG
AAPeptide741,QRITMTNSVDDA
AAPeptide742,QSKITLPNDRTT
AAPeptide743,QSKNILMQYIKA
AAPeptide744,QTMVKLFNRIKN
AAPeptide745,QVTSCNDPNIDI
AAPeptide746,QWVRDIIDDFTN
AAPeptide747,QYIKANSKFI
AAPeptide748,QYIKANSKFIGI
AAPeptide749,QYIKANSKFIGITE
AAPeptide750,QYIKANSKFIGITEL
AAPeptide751,QYIKANSKFIGITELKK
AAPeptide752,QYIVNEDKFQIL
AAPeptide753,QYLYAQKSPTTL
AAPeptide754,QYVSIDKFRIFC
AAPeptide755,RCNNNNQYVSID
AAPeptide756,RDFWGNPLRYDTEYYLI
AAPeptide757,RDGFGSIMQMAF
AAPeptide758,RDIIDDFTNESS
AAPeptide759,RDILIASNWYFN
AAPeptide760,RDLPDKFNAYLA
AAPeptide761,REDNNITLKLDR
AAPeptide762,REDNNITLKLDRCNNNN
AAPeptide763,RESSRSFLVNQM
AAPeptide764,RESSRSFLVNQMINEAKKQL
AAPeptide765,RIFCKALNPKEI
AAPeptide766,RIFCKALNPKEIEKLYT
AAPeptide767,RITMTNSVDDAL
AAPeptide768,RIWIVPERYEFG
AAPeptide769,RLSSANLYINGV
AAPeptide770,RLSSANLYINGVLMGSA
AAPeptide771,RLSYFSMNHDPV
AAPeptide772,RQITFRDLPDKF
AAPeptide773,RTTPVTKGIPYA
AAPeptide774,RTTPVTKGIPYAPEYKSNAA
AAPeptide775,RVGYNAPGIPLYKKMEAVKL
AAPeptide776,RYDTEYYLIPVA
AAPeptide777,RYEFGTKPEDFN
AAPeptide778,RYEKWIEVYKLV
AAPeptide779,RYEKWIEVYKLVKAKWLGTVNTQ
AAPeptide780,RYSDPVNNDTII
AAPeptide781,SAEELFTFGGQD
AAPeptide782,SAEITGLGAIRE
AAPeptide783,SAEITGLGAIREDNNIT
AAPeptide784,SAGEVRQITFRD
AAPeptide785,SANLYINGVLMG
AAPeptide786,SASHLEQYGTNEYSIISSMK
AAPeptide787,SCNDPNIDIDSY
AAPeptide788,SDPVNNDTIIMM
AAPeptide789,SEEPFQDEIVSY
AAPeptide790,SEVIVHKAMDIE
AAPeptide791,SEYYDPNYLRTD
AAPeptide792,SFSEEPFQDEIV
AAPeptide793,SFSEEPFQDEIVSYNTKNKP
AAPeptide794,SFVKSGDFIKLYVSYNNNEH
AAPeptide795,SFWLRVPKVSA
AAPeptide796,SFWLRVPKVSAS
AAPeptide797,SFWLRVPKVSASHLE
AAPeptide798,SGFNSSVITYPDAQLVP
AAPeptide799,SGPDKEQIADEI
AAPeptide800,SGPDKEQIADEIN
AAPeptide801,SIDKFRIFCKAL
AAPeptide802,SIDKFRIFCKALNPKEI
AAPeptide803,SIGSGWSVSLKGNNLIWTLK
AAPeptide804,SIISSMKKHSLSIGSGW
AAPeptide805,SIMQMAFCPEYV
AAPeptide806,SIMYGFTEIELG
AAPeptide807,SITFLRDFWGNPLRYDT
AAPeptide808,SKFIGITELKK
AAPeptide809,SKFIGITELKKL
AAPeptide810,SKITLPNDRTTP
AAPeptide811,SKNILMQYIKAN
AAPeptide812,SKNLDCWVDNEE
AAPeptide813,SKVNQGAQGILF
AAPeptide814,SLIEGASEYYDP
AAPeptide815,SLTDLGGELC
AAPeptide816,SLTDLGGELCIKIKN
AAPeptide817,SLTLGGELCIKIKNEDLTFIAEK
AAPeptide818,SMNHDPVKIPNL
AAPeptide819,SMNHDPVKIPNLLDDTIYND
AAPeptide820,SNGQYIVNEDKF
AAPeptide821,SNWYFNHLKDKI
AAPeptide822,SPTTLQRITMTN
AAPeptide823,SQVTSCNDPNID
AAPeptide824,SRSFLVNQMINEAKKQLLEFDTQ
AAPeptide825,SSANLYINGVLM
AAPeptide826,SSANLYINGVLMGSAEITGL
AAPeptide827,SSEVIVHKAMDI
AAPeptide828,SSEVIVHKAMDIEYNDM
AAPeptide829,SSKDVQLKNITD
AAPeptide830,SSLIEGASEYYD
AAPeptide831,SSMKKHSLSIGSGWSVSLKG
AAPeptide832,SSSKDVQLKNIT
AAPeptide833,SSSKDVQLKNITDYMYL
AAPeptide834,SSSKDVQLKNITDYMYLTNAPSY
AAPeptide835,SSTQKEKIIKTIDNFLEKRY
AAPeptide836,SSTQKEKIIKTIDNFLEKRYEKW
AAPeptide837,STILNLDINNDI
AAPeptide838,STIVPYIGPALN
AAPeptide839,STKIYSYFPSVI
AAPeptide840,STKIYSYFPSVISKVNQGAQG
AAPeptide841,SVDDALINSTKI
AAPeptide842,SVDDALINSTKIYSYFPSVISKVNQGAQGIL
AAPeptide843,SVISKVNQGAQG
AAPeptide844,SVITYPDAQLVPGINGK
AAPeptide845,SYFPSVISKVNQ
AAPeptide846,SYFSMNHDPVKI
AAPeptide847,SYKQIYQQKYQF
AAPeptide848,SYNNNEHIVGYP
AAPeptide849,SYNTKNKPLNFN
AAPeptide850,SYNTKNKPLNFNYSLDKIPVTKG
AAPeptide851,SYQMYRSLEYQVDAIKKIID
AAPeptide852,SYSKNLDCWVDN
AAPeptide853,TDLGGELCIKIK
AAPeptide854,TDYMYLTNAPSYTNGKLNIY
AAPeptide855,TEIELGKKFNIK
AAPeptide856,TELKKLESKINKVFSTPIPF
AAPeptide857,TEYYLIPVASSS
AAPeptide858,TFGGQDANLISI
AAPeptide859,TFIAEKNSFSEE
AAPeptide860,TFRDLPDKFNAY
AAPeptide861,TFRDLPDKFNAYLANKW
AAPeptide862,TGLGAIREDNNI
AAPeptide863,THNGQIGNDPNRDILIA
AAPeptide864,TIDNFLEKRYEK
AAPeptide865,TIIMMEPPYCKG
AAPeptide866,TILNLDINNDII
AAPeptide867,TILNLDINNDIISDISG
AAPeptide868,TINNFRYSDPVN
AAPeptide869,TITNDRLSSANL
AAPeptide870,TITNDRLSSANLYINGV
AAPeptide871,TIVPYIGPALNI
AAPeptide872,TIYNDTEGFNIESKDLKSEY
AAPeptide873,TIYQYLYAQKSP
AAPeptide874,TKGIPYAPEYKS
AAPeptide875,TKIYSYFPSVIS
AAPeptide876,TKIYSYFPSVISKV
AAPeptide877,TKNKPLNFNYSL
AAPeptide878,TKNKPLNFNYSLDKIIVDYN
AAPeptide879,TKPEDFNPPSSL
AAPeptide880,TLKDSAGEVRQI
AAPeptide881,TLKLDRCNNNNQ
AAPeptide882,TLPNDRTTPVTK
AAPeptide883,TLQRITMTNSVD
AAPeptide884,TMTNSVDDALIN
AAPeptide885,TNDRLSSANLYI
AAPeptide886,TNGKLNIYYRRLYNGLKFII
AAPeptide887,TNSVDDALINST
AAPeptide888,TPIPFSYSKNLD
AAPeptide889,TPVTKGIPYAPE
AAPeptide890,TQSKNILMQYIK
AAPeptide891,TQVDAIKKIIDYEYKIYSGPDKE
AAPeptide892,TRLSYFSMNHDP
AAPeptide893,TSCNDPNIDIDS
AAPeptide894,TTEIHNIDDNTIYQYLYAQKSPT
AAPeptide895,TTLQRITMTNSV
AAPeptide896,TTPVTKGIPYAP
AAPeptide897,TVNTQFQKRSYQMYRSLETQVDA
AAPeptide898,TVSFWLRVPKVS
AAPeptide899,TVSFWLRVPKVSA
AAPeptide900,TVSFWLRVPKVSASHLE
AAPeptide901,TYPISAEELFTF
AAPeptide902,TYSVQLKLYDDKNASLG
AAPeptide903,TYSVQLKLYDDKNASLGLVG
AAPeptide904,VAGEALLDKIIN
AAPeptide905,VASSSKDVQLKN
AAPeptide906,VDDALINSTKIY
AAPeptide907,VDDALINSTKIYSYFPSV
AAPeptide908,VDNEEDIDVILK
AAPeptide909,VDYNLQSKITLPNDRTTPVT
AAPeptide910,VFITITNDRLSS
AAPeptide911,VGYPKDGNAFNN
AAPeptide912,VHKAMDIEYNDM
AAPeptide913,VHKAMDIEYNDMFNNFT
AAPeptide914,VILKKSTILNLD
AAPeptide915,VISKVNQGAQGI
AAPeptide916,VITYPDAQLVPGINGKAIHL
AAPeptide917,VIVHKAMDIEYN
AAPeptide918,VIVHKAMDIEYNDMFNNFTV
AAPeptide919,VKAKWLGTVNTQFQKRSYQM
AAPeptide920,VKLFNRIKNNVAGEALLDKI
AAPeptide921,VKLRDLKTYSVQLKLYDDKNASL
AAPeptide922,VKQGYEGNFIGA
AAPeptide923,VKSGDFIKLYVSYNNNE
AAPeptide924,VLMGSAEITGLG
AAPeptide925,VNEDKFQILYNS
AAPeptide926,VNNDTIIMMEPP
AAPeptide927,VNNESSEVI
AAPeptide928,VNNESSEVIVHK
AAPeptide929,VNQGAQGILFLQ
AAPeptide930,VNQGAQGILFLQWVRDIIDD
AAPeptide931,VNQGAQGILFLQWVRDIIDDFTN
AAPeptide932,VNTQFQKRSYQMYRSLEYQV
AAPeptide933,VPERYEFGTKPE
AAPeptide934,VPGINGKAIHLVNNESS
AAPeptide935,VPYIGPALNIVK
AAPeptide936,VQLKNITDYMYLTNAPS
AAPeptide937,VRDIIDDFTNES
AAPeptide938,VRDIIDDFTNESSQK
AAPeptide939,VRDIIDDFTNESSQKT
AAPeptide940,VRQITFRDLPDK
AAPeptide941,VSFWLRVPKVSA
AAPeptide942,VSIDKFRIFCKA
AAPeptide943,VSIDKFRIFCKALNPK
AAPeptide944,VSLKGNNLIWTLKDSAGEVR
AAPeptide945,VSTIVPYIGPAL
AAPeptide946,VSTIVPYIGPALNI
AAPeptide947,VSTIVPYIGPALNIVKQGYEGNF
AAPeptide948,VSYNNNEHIVGY
AAPeptide949,VSYNNNEHIVGYPKDGN
AAPeptide950,VSYNTKNKPLNF
AAPeptide951,VTKGIPYAPEYK
AAPeptide952,VTSCNDPNIDID
AAPeptide953,VYKLVKAKWLGT
AAPeptide954,WGNPLRYDTEYY
AAPeptide955,WIEVYKLVKAKW
AAPeptide956,WIVPERYEFGTK
AAPeptide957,WLRVPKVSASHL
AAPeptide958,WLRVPKVSASHLE
AAPeptide959,WLRVPKVSASHLEQYGT
AAPeptide960,WLRVPKVSASHLEQYGTNEYSIE
AAPeptide961,WSVSLKGNNLIWTLKDSAGEVRQ
AAPeptide962,WTLKDSAGEVRQ
AAPeptide963,WVDNEEDIDVIL
AAPeptide964,WVDNEEDIDVILKKSTI
AAPeptide965,WVFITITNDRLS
AAPeptide966,WVRDIIDDFTNE
AAPeptide967,WYFNHLKDKILG
AAPeptide968,YAPEYKSNAAST
AAPeptide969,YAQKSPTTLQRI
AAPeptide970,YDPNYLRTDSDK
AAPeptide971,YDTEYYLIPVAS
AAPeptide972,YDTEYYLIPVASSSKD
AAPeptide973,YEFGTKPEDFNP
AAPeptide974,YEGNFIGALETT
AAPeptide975,YEGNFIGALETTGVVLLLGYIPE
AAPeptide976,YEKWIEVYKLVK
AAPeptide977,YFNHLKDKILGC
AAPeptide978,YFNHLKDKILGCDWYFV
AAPeptide979,YFPCRDGFGSIM
AAPeptide980,YFPSVISKVNQG
AAPeptide981,YFSMNHDPVKIP
AAPeptide982,YGFTEIELGKKF
AAPeptide983,YIGPALNIVKQG
AAPeptide984,YIKANSKFI
AAPeptide985,YIKANSKFIGIT
AAPeptide986,YIKANSKFIGITE
AAPeptide987,YINGVLMGSAEI
AAPeptide988,YIVNEDKFQILY
AAPeptide989,YKAIANKLSQVT
AAPeptide990,YKIYSGPDKEQI
AAPeptide991,YKQIYQQKYQFD
AAPeptide992,YKSNAASTIEIHNIDD
AAPeptide993,YLANKWVFITIT
AAPeptide994,YLGNSYSLLDKF
AAPeptide995,YLIPVASSSKDV
AAPeptide996,YLRTDSDKDRFL
AAPeptide997,YLRTDSDKDRFLQTMVKLFN
AAPeptide998,YLTNAPSYTNGKLNIYY
AAPeptide999,YLYAQKSPTTLQ
AAPeptide1000,YMQHTYPISAEE
AAPeptide1001,YNDMFNNFTVSF
AAPeptide1002,YNGLKFIIKRYTPNNEI
AAPeptide1003,YNGLKFIIKRYTPNNEIDSF
AAPeptide1004,YNGQIGNDPNRDIL
AAPeptide1005,YNNNEHIVGYPK
AAPeptide1006,YNSIMYGFTEIE
AAPeptide1007,YNTKNKPLNFNY
AAPeptide1008,YPISAEELFTFG
AAPeptide1009,YPKDGNAFNNLD
AAPeptide1010,YQFDKDSNGQYI
AAPeptide1011,YQQKYQFDKDSN
AAPeptide1012,YQYLYAQKSPTT
AAPeptide1013,YSDPVNNDTIIM
AAPeptide1014,YSGPDKEQIADE
AAPeptide1015,YSIISSMKKHSLSI
AAPeptide1016,YSKNLDCWVDNE
AAPeptide1017,YSLLDKFDTNSNSVSFNLLE
AAPeptide1018,YSYFPSV
AAPeptide1019,YSYFPSVI
AAPeptide1020,YSYFPSVISKVN
AAPeptide1021,YTPNNEIDSFVKSGDFI
AAPeptide1022,YTSYLSITFLRDFWGNP
AAPeptide1023,YVSIDKFRIFCK
AAPeptide1024,YVSIDKFRIFCKALNPKEIE
AAPeptide1025,YVSYNNNEHIVG
AAPeptide1026,YYDPNYLRTDSD
AAPeptide1027,YYLIPVASSSKD
AAPeptide1028,YYLIPVASSSKDV
AAPeptide1029,YYLIPVASSSKDVQLKNITD
AAPeptide1030,YYRRLYNGLKFIIKRYT
AAPeptide1031,VDDALIDSTKIYSYFPSV
AAPeptide1032,FNNFTVSFWLRVPKVSAS
AAPeptide1033,EYQVDAIKKIIDYEYKIYSG
AAPeptide1034,GLVGTHNGQIGNDPNRDILI
AAPeptide1035,GYPKDGNAFNNLDRILRVGY
AAPeptide1036,QDEIVSYNTKNKPLNFNYSL
AAPeptide1037,GLYGMQVSSHEIIPSKQEIY
AAPeptide1038,GVLMGSAEITGLGAIREDNN
AAPeptide1039,KVNQGAQGILFLQWVRDIID
AAPeptide1040,NLISIDIKNDLYEKTLNDYK
AAPeptide1041,SHEIIPSKQEIYMQHTYPIS
AAPeptide1042,FLQTMVKLFNRIKNNVAG
AAPeptide1043,QYIVNEDKFQILYNSIMYGF
AAPeptide1044,DYMYLTNAPSYTN
AAPeptide1045,LNIYYRRLYNGLKFIIKRYT
AAPeptide1046,PYCKGLDIYYKAFKITDRIW
AAPeptide1047,SYKQIYQQKYQFDKDSNGQY
AAPeptide1048,IREDNNITLKLDRCNN
AAPeptide1049,LKFIIKRYTPNNEIDS
AAPeptide1050,VSIDKFRIFCKANPK
AAPeptide1051,ELIHVLHGL
AAPeptide1052,AIKKIIDYEYKIYSG
AAPeptide1053,ALLDKIINAIPYLGN
AAPeptide1054,ANKAMININIFMRES
AAPeptide1055,APGIPLYKKMEAVKL
AAPeptide1056,ASNWYFNHLKDKILG
AAPeptide1057,CRDGFGSIMQMAFCP
AAPeptide1058,DDNTIYQYLYAQKSP
AAPeptide1059,DEIVSYNTKNKPLNF
AAPeptide1060,DFWGNPLRYDTEYYL
AAPeptide1061,DIDVILKKSTILNLD
AAPeptide1062,DIYYKAFKITDRIWI
AAPeptide1063,DPNYLRTDSDKDRFL
AAPeptide1064,DSDKDRFLQTMVKLF
AAPeptide1065,DTQSKNILMQYIKAN
AAPeptide1066,EAVKLRDLKTYSVQL
AAPeptide1067,ENITSLTIGKSKYFQ
AAPeptide1068,EYKSNAASTIEIHNI
AAPeptide1069,EYQVDAIKKIIDYEY
AAPeptide1070,FDNVIENITSLTIGK
AAPeptide1071,FMRESSRSFLVNQMI
AAPeptide1072,FNNFTVSFWLRVPKV
AAPeptide1073,GFNSSVITYPDAQLV
AAPeptide1074,GLYGMQVSSHEIIPS
AAPeptide1075,HLKDKILGCDWYFVPT
AAPeptide1076,IELGKKFNIKTRLSY
AAPeptide1077,IEVYKLVKAKWLGTV
AAPeptide1078,IEYNDMFNNFTVSFW
AAPeptide1079,IGLCKKIIPPTNIRE
AAPeptide1080,IHVLHGLYGMQVSSH
AAPeptide1081,IINAIPYLGNSYSLL
AAPeptide1082,IKLYVSYNNNEHIVG
AAPeptide1083,IKTIDNFLEKRYEKW
AAPeptide1084,ININIFMRESSRSFL
AAPeptide1085,INKVFSTPIPFSYSK
AAPeptide1086,ISDISGFNSSVITYP
AAPeptide1087,ITELKKLESKINKVF
AAPeptide1088,ITFLRDFWGNPLRYD
AAPeptide1089,ITNDRLSSANLYING
AAPeptide1090,IVNEDKFQILYNSIM
AAPeptide1091,KFNIKTRLSYFSMNH
AAPeptide1092,KFQILYNSIMYGFTE
AAPeptide1093,KLESKINKVFSTPIP
AAPeptide1094,KNEDLTFIAEKNSFS
AAPeptide1095,LDRILRVGYNAPGIP
AAPeptide1096,LFLQWVRDIIDDFTN
AAPeptide1097,LKKSTILNLDINNDI
AAPeptide1098,LNDYKAIANKLSQVT
AAPeptide1099,LRVPKVSASHLEQYG
AAPeptide1100,LVKAKWLGTVNTQFQ
AAPeptide1101,LYINGVLMGSAEITG
AAPeptide1102,LYKKMEAVKLRDLKT
AAPeptide1103,MAFCPEYVPTFDNVI
AAPeptide1104,MFNNFTVSFWLRVPK
AAPeptide1105,NAFNNLDRILRVGYN
AAPeptide1106,NDTIIMMEPPYCKGL
AAPeptide1107,NIDIDSYKQIYQQKY
AAPeptide1108,NILMQYIKANSKFIG
AAPeptide1109,NTQFQKRSYQMYRSL
AAPeptide1110,NYSLDKIIVDYNLQS
AAPeptide1111,PYLGNSYSLLDKFDT
AAPeptide1112,QKEKIIKTIDNFLEK
AAPeptide1113,RDILIASNWYFNHLK
AAPeptide1114,RFLQTMVKLFNRIKN
AAPeptide1115,SAMLTNLIIFGPGPV
AAPeptide1116,SEVIVHKAMDIEYND
AAPeptide1117,SKFIGITELKKLESK
AAPeptide1118,SKYFQDPALLLMHEL
AAPeptide1119,SNGQYIVNEDKFQIL
AAPeptide1120,SVDDALINSTKIYSY
AAPeptide1121,TDSDKDRFLQTMVKL
AAPeptide1122,TDYMYLTNAPSYTNG
AAPeptide1123,TEYYLIPVASSSKDV
AAPeptide1124,TIVPYIGPALNIVKQ
AAPeptide1125,TLPVIAALSIAESST
AAPeptide1126,TNEYSIISSMKKHSL
AAPeptide1127,TRLSYFSMNHDPVKI
AAPeptide1128,TSYLSITFLRDFWGN
AAPeptide1129,TVSFWLRVPKVSASH
AAPeptide1130,VLLLEYIPEITLPVI
AAPeptide1131,VNQMINEAKKQLLEF
AAPeptide1132,VRGIVLRVDNKNYFP
AAPeptide1133,WLGTVNTQFQKRSYQ
AAPeptide1134,WVFITITNDRLSSAN
AAPeptide1135,YCKGLDIYYKAFKIT
AAPeptide1136,YIPEITLPVIAALSI
AAPeptide1137,YQYLYAQKSPTTLQR
AAPeptide1138,IHLVNNESSEVIVHK
AAPeptide1139,FIGITELKKLESKINKVF
