,0
0,TDYMYLTNAPSYTNGKLNIF
1,LVPVASSSKDVQLKNITDYM
2,GTNEYSIISSMKKHSLSLGS
3,KSNAASTLEIHNIDDNTIYQ
4,ETTGVVLLREYIPEITLPVI
5,GEVRQITFRDLPDKFNGYLANKW
6,EINRQFLDDPKYSSDEDLPS
7,EDKANKAMININIFMRESSRSFL
8,SIGSGWSVSLKGNNLIWTRK
9,LSAEELFTFGGQ
10,SVDDALINSTKIYSYFPSIISKVNQGAQGIL
11,DTIIMMEPPFCKGLDIYYKA
12,NTIYQYRYAQKSPTTLQRIT
13,MTNSVDDALINSTKLYSYFP
14,LRVGYNGPGIPLYKKMEAVKLRD
15,IEYNDMFNNFTVSFWLRLPKVSASHLEQYGT
16,KKIIDYEYKIYSGPDKEQIG
17,TDYMYLTNAPSFTNGKLNIY
18,DRCNNNNQYVSIDKFRV
19,FVKSGDFIKLYVSYNNNEHILGY
20,IFYKAFKITDRIWIVPERYE
21,DINNDIISDISGFNSTVITY
22,STSKDVQLKNITDYMYLTNAPSY
23,LKLVMMFEGRANES
24,KDSAGEVRQITFRDVPD
25,NQYVSIDRFRIFCKALNPKEIEK
26,TAFKERYMEF
27,NLDINNDIISDISGFNSTVI
28,DINNDIISDISGFNSSVISY
29,PALNIVKQGYEANFIGALET
30,KINKVFTTPIPFSYSKNLDC
31,AKKQRLEFDTQSKNILMQYI
32,SSMKKHSLSIGTGWSVSLKG
33,KQKLEEKANKAMININ
34,GEVRQITFRDRPDKFNAYLANKW
35,NNQEHIVGYPKDGNAFNNLD
36,SSGSGESFSYPDFLRMMLGKRSA
37,TAFKDKYMEF
38,SLTLAGELCIKIKNEDLTFIAEK
39,SRSFLVQQMINEAKKQLLEFDTQ
40,QKSPTTLQRITMTNSVDDALIQS
41,LFTFGGQDANLISIDIRNDL
42,RTTPVSKGIPYAPEYKSNAA
43,GEVRQITFRDLPDKFNAYVANKW
44,LEYIPEITLPLIAALSIAES
45,LANKWVFITITNDRLSSAQLYIN
46,LQRITMTNSVDDALINTTKI
47,FDKDSNGQYIVNEDKFQVLY
48,LRYDTEYYLIPVASSTKDVQ
49,DPNLDIDSYKQI
50,LANKWIFITITNDRLSSANLYIN
51,SSTQKEKIIKTIDNFLEKRYERW
52,RYEKWIEVFKLVKAKWLGTVNTQ
53,DPNIDVDSYKQI
54,GTNEYSIISSMKKHTLSIGS
55,RLIGEVSSGSGETF
56,TDLGGELCIKVK
57,IDIDSYKQIYQQKYQFEKDS
58,DGFKEKYMEFDLNGNGDIDIM
59,ASHLEQYGTNEFSIISSMKK
60,AQSKFIGITELKKLESKINK
61,RMMEKLGIPK
62,NGKAIHLVNNESTEVIVHKAMDI
63,SMNHDPVKVPNLLDDTIYND
64,FVKSGDFIKLYVSYNNNEHVVGY
65,EKIIKTIDNFLERRYEKWIE
66,NIDDNTIYQYLYAQKTPTTL
67,DRLTSANLYINGVLMGSAEI
68,LRDKIINAIPYLGNSYSLLD
69,DNKNYFPCKDGF
70,NNNEHVVGYPKDGNAFNNLD
71,KQLLEFDTQSKNILMQYIKANSRFIGI
72,DVSGFNSSVITYPDAQLVPG
73,SLTLGGELCIKIKNEDLTYIAEK
74,QRFYGHGAENS
75,SQSKDLQGGKGFGLLKAQ
76,PERYEFGTRPEDFNPPSSLI
77,KRLEEIQREFL
78,IANKRSQVTSCNDPNIDIDS
79,IYFKAFKITDRIWIVPERYE
80,KNRDCWVDNEEDIDVILKKSTIL
81,NYFPCREGFGSIMQMAFCPE
82,ELKRLESKINKVFSTPIPFS
83,GPDKEQIADEINNLRNKLEEKAN
84,LRYDTEYYLVPVASSSKDVQ
85,TIYNETEGFNIESKDLKSEY
86,FNLLEQDPSGATTKTAMLTN
87,EEKANKAMINVNIFMRESSRSFL
88,NRFQGGKAFGLVK
89,NNITLKRDRCNNNNQYVSID
90,KRSGILRMIL
91,GPEKEQIADEINNLKNKLEEKAN
92,GPDKEQIADDINNLKNKLEEKAN
93,GFNSSVVTYPDAQLVPGINGKAI
94,EKISDVSTIVPYIGPALNIV
95,GSHLEQYGTNEYSIISSMKK
96,REYIPEITLPVIAALSIAES
97,KNITDYMYLTNAPSYTNAKL
98,KKILDYEYKIYSGPDKEQIA
99,SVALSNRFQAGKAF
100,ELKKLESKINKLFSTPIPFS
101,LKSEYKGQNMRVNTNAFRQV
102,LPVIAALSIAESSTQKDKII
103,LRYDTEYYLLPVASSSKDVQ
104,KINKVFSTPIPFSYSKQLDC
105,KKIVDYEYKIYSGPDKEQIA
106,DTQSKNILMQYIKANSKFIGITELKKLESKV
107,EQDPSGATTKSAMLTNLIIFGPGPVVNKNEV
108,GTNEYSVISSMKKHSLSIGS
109,EVGKKFNIKTRLSYFSMNHD
110,GTNEYSIISTMKKHSLSIGS
111,NAPSYTNGKLNIYYRRLYNGVKF
112,IVDYNLQSKITLPNERTTPV
113,KRLAEINREF
114,ETTGVVLVLEYIPEITLPVI
115,SLTDVGGELC
116,RYEKWIEVYKLVKAKWLGTVQTQ
117,EEKANKAMININIFMRESSRSYL
118,EGFKEKYMEFDLNGNGDIDVM
119,GIREDNNITLKLDRCNNNNQYVS
120,LCIKIKNEDLTFIAEKNTFS
121,DDFTNESSQKSTIDKISDVSTIV
122,SKPGVIFLTKKSRQVCADPSEEWVQ
123,TITNDRLSSANLYINAV
124,DKLSSANLYINGVLMGSAEI
125,FTEIEVGKKFNI
126,LLWTLKDSAGEVRQITF
127,PREIEKLYTSYLSITFLRDF
128,NITSRTIGKSKYFQDPALLL
129,GGKAFGLLRAQQEER
130,SVDEALINSTKIYSYFPSVISKVNQGAQGIL
131,KAMDIEYNDMFNNFTVTFWLRVP
132,KSTIVNLDINNDIISDISGFNSS
133,NITSLTIGKSKYFNDPALLL
134,SMNHDPVKIPNLLDDSIYND
135,DLTFIAEKNTFSEEPFQDEI
136,ETTGVVLLLEYIPEITVPVI
137,KINKVFSTPLPFSYSKNLDC
138,SSGSGETFSYPDFLRMMVGKRSA
139,KMITEVTGGV
140,FVKSGDFVKLYVSYNNNEHIVGY
141,DTILMMEPPYCKGLDIYYKA
142,FNNLDRLLRVGYNAPGIPLY
143,NKNEVRGIVLRVENKNYFPC
144,ELKKLIGDV
145,EEKANKAMININIFMRDSSRSFL
146,KKIIDYEYKIYSGPDKEQVA
147,NTIYQYLYAQKSPTTLNRIT
148,LKLYDDKQASLGLVGTH
149,NISSLTIGKSKYFQDPALLL
150,DTQSKNILMNYIKANSKFIGITELKKLESKI
151,LVPGINGKGIHLVNNESSEV
152,RRLAEVNREF
153,KEIEKLYTSYLSITFRRDPWGNP
154,NLYINGVLMASAEITGLGAIRED
155,DINNDIISDISGFNSSVITF
156,GFNSSVITYPDAQLVPGINAKAI
157,LDSFVKSGDFIKLYVSYNNN
158,REFLCDQRY
159,ESSQRTTIDKISDVSTIVPY
160,ELGKKFNIKTRLSYYSMNHD
161,LCIKIKNEDLTFIAERNSFS
162,SSEVIVHKAMDLEYNDM
163,DIIDDFTQESSQKTTIDKIS
164,DISGFNSSVVTYPDAQLVPG
165,NEEDIDVILKRSTILNLDIN
166,DVTFIAEKNSFSEEPFQDEI
167,SFSEEPFQDEIVTYNTKNKP
168,FNAYLANKWVFLTITNDRLS
169,PERYDFGTKPEDFNPPSSLI
170,DIIDDFTNESSQKTTIDRIS
171,NAPSYSNGKLNIYYRRLYNGLKF
172,SFNTKNKPLNFNYSLDKIPVTKG
173,GYIPEITLPVIAGLSIAESSTQK
174,SVDDALINSTKIYSYYPSVISKVNQGAQGIL
175,LQRISMTNSVDDALINSTKI
176,SVDDALINSTKIYSYFPSLISKVNQGAQGIL
177,DINNDIISDISGFNSSIITY
178,PALLLMHELIHVLHGRYGMQ
179,DLTFIAEKNSFSEEPFQDEV
180,EINKNFLDDPKYSSDEDLPS
181,AFCPDYVPTFDNVIENITSL
182,GNAFNNLDKILRVGYNA
183,NAPSYTNGKLNIYYRRLFNGLKF
184,FVKSGDFIKVYVSYNNNEHIVGY
185,QGDIDIMSL
186,DEKANKAMININIFMRESSRSFL
187,VEKRYEKWIEVYKLVKAKWL
188,IYYKAFKITDRIWIVPEKYE
189,TDYMFLTNAPSYTNGKLNIY
190,FNAYLANKWVFITITNERLS
191,LIWTVKDSAGEVRQITF
192,QGLKFIIKRYTPNNEIDSFVKSG
193,SLTLGGELCIKIKNEDLTFIGEK
194,NQNEHIVGYPKDGNAFNNLD
195,KNITDYMYLTNAPSFTNGKL
196,FDKDSNGQYILNEDKFQILY
197,FVAEKNSFSEEPFQDEIVSYNTK
198,KAMDIEYNDMFNNFTVSFWRRVP
199,SQSKDLNGGKAFGLLKAQ
200,EALLDKIINAVP
201,SSMKKHSLSIGSGWSVSLKA
202,SVALTNRFQGGKAF
203,GNGFNNLDRILRVGYNA
204,LKLVMMYEGKANES
205,NEEDIDLILKKSTILNLDIN
206,IDSFVKSGDFIKLYVSYNQN
207,SYNTKNKPLNFNYSLDKIPVTRG
208,ELRKLIGEV
209,EARLDKIINAIP
210,EQDPSGATTKSAMLTNLIIFGPGPVLNKNDV
211,GALETTGVVLLLEYIPEITR
212,GPDKEQIADEINNLKQKLEEKAN
213,FTEIELGKRFNI
214,LCKRIIPPTNIRENLYNRTA
215,KSTILNLDINNDIVSDISGFNSS
216,DDFTNESSQKTTIDKISDVSTII
217,EINNDIISDISGFNSSVITY
218,FNAYLANKWIFITITNDRLS
219,VEYIPEITLPVIAALSIAES
220,DKISDVSTIVPFIGPALNIV
221,IISEISGFNSSVITYPD
222,SIGSGWSVSVKGNNLIWTLK
223,NNITLKLDRCNNNNQYVSLD
224,SSTQKEKIIKTIDNFLEKRFEKW
225,GLPLYKKMEAVKLRDLKTYS
226,DRCNNNNQYVTIDKFRI
227,ESSQKTTIDKISDVSTILPY
228,RLAEIQREFL
229,ETTGVVVLLEYIPEITLPVI
230,GNAFNNLERILRVGYNA
231,PTSLIEGASEYYDPNYLRTD
232,DINNDIISDLSGFNSSVITY
233,KQLLEFDTQSKNILMNYIKANSKFIGI
234,LLDKLINAIPYLGNSYSLLD
235,IKNDLYEKSLNDYKAIANKL
236,FNAYVANKWVFITITNDRLS
237,GLVGTHNGQIGNDPNKDILIASNWYFNHLKDKILGCDWYFVPTDEGWTND
238,GALETTAVVLLLEYIPEITL
239,NGKAIHLVNNESSEVIVHKAMDV
240,NGLKFIIKRYTPNNEVDSFVKSG
241,SSSKDVQLKNITDYMYLTNAPSF
242,EGFKEKYMEFDRNGNGDIDIM
243,QMAFCPEYVPTY
244,LFTFGGQDANLISIEIKNDL
245,GALETTGVVLLLEYIPEVTL
246,FVKTGDFIKLYVSYNNNEHIVGY
247,ILFLQWVRDIIDDFTNESTQ
248,IVDYNRQSKITLPNDRTTPV
249,NAPSYTNGKVNIYYRRLYNGLKF
250,NRFFGHGAENS
251,NKNEVRGIVLKVDNKNYFPC
252,KSTILNLDINNDIISDISGFNST
253,KVIGEVSSGSGETF
254,DKITDVSTIVPYIGPALNIV
255,IANKLSQVTSCNEPNIDIDS
256,SFSEEPFQDEIVSFNTKNKP
257,LANKWVFISITNDRLSSANLYIN
258,PIPFSYSKNLECWVDNEEDI
259,GDIDVMSLKRMLEKLGVPK
260,NQYVSIDKFRIFCKARNPKEIEK
261,LKSEYRGQNMRVNTNAFRNV
262,ILKKSTILNLDIQNDII
263,NGKAIHLVNNESSEVILHKAMDI
264,DEENLPDKL
265,DQKNYFPCRDGF
266,LRYDTEYYLIPVATSSKDVQ
267,VDDPKYSSDEDLPSKLEGF
268,NTIYQYLYAQKSPTTVQRIT
269,KMILMYEERAREKEKPT
270,ESSQKTTIDKISDVSTIIPY
271,SSTQKEKIIKTIENFLEKRYEKW
272,NGDIDIMSV
273,TDLGGELCIRIK
274,EKIIKTIDNFLEKRYEKWID
275,YNAYLANKWVFITITNDRLS
276,QNDTIIMMEPPY
277,NGLKFIIKRYTPNQEIDSFVKSG
278,NLYINGVLMGSAEISGLGAIRED
279,NITSLTIGRSKYFQDPALLL
280,NLDINNDIISDISGFNSSLI
281,ERIIKTIDNFLEKRYEKWIE
282,LEYVPEITLPVIAALSIAES
283,NYSLDKIIVDYNVQSKITLP
284,RQVPQNFIADYF
285,DNKNYYPCRDGF
286,NGLKFVIKRYTPNNEIDSFVKSG
287,LEYIPEITLPVIAALSIGES
288,DPNYLRTDSDKDRFLQTMVRLFNRIKN
289,KAMDIEFNDMFNNFTVSFWLRVP
290,YTEIELGKKFNI
291,IYYKAYKITDRIWIVPERYE
292,FQILYNSIMYAFTEIELGKK
293,SIGSGWSVSLKGNNRIWTLK
294,LCKKIIPPSNIRENLYNRTA
295,RMMEKRGVPK
296,AEELFTFGGQEA
297,DDFTNESSQKTTIDKISDVSTVV
298,KLIGEVSSGSGETY
299,DLTYIAEKNSFSEEPFQDEI
300,NLDINNDIISDITGFNSSVI
301,KINKVFSTPIPYSYSKNLDC
302,ASHLEQYGSNEYSIISSMKK
303,EALLDKIINGIP
304,CNDPNIDIDTYK
305,ELGKKFNIKTRLSFFSMNHD
306,QKSPTTLQRITMSNSVDDALINS
307,AKKQLLEFDTQSKNILMQYL
308,KNLTDYMYLTNAPSYTNGKL
309,IEYNDMFNNFTVSFWLRVPKVSASHLEQFGT
310,EGFKEKYMEFDLNGNGDIEIM
311,FVKSGDFIKLYVSYNNNDHIVGY
312,ANSKFIGITEVKKLESKINK
313,LCIKIKNEDLTYIAEKNSFS
314,IEYNDMFNNFTVSFWLKVPKVSASHLEQYGT
315,SVDDALINSTKIYSYFPSVISKVNQGANGIL
316,SLTDLAGELC
317,IISDISGFNSTVITYPD
318,SITYLRDFWGNPLRYDT
319,NNITLKLDRCNNNNQYVSIE
320,KAMDIEYNDMFNQFTVSFWLRVP
321,MGSAEITGLGAIREDNQITL
322,DPNIEIDSYKQI
323,LIPVASSSKDVQLKNISDYM
324,EEKAQKAMININIFMRESSRSFL
325,TDLGGELCVKIK
326,ELKKLESKINKVFSSPIPFS
327,SLTDRGGELC
328,GDIDIMSLKRMLEKVGVPK
329,GIPLYKKMEAVKVRDLKTYS
330,NAPSYTNGKLNIYYRRLYNGLKY
331,KNLDCWVDNEEDIDVILKRSTIL
332,SRSFLVNQMINEAKKQLLEYDTQ
333,LKLYDDKNASLGRVGTH
334,SVTLGGELCIKIKNEDLTFIAEK
335,GALDTTGVVLLLEYIPEITL
336,VPKTHREM
337,EKAREREKPTGPPA
338,IEYNDMYNNFTVSFWLRVPKVSASHLEQYGT
339,EGFKERYMEFDLNGNGDIDIM
340,EKLIKTIDNFLEKRYEKWIE
341,DINNDLISDISGFNSSVITY
342,GLVGTHNGQIGNDPNRDILIASNWYFNHLKDKILGCDWYFVPTDEGWTQD
343,SKPGVIFLTKRSRQVCADPSDEWVQ
344,DDENLPEKL
345,MGSAEITGRGAIREDNNITL
346,AFCPEYVPTFDNVIENITTL
347,RQLPQNFIADYF
348,YTSRQIPNNF
349,SSEVLVHKAMDIEYNDM
350,AKKQLLEFDTQSKNILMNYI
351,NGLKFIIKRYTPNNEIDSFIKSG
352,SYQMYRSLEYQVDAIKKLID
353,EIELGKKFNIRT
354,SSANRYINGVLMGSAEITGL
355,EVIHVLHGLYGMQVSS
356,KKIIDYEYKIYTGPDKEQIA
357,SSTQKEKIIKTVDNFLEKRYEKW
358,LRYDTEYYLIPVGSSSKDVQ
359,FNNLDRILKVGYNAPGIPLY
360,NEEDIDVILKKSTIRNLDIN
361,RESSKSFLVNQMINEAKKQL
362,ANSKFIGITDLKKLESKINK
363,GEVRQITFRDLPDKFQAYLANKW
364,LDEVNKQFLDDPKYS
365,KAKWLGTVNTNFQKRSYQMY
366,YTTRQIPQNF
367,IYYKGFKITDRIWIVPERYE
368,KINKVFSSPIPFSYSKNLDC
369,PALNIVKQGYDGNFIGALET
370,GALETTGLVLLLEYIPEITL
371,KINKVYSTPIPFSYSKNLDC
372,IKIKNEDLTFIGEKNSFSEE
373,MTNSVDDALINTTKIYSYFP
374,DPNYLRTDSDKDRFLQTMVKLFNRIRN
375,DDFTNESSQKTTIDRISDVSTIV
376,LQRITMTNSVDDALINSTRI
377,PALRLMHELIHVLHGLYGMQ
378,ERAREKEKPTGPPA
379,ELAKKFNIKTRLSYFSMNHD
380,FEGKAQESSPKPVGPPPERDIASLP
381,NGKAIHVVNNESSEVIVHKAMDI
382,LQRITMTNSIDDALINSTKI
383,DPVNNDTIVMME
384,PERYEFGTKPEDFNPPSSLV
385,PALLLMHELIHVLHGLYAMQ
386,FLRDFWGNPLRYDTEFYLIP
387,YNLLEQDPSGATTKSAMLTN
388,DDYTNESSQKTTIDKISDVSTIV
389,PVTKGIPFAPEYKSNAASTTEIH
390,KRSAILKMIL
391,LANKWVFITITNDRLSSANLYIQ
392,LIPVASSSKDVQVKNITDYM
393,ELKKLESKINKVFSTPVPFS
394,NAKAIHLVNNESSEVIVHKAMDI
395,NQYVSIDKFRIFCKALNPKEVEK
396,KMISEVTGGI
397,EEENLPEKL
398,LRVGYNAPGIPLFKKMEAVKLRD
399,LQRITMTNSVDDALINSTKV
400,KMIRMYEEKAREKEKPT
401,ERLDGIQKHF
402,LRVGYNAPGIPLYKKMDAVKLRD
403,ELGKKYNIKTRLSYFSMNHD
404,PALNIVKQGFEGNFIGALET
405,LFTFGGQDAQLISIDIKNDL
406,KEIEKLYSSYLSITFLRDPWGNP
407,TKEVQSSLKANQGLE
408,LCKKIIPPTQIRENLYNRTA
409,TIYQDTEGFNIESKDLKSEY
410,NLDINNDIISDISGFNSSVL
411,PVTKGIPYAPEYKSNAATTTEIH
412,IESFVKSGDFIKLYVSYNNN
413,FEGKANESSPKPVGPPPERDVASLP
414,GLVGTHNGQIGNDPNRDILIASNWYFNHLKDKLLGCDWYFVPTDEGWTND
415,LKSEYKGNNMRVNTNAFRNV
416,GFNSSVITYPDAQVVPGINGKAI
417,IEYNDMFNNFTVSFWLRVPKVSGSHLEQYGT
418,AIREDNQITLKLDRCNNNNQYVS
419,GFNSSVITYPDANLVPGINGKAI
420,KMISEITGGV
421,LQRITMTNSVDDALVNSTKI
422,PERYEFGSKPEDFNPPSSLI
423,DNKQYFPCRDGF
424,EALLDKIIQAIP
425,PSSLIEGASEYYDPNYLRSD
426,GFNSSVITYPDAQRVPGINGKAI
427,GFNSSVITYPDAQLVPGINGKGI
428,KNKLEEKAQKAMININ
429,IANKLSQVTSCNDPNIDLDS
430,FNLLEQDPSAATTKSAMLTN
431,TLTNDRLSSANLYINGV
432,LPNDRTTPVTRG
433,NYSVDKIIVDYNLQSKITLP
434,FIAEKNSFSEEPFQDEIVSFNTK
435,KTTILNLDINNDIISDISGFNSS
436,RYEKWIEVYKLLKAKWLGTVNTQ
437,GEVRQITFRDLPDKFNAYLAQKW
438,NQYVSIDKFRIFCKALQPKEIEK
439,SYNTKNKPLNFNYSLDKIPVSKG
440,PALNIIKQGYEGNFIGALET
441,FLRDFWGNPRRYDTEYYLIP
442,IDSFVKSGDFVKLYVSYNNN
443,MTNSVDDALINSTKIYTYFP
444,ITGLGAIREENNITLKLDRC
445,AIREDNNVTLKLDRCNNNNQYVS
446,FNQLDRILRVGYNAPGIPLY
447,ILKKSTLLNLDINNDII
448,FDKDSNGQFIVNEDKFQILY
449,LCIKVKNEDLTFIAEKNSFS
450,GDIDIMSLKRMLEKLAVPK
451,FNLLEQDPSGATTKSAMVTN
452,EQDPSGATTKSAMLTNLIIFGPGPVLNKQEV
453,ITGLGAIKEDNNITLKLDRC
454,KDSAGEVRQITFRDLPE
455,EQDPSGATTKSAMLTNLILFGPGPVLNKNEV
456,EIELGRKFNIKT
457,LCIKIKNDDLTFIAEKNSFS
458,SQSKDLQGGKAYGLLKAQ
459,NYFPCKDGFGSIMQMAFCPE
460,LRYDTDYYLIPVASSSKDVQ
461,SLTLGGELCIKIKQEDLTFIAEK
462,SSTNKEKIIKTIDNFLEKRYEKW
463,SYNTKNKPLNFNYSRDKIPVTKG
464,ETTGVVLLLEYIPEITLPLI
465,PITINNFRYSDPVNNDTVIM
466,EYSLESSMKKHSLSIGSGWSVSL
467,ITGLGAIRDDNNITLKLDRC
468,ELKKLESKIQKVFSTPIPFS
469,ANSKFIGITELKKLETKINK
470,LEKRYEKWIDVYKLVKAKWL
471,SSANLYINGVLMGSAEITAL
472,PVTKGIPYAPEYKSNAGSTTEIH
473,LPVIAALSIAESSTQKEKIL
474,FNNLDRILRVGFNAPGIPLY
475,FEGKANESSPKPVGPPPERDIGSLP
476,PALLLMHELIHVLHGLFGMQ
477,PVTKAIPYAPEYKSNAASTTEIH
478,KMIVMYEEKAREKEKPT
479,DANLISIDLKNDLYEKTL
480,PERYEFGTKPEDYNPPSSLI
481,SSGSGETFSYPEFLRMMLGKRSA
482,RVPGINGKAIHLVNNESSEV
483,NGKAIHLVNNESSEVIVHKAMDL
484,TKEIQSSLKAQQGLE
485,DTIIMMEPPYCKGLEIYYKA
486,TITNDRLSSANLYLNGV
487,NLDINNDIISEISGFNSSVI
488,QKSPTTLQRITMTNTVDDALINS
489,GNAFNNLDRILRIGYNA
490,NGLKFIIKRFTPNNEIDSFVKSG
491,FRPAGLPERY
492,NRFQGGKAFALLK
493,KSNAASTIELHNIDDNTIYQ
494,YVKSGDFIKLYVSYNNNEHIVGY
495,SVDDALINSTKIYSYFPSVISKVNQGAQGIR
496,FQLLYNSIMYGFTEIELGKK
497,SMNHDPVRIPNLLDDTIYND
498,LKTYSVQLKLYDDKNGSLGL
499,LKSEYKGQNMRVQTNAFRNV
500,SITFLRDFWGNPLKYDT
501,IKIKNEDLTFIAEKNSFSED
502,KNASLGLIGTHNGQIGNPPNRDI
503,EIELGKKFNIKS
504,DPNYLRTDSDKDRFLQSMVKLFNRIKN
505,QEIYMQHTYPISAEELFSFG
506,RIFCKALNPKEIEKLFT
507,SLTLGGEVCIKIKNEDLTFIAEK
508,NKNEVRGIVVRVDNKNYFPC
509,SVDDALINSTKIYSYFPSVISKVQQGAQGIL
510,IDIDSYRQIYQQKYQFDKDS
511,SSMKKHSLSIGSGWSISLKG
512,FNNLDRILRIGYNAPGIPLY
513,SSMKKHSLTIGSGWSVSLKG
514,SSGTGETFSYPDFLRMMLGKRSA
515,KDSAGEVRQLTFRDLPD
516,EINKQFLDDPKYSSDEDLPT
517,FRPAGVPEKY
518,DLIDDFTNESSQKTTIDKIS
519,NEEDIDVILKKSTLLNLDIN
520,DDFTNESSQRTTIDKISDVSTIV
521,LPVIAALSIADSSTQKEKII
522,ISAEELFTFGAQ
523,KQLLEFDTQSKNILMQYIKANSKFIGV
524,KRSALLKMI
525,AKKNLLEFDTQSKNILMQYI
526,DANLISIEIKNDLYEKTL
527,IVSDISGFNSSVITYPD
528,GPDKEQIADEINNLKNKLEEKGN
529,RDMWRAYSQMR
530,GFNSSLITYPDAQLVPGINGKAI
531,LKSEFKGQNMRVNTNAFRNV
532,DANRISIDIKNDLYEKTL
533,KAMDIEYNDMFNNFSVSFWLRVP
534,DRLSTANLYINGVLMGSAEI
535,SMNHDPVKIPNLLDDTVYND
536,FVKSGDFIKRYVSYNNNEHIVGY
537,SSTQKDKIIKTIDNFLEKRYEKW
538,ASHLEQYGTNEYSIISSMRK
539,SKPGVIFVTKRSRQVCADPSEEWVQ
540,RQIPQNFIGDYF
541,NNITRKLDRCNNNNQYVSID
542,KNLDCWLDNEEDIDVILKKSTIL
543,LPVIAGLSIAESSTQKEKII
544,RQIPQQFIADYF
545,SITFLRDFWGNPLRYET
546,ILKKSTVLNLDINNDII
547,FQIRYNSIMYGFTEIELGKK
548,LCIKIKNEDLTFIADKNSFS
549,NTIYNYLYAQKSPTTLQRIT
550,MTNSVDDAVINSTKIYSYFP
551,KQLLEFDTQSKNILMQYIRANSKFIGI
552,NGLRFIIKRYTPNNEIDSFVKSG
553,GALETTGVVLLLEYIPDITL
554,DKISDVSTIVPYIGPARNIV
555,GIPRYKKMEAVKLRDLKTYS
556,HIVGYPKDGNAFNNLDRLLRVGY
557,KAMDIEYNDMFNNFTVSYWLRVP
558,LPVIAALSVAESSTQKEKII
559,LYGMQISSHEIIPSKQEIYM
560,RRLAEINRDF
561,DKISDVSTIVPYIGPGLNIV
562,EVKKLESKINKVFSTPIPFS
563,MTNSVDEALINSTKIYSYFP
564,KQLLEFDTQSKNILMQYIKANSKFIGL
565,AFRNVDGSGLLSKLIG
566,SSANLYINGVLMGTAEITGL
567,RLDEINKQYL
568,PERYEFATKPEDFNPPSSLI
569,DFNPPSSLIEGG
570,RMMEKLGLPK
571,DKISDLSTIVPYIGPALNIV
572,FNAYLANKWLFITITNDRLS
573,RYEKWIEVYKVVKAKWLGTVNTQ
574,AIREDNNITRKLDRCNNNNQYVS
575,KNLDCWVENEEDIDVILKKSTIL
576,LCIKIRNEDLTFIAEKNSFS
577,AIREDNNITLKLDRCNNNNQYLS
578,CQDPNIDIDSYK
579,HIVGYPKDGNAFNNLDRILRVGF
580,LLFLQWVRDIIDDFTNESSQ
581,EINKQFLDDPKYSSDEDVPS
582,LFTFGGQDANLISIDVKNDL
583,SSSKDVQLKNITDYMYVTNAPSY
584,FEGKANESTPKPVGPPPERDIASLP
585,KGMDIEYNDMFNNFTVSFWLRVP
586,NNITLKVDRCNNNNQYVSID
587,DLTFIADKNSFSEEPFQDEI
588,PDKFNAYLANKWLFITI
589,TITFLRDFWGNPLRYDT
590,DANVISIDIKNDLYEKTL
591,FNNVDRILRVGYNAPGIPLY
592,NGLKFIIKRYTPNNEIDSFLKSG
593,MEAVKLRDLKSYSVQLK
594,FEGKANESSPKPVGPPPERDIASVP
595,GALETTGVVLLVEYIPEITL
596,NKNEVRGIVLRVDNRNYFPC
597,PALNIVKQGYEGNFIGALES
598,KNASLGLVGTHNGNIGNPPNRDI
599,PDKFQAYLANKWVFITI
600,GIPLYKKMEAVKLRDVKTYS
601,GYIPDITLPVIAALSIAESSTQK
602,MGSAEITGLGAIREDNNVTL
603,EKLGVPKTHLER
604,SSMKKHSLSIGSGWSLSLKG
605,KSTILNLDINNDIISDLSGFNSS
606,QEIYMQHTYPISGEELFTFG
607,LEYIPDITLPVIAALSIAES
608,RNIPQNFIADYF
609,GLVGTHNGQIGNDPNRDILIASNWYFNHLKDKILGCDWYFVPTDDGWTND
610,DTQSKNILMQYIKANSKFIGITELKKLDSKI
611,DISGFNSSVITYPDAQVVPG
612,RESSRTFLVNQMINEAKKQL
613,SRTFLVNQMINEAKKQLLEFDTQ
614,TIYNDTEGFNLESKDLKSEY
615,IWIVPERYEFAT
616,IYYKAFKITDRIWLVPERYE
617,LEKKYEKWIEVYKLVKAKWL
618,QYFPCRDGFGSIMQMAFCPE
619,LRVGFNAPGIPLYKKMEAVKLRD
620,RMILMYEEKAREKEKPT
621,NITSLTIGKSKYFQDPAVLL
622,EYSIESSMKKHSLSIGSGWSVTL
623,SIASGWSVSLKGNNLIWTLK
624,QKSPTTLQRITMTNSVDDALINT
625,EGFKEKYMEFDLQGNGDIDIM
626,ELGKKFNIKTRLSYFSMNHE
627,GPDKEQIADEINQLKNKLEEKAN
628,MGSAEITGLGAIREDNNITV
629,NGKAIHLVNNESSELIVHKAMDI
630,KQLLEFDSQSKNILMQYIKANSKFIGI
631,ELKKLESKINKVFSTPIPYS
632,EINKQFLDDPKFSSDEDLPS
633,CNDPNIEIDSYK
634,RRLAEIQREF
635,PVTINNFRYSDPVNNDTIIM
636,LVPGINGKAIHLVNNDSSEV
637,KINKVFSTPIPFSFSKNLDC
638,ELGKKFNIKTRLSYFSMQHD
639,LKLVMMFEGKANDS
640,DKISDISTIVPYIGPALNIV
641,PITINQFRYSDPVNNDTIIM
642,LVWTLKDSAGEVRQITF
643,LRMMLGKRTAILK
644,LKLYDDKNASLALVGTH
645,LANKWVFITITQDRLSSANLYIN
646,SSMKKHSLSIGSGWSVSRKG
647,LEYIPEITVPVIAALSIAES
648,NGLKFIIKRYSPNNEIDSFVKSG
649,IKNDLYEKTLNEYKAIANKL
650,LFTFGGQDANLVSIDIKNDL
651,IISDISGFNSSVLTYPD
652,HVVGYPKDGNAFNNLDRILRVGY
653,TSSKDVQLKNITDYMYLTNAPSY
654,LFTFGGQDANLISIDIKNDV
655,IEYNDMFNNFTVSFWLRVPKVSASHREQYGT
656,NLDINNEIISDISGFNSSVI
657,NGKAIHLVNNESSEVIVHKGMDI
658,LRVGYNAPGIPRYKKMEAVKLRD
659,IANKLSQVTSCNDPNLDIDS
660,DANLISIDIKQDLYEKTL
661,SSSKDVQLKNITDYMYLTNGPSY
662,KSNAATTIEIHNIDDNTIYQ
663,EKIIKSIDNFLEKRYEKWIE
664,NFFPCRDGFGSIMQMAFCPE
665,DKISDVSTIIPYIGPALNIV
666,EKAREKEKPTGPPG
667,GFNSSVITYPDAQLVPGINGKAL
668,DRRSSANLYINGVLMGSAEI
669,KNITDYMYLTNAPTYTNGKL
670,IVDYNVQSKITLPNDRTTPV
671,SMNHDPLKIPNLLDDTIYND
672,DLSFIAEKNSFSEEPFQDEI
673,NRFQGGKAFGRLK
674,QKSPTTLQRITMTNSVDDAVINS
675,ANSKFIGITELKKRESKINK
676,EYSIESTMKKHSLSIGSGWSVSL
677,NRDINNDIISDISGFNSSVI
678,LDDPKFSSDEDLPSKLEGF
679,PDKFNAYLANKWIFITI
680,LKTYSVQLKLYDEKNASLGL
681,DPNYLRTDSDKDRFLQTMVKLFNRLKN
682,PWGNPLRYETEYYLIPVASSSKD
683,AIPLYKKMEAVKLRDLKTYS
684,IKNDRYEKTLNDYKAIANKL
685,KAKWLATVNTQFQKRSYQMY
686,GQAFNNLDRILRVGYNA
687,NPPSSLIEGASD
688,GEVRQISFRDLPDKFNAYLANKW
689,LDDPKYSSDEDLPSKLDGF
690,EYSIESSMKKHSLSLGSGWSVSL
691,PITINNFRYSDPVNNDTIVM
692,NYFPCRDGFGSIMQMAFCPD
693,SVALSNRFQGGKGF
694,SSEVIVHKAMEIEYNDM
695,SIGSGWSVSLKGNNLIWTVK
696,LDELNKQFLDDPKYS
697,KNITDYMYLTNGPSYTNGKL
698,NIDDNTIYQYLYAQKSPTSL
699,LIPVASSTKDVQLKNITDYM
700,LPNDRTSPVTKG
701,PAVNIVKQGYEGNFIGALET
702,PSSLIEGASEYYDPNYVRTD
703,SSGSGETFSYPDYLRMMLGKRSA
704,NIDDQTIYQYLYAQKSPTTL
705,ANSKFIAITELKKLESKINK
706,ETTGVVLLLEYIPEITLPVL
707,RIFCKALNPKDIEKLYT
708,KSQAASTIEIHNIDDNTIYQ
709,NQYVSIDKFRIFCRALNPKEIEK
710,IMQMAFCPEYLP
711,LKSEYKGQNMRVNTNAFKNV
712,EQDPSGATTKSAMLTNLIIFGPGPLLNKNEV
713,KEIEKLYTSYLSITFLRDPWANP
714,PDKFNAYRANKWVFITI
715,RSTILNLDINNDIISDISGFNSS
716,FIAEKNSFSEEPFNDEIVSYNTK
717,NLTSLTIGKSKYFQDPALLL
718,LANKWVFITVTNDRLSSANLYIN
719,NQITLKLDRCNNNNQYVSID
720,LCIKIKNEDLTFLAEKNSFS
721,DVIDDFTNESSQKTTIDKIS
722,DIIEDFTNESSQKTTIDKIS
723,RTTPVTKGIPYGPEYKSNAA
724,LKTYSVQLKLFDDKNASLGL
725,ETIIMMEPPYCKGLDIYYKA
726,QRYFGHGAENS
727,DILDDFTNESSQKTTIDKIS
728,NYSLDKIIVEYNLQSKITLP
729,NNITLKLDRCNNNNQYLSID
730,KINKVFSTPIPFSYSKNLEC
731,ELKKVESKINKVFSTPIPFS
732,SVDDALINSTKIYSYFPSVISKINQGAQGIL
733,AFRNVDGSGLVSKVIG
734,LKSDYKGQNMRVNTNAFRNV
735,ETTGVVLLLEFIPEITLPVI
736,ELKKLIGEL
737,IDSFVKSADFIKLYVSYNNN
738,LANKWVFITITNDRLSSANVYIN
739,LPVIAARSIAESSTQKEKII
740,PKELEKLYTSYLSITFLRDF
741,KNKVEEKANKAMININ
742,GPDKEQLADEINNLKNKLEEKAN
743,ELKKLIGEI
744,DRCNNNNQYVSIDKYRI
745,SQSKDLQGGKAFALLKAQ
746,GFNSTVITYPDAQLVPGINGKAI
747,LFTFGGQDANLLSIDIKNDL
748,ADIDIMSLKRMLEKLGVPK
749,GLNPKEIEKLYTSYLSI
750,FEGKANESSPRPVGPPPERDIASLP
751,GGKAFGLLKAQNEER
752,SITFLREFWGNPLRYDT
753,NLDINNDIITDISGFNSSVI
754,LEYIPEITLPVIAALSIAET
755,ANSKFIGISELKKLESKINK
756,ASHVEQYGTNEYSIISSMKK
757,PKEIEKLYTSYLSISFLRDF
758,NNNEHIVGYPKDGQAFNNLD
759,ELLHVLHGLYGMQVSS
760,FVKSGDFIKLYLSYNNNEHIVGY
761,IYYKAFKITDRIWIIPERYE
762,DFNPPTSLIEGA
763,AGEALLEKIINA
764,ILKKSTILNLEINNDII
765,QMAFCPDYVPTF
766,GIPLYKKMEAVKLRELKTYS
767,DPNIDIDTYKQI
768,NAPSYTNGKLNIYYRRLYNGRKF
769,GIPLYKKMEAVKLRDLKTYT
770,KMILMYEEKAKEKEKPT
771,SLTELGGELC
772,GYIPEITLPVIAALSVAESSTQK
773,PKDIEKLYTSYLSITFLRDF
774,NKNEVRAIVLRVDNKNYFPC
775,RTTPVTKGIPYAPDYKSNAA
776,PKEIEKLYTTYLSITFLRDF
777,GLVGTHNGQIGNDPNRDILIASNWYFNHLKDKILGCEWYFVPTDEGWTND
778,FNLLEQDPSGASTKSAMLTN
779,ERRDGINKHF
780,LLKKSTILNLDINNDII
781,GDIDIMSLRRMLEKLGVPK
782,SSANLYINGILMGSAEITGL
783,DRCNNNNQYVSIDRFRI
784,KNASLGLVGTHNGQIGNPPNRDL
785,PITINNFKYSDPVNNDTIIM
786,SSANLYINGVLMGSAEISGL
787,IKNDLYEKTLNDYKALANKL
788,GLVGTHNGQIGNDPNRDILVASNWYFNHLKDKILGCDWYFVPTDEGWTND
789,NIDDNSIYQYLYAQKSPTTL
790,LQRITMSNSVDDALINSTKI
791,KAMDIEYNDMFNNFTVSFWLRLP
792,ILKKSTILNLDINNDLI
793,RAKWLGTVNTQFQKRSYQMY
794,NIDENTIYQYLYAQKSPTTL
795,SSMKKHSLSIGSGWTVSLKG
796,NGKAIHLVNNESSEVIVHRAMDI
797,DRCNNNNQYISIDKFRI
798,AFCPEYVPTFENVIENITSL
799,EEKANKAMININIFMRESSRSFV
800,LDDPKYSTDEDLPSKLEGF
801,NITSLTIGKSKYFQDPARLL
802,IKNDLYEKTLNDFKAIANKL
803,RLDEINKQFV
804,LVPGINGKAIHLVNNESTEV
805,RIFCKGLNPKEIEKLYT
806,LRVGYNAPGIPLYKKMEAVRLRD
807,LVDKIINAIPYLGNSYSLLD
808,SYNSKNKPLNFNYSLDKIPVTKG
809,RYGMQVSSHEIIPSKQEIYM
810,KNITDYMYRTNAPSYTNGKL
811,IWIVPERFEFGT
812,IRIKNEDLTFIAEKNSFSEE
813,ESSQKTTIDKLSDVSTIVPY
814,KNASVGLVGTHNGQIGNPPNRDI
815,NRFQAGKAFGLLK
816,ALREDNNITLKLDRCNNNNQYVS
817,FLRDFWGNPLKYDTEYYLIP
818,NNNEHIVGYPKDGNGFNNLD
819,KNLDCWVDNEEDIDVIVKKSTIL
820,KSTLLNLDINNDIISDISGFNSS
821,RLFCKALNPKEIEKLYT
822,GIPLYRKMEAVKLRDLKTYS
823,FSEIELGKKFNI
824,TAFKEKFMEF
825,KRLEEINKEFL
826,LYGMQVSSHEIIPSKQEVYM
827,NITSLTIGKSKYFQDPALRL
828,NNVTLKLDRCNNNNQYVSID
829,LIPVASSSKDVQLKNLTDYM
830,NDRTTPVTKGVP
831,KEIDKLYTSYLSITFLRDPWGNP
832,SIALSNRFQGGKAF
833,ILKKSTILNLDINQDII
834,AIREDNNITLKLDRCNNNQQYVS
835,IVDFNLQSKITLPNDRTTPV
836,LDDPKYSSDEDLPSKLEAF
837,PWGNPLRYDTEYYLIPVASSSRD
838,LRVGYNAPGVPLYKKMEAVKLRD
839,EKLGVPKTHLDL
840,FEGKANETSPKPVGPPPERDIASLP
841,MTNTVDDALINSTKIYSYFP
842,IDSFVRSGDFIKLYVSYNNN
843,SSTQKEKIVKTIDNFLEKRYEKW
844,IEYNDMFNNFTLSFWLRVPKVSASHLEQYGT
845,NNNEHIVGYPKDGNAFNNRD
846,MEAVKRRDLKTYSVQLK
847,LEKRYEKWIEVYKLVKAKWV
848,EFSIESSMKKHSLSIGSGWSVSL
849,EALLDRIINAIP
850,ANSKFIGITELRKLESKINK
851,CNDPNLDIDSYK
852,NAPSYTNGKLNIYYRRRYNGLKF
853,ILKKSTIVNLDINNDII
854,FNNLDRILRVGYNAPGVPLY
855,NKNEVKGIVLRVDNKNYFPC
856,LRYDTEYYLIPVASSSKEVQ
857,NKNEVRGIVLRLDNKNYFPC
858,EEKANKAMININVFMRESSRSFL
859,EQDPSGATTKSAMLTNLIIFGPGPVLNRNEV
860,LKSEYKGQNMRVNTNGFRNV
861,KMILMYEEKAREKDKPT
862,RQIPNNFIADYF
863,EERANKAMININIFMRESSRSFL
864,DTQSKNILMQYIKAQSKFIGITELKKLESKI
865,DDFTNESSQKTTVDKISDVSTIV
866,LFGMQVSSHEIIPSKQEIYM
867,GALETTGVVLLLEFIPEITL
868,ILFLQWVKDIIDDFTNESSQ
869,QKSPTTLQRISMTNSVDDALINS
870,RKLAEINREF
871,RYEKWIEVYKLVKGKWLGTVNTQ
872,LVPGINGKAIHLVNNETSEV
873,NEEDVDVILKKSTILNLDIN
874,NQFVSIDKFRIFCKALNPKEIEK
875,ELKKLESKINKVFTTPIPFS
876,ELTFIAEKNSFSEEPFQDEI
877,IDSFVKSGDFLKLYVSYNNN
878,MEAVKLRDLRTYSVQLK
879,ANSKFIGVTELKKLESKINK
880,SMNHEPVKIPNLLDDTIYND
881,GLVGTHNGQIGNDPNRDLLIASNWYFNHLKDKILGCDWYFVPTDEGWTND
882,ELKKLVGEV
883,PVTKGIPYAPEYKSNAASTTELH
884,SSSKDVQLKNITDYMYLSNAPSY
885,KLIGEVSSASGETF
886,IEYNDMFNNFTVSYWLRVPKVSASHLEQYGT
887,NNITVKLDRCNNNNQYVSID
888,LRVGYNAPGIPLYKKMEAIKLRD
889,NLDIQNDIISDISGFNSSVI
890,GGRAFGLLKAQQEER
891,GYIPEITRPVIAALSIAESSTQK
892,EKIIKTIDNFLEKRYDKWIE
893,GGLETTGVVLLLEYIPEITL
894,RESSRSFLVNQMINEARKQL
895,RRDEINKQFL
896,FNLLEQDPSGATTKSGMLTN
897,NPPSTLIEGASE
898,KMILMYDEKAREKEKPT
899,QEIYMQHTFPISAEELFTFG
900,FLRDFWGNPLRYDTEYYLLP
901,LQRITMTNSVDDALIQSTKI
902,FQAYLANKWVFITITNDRLS
903,RESSRSFLVNQMINEGKKQL
904,VKSEYKGQNMRVNTNAFRNV
905,RIFCRALNPKEIEKLYT
906,GLVGTHNGQIANDPNRDILIASNWYFNHLKDKILGCDWYFVPTDEGWTND
907,SKPGLIFLTKRSRQVCADPSEEWVQ
908,AFRQVDGSGLVSKLIG
909,VKLVMMFEGKANES
910,FDKDSNGQYIINEDKFQILY
911,EQDPSGATTKSAMLTNLIIFAPGPVLNKNEV
912,KSNAASTIEIHNIDDNTIFQ
913,SSSKDVQLKQITDYMYLTNAPSY
914,ELGRKFNIKTRLSYFSMNHD
915,LYGMQVSSHEIIPSKQDIYM
916,NDRTTPLTKGIP
917,GYIPEITLPVIAALTIAESSTQK
918,KRLEELNREFL
919,YDKDSNGQYIVNEDKFQILY
920,ALNPKEIEKLYTSYLSV
921,SYNTKNKPLNFNYSLDRIPVTKG
922,LEYLPEITLPVIAALSIAES
923,LKTYSVQLKLYDDRNASLGL
924,KEIEKLYTSYLSITYLRDPWGNP
925,LKLYDDKNASLGLVATH
926,KAMDIEYNDMFNNFTLSFWLRVP
927,NAPSYTNGKLNLYYRRLYNGLKF
928,AFCPEYIPTFDNVIENITSL
929,SVTDLGGELC
930,ELKKLESRINKVFSTPIPFS
931,FQILYNSVMYGFTEIELGKK
932,RMISEVTGGV
933,NPPSSLVEGASE
934,SSMKKHSLSIGSGWSVTLKG
935,NLYINGVLMGSAEITGLGAIREE
936,NALKFIIKRYTPNNEIDSFVKSG
937,NPPTSLIEGASE
938,NLDINNDILSDISGFNSSVI
939,AFCPEYVPTFDQVIENITSL
940,DKISDVSTIVPYIGPAVNIV
941,GDIDIMSLKRMLEKLGLPK
942,DTQSKNILMQYVKANSKFIGITELKKLESKI
943,IANKLSQVSSCNDPNIDIDS
944,NGLKFIIKRYTPNNEIDSFVKSA
945,QMAFCPEYLPTF
946,NRFNGGKAFGLLK
947,DLTFIAEKNSFTEEPFQDEI
948,KSTIRNLDINNDIISDISGFNSS
949,MGSAEITGLGAIREDNNISL
950,PSSRIEGASEYYDPNYLRTD
951,NIEDNTIYQYLYAQKSPTTL
952,SQSKDLQAGKAFGLLKAQ
953,LCKKIIPPTNIKENLYNRTA
954,LEKRYERWIEVYKLVKAKWL
955,DINQDIISDISGFNSSVITY
956,HIVGYPKDGNGFNNLDRILRVGY
957,KQLLEFDTQSKNIVMQYIKANSKFIGI
958,IEYNDMFNNFSVSFWLRVPKVSASHLEQYGT
959,GEVRQITFRDLPDKFNAYLGNKW
960,LKLYDDKNASRGLVGTH
961,KQLLEFDTQSKNILMQFIKANSKFIGI
962,ITGLGGIREDNNITLKLDRC
963,NLFINGVLMGSAEITGLGAIRED
964,RQIPQNFIADYY
965,VSAEELFTFGGQ
966,GLVGTHNGQIGNEPNRDILIASNWYFNHLKDKILGCDWYFVPTDEGWTND
967,KQVLEFDTQSKNILMQYIKANSKFIGI
968,DINNDVISDISGFNSSVITY
969,NGEIDIMSL
970,LEKRYEKWIEVYKLVRAKWL
971,KNASLGLVGTHNGQIGNPPNREI
972,TLTLGGELCIKIKNEDLTFIAEK
973,LKLVMMFEGKAQES
974,PKEIEKLYTSYLSITFVRDF
975,LRYDSEYYLIPVASSSKDVQ
976,IKIKNEDLTYIAEKNSFSEE
977,LLDKIINAIPYLGNSYSRLD
978,EKIIKTLDNFLEKRYEKWIE
979,PWGNPLRYDTDYYLIPVASSSKD
980,KNRLEEKANKAMININ
981,NGLKFIIKRYTPNNEIDSYVKSG
982,LKNDLYEKTLNDYKAIANKL
983,EGYKEKYMEFDLNGNGDIDIM
984,TITNDRLSSANLYIQGV
985,PALNIVKQGYEGNFVGALET
986,NEEDIDVILKKSTILNRDIN
987,NEEDIDVVLKKSTILNLDIN
988,SVDDALINSTKIYSYFPSVISKVNQGAQGVL
989,AEEVFTFGGQDA
990,IANKLSQVTSCNDPNIDVDS
991,AGEALLDKVINA
992,IDSFVKSGDFIKLFVSYNNN
993,PSSLIEGASDYYDPNYLRTD
994,FIAEKNSYSEEPFQDEIVSYNTK
995,SSSKDVQRKNITDYMYLTNAPSY
996,GGKAFGLVKAQQEER
997,RIFCKALNPKEIDKLYT
998,MEAVKLRDLKTYSVNLK
999,SSANLYINGLLMGSAEITGL
1000,PVTKGIPYAPEYKTNAASTTEIH
1001,EGFKEKYMEYDLNGNGDIDIM
1002,DPNYLRTDSDKDRFLQTMVKLYNRIKN
1003,LISDISGFNSSVITYPD
1004,DPNIDIDSYKQL
1005,IVDYNLQSKITLPNDRSTPV
1006,NTIYQYLYGQKSPTTLQRIT
1007,EKLGVPKTHLEV
1008,KDMWRAYSNMR
1009,GLVGTHNGQIGQDPNRDILIASNWYFNHLKDKILGCDWYFVPTDEGWTND
1010,NPPSSLIEAASE
1011,SQSKDLQGGKAFGLRKAQ
1012,SVDDAVINSTKIYSYFPSVISKVNQGAQGIL
1013,IWIVPERYEFGS
1014,SQTKDLQGGKAFGLLKAQ
1015,DRLSSGNLYINGVLMGSAEI
1016,GLVGTHNGNIGNDPNRDILIASNWYFNHLKDKILGCDWYFVPTDEGWTND
1017,MDAVKLRDLKTYSVQLK
1018,LDKRYEKWIEVYKLVKAKWL
1019,RQLLEFDTQSKNILMQYIKANSKFIGI
1020,TIYNDTEGFNIESKELKSEY
1021,NNLTLKLDRCNNNNQYVSID
1022,TSTQKEKIIKTIDNFLEKRYEKW
1023,EKIVKTIDNFLEKRYEKWIE
1024,LRLVMMFEGKANES
1025,PVTKGVPYAPEYKSNAASTTEIH
1026,ALNPKEIEKLYSSYLSI
1027,PITINNFRYSDPVNQDTIIM
1028,FQILYNSIMYGFTELELGKK
1029,PDRYEFGTKPEDFNPPSSLI
1030,GLVATHNGQIGNDPNRDILIASNWYFNHLKDKILGCDWYFVPTDEGWTND
1031,GIPLYKKMEAVKRRDLKTYS
1032,SKPGVIFLTKRSRQVCADPSEDWVQ
1033,GLVGTHNGQIGNDPQRDILIASNWYFNHLKDKILGCDWYFVPTDEGWTND
1034,PWGNPLRYDTEYYLLPVASSSKD
1035,AGEALVDKIINA
1036,IKNDLYEKTLNDYKAIANRL
1037,RANKWVFITITNDRLSSANLYIN
1038,LKTYSIQLKLYDDKNASLGL
1039,TDYMYLTNAPSYTNGRLNIY
1040,FVKSGEFIKLYVSYNNNEHIVGY
1041,FVKSGDFIKLYVSYNNNEHIVGF
1042,KSTILNLDINNDILSDISGFNSS
1043,SVALSNRFQGGKAY
1044,GYIPEITLPVIAALSIADSSTQK
1045,DTQSKNILMQYIKANSKFIGITEVKKLESKI
1046,KNKLEEKANKAMIQIN
1047,KRSAILRMIR
1048,KESAGEVRQITFRDLPD
1049,SYNTKQKPLNFNYSLDKIPVTKG
1050,SKPGVIFLTKRSRQVCADPSEEWIQ
1051,MTNSVDDALINSTKVYSYFP
1052,TDYMYLTNGPSYTNGKLNIY
1053,GFNSSVITYPDAQLVPGVNGKAI
1054,AIRDDNNITLKLDRCNNNNQYVS
1055,NITSLTIGKSKYFQDPALLR
1056,FNNLDRIVRVGYNAPGIPLY
1057,DLSGFNSSVITYPDAQLVPG
1058,LRVGYNAPGIPLYKKMEGVKLRD
1059,NRFQGGKAFGVLK
1060,AKKQLLEFDSQSKNILMQYI
1061,ELIHVVHGLYGMQVSS
1062,NIDDNTIYQYLYAQRSPTTL
1063,RRYDTEYYLIPVASSSKDVQ
1064,PVTKGIPYAPEYKSNAASTSEIH
1065,ILKKSTILNLDINNEII
1066,KQLLEFDTQSKNILMQYIKGNSKFIGI
1067,DINNDIISEISGFNSSVITY
1068,EQDPSGATTKSAMLTNLIVFGPGPVLNKNEV
1069,DTQSRNILMQYIKANSKFIGITELKKLESKI
1070,ANSKFIGITELKKLESKINR
1071,KNASLGLLGTHNGQIGNPPNRDI
1072,EKLGVPRTHLEL
1073,LCIKIKNEDRTFIAEKNSFS
1074,LKTYSVQLKLYDDKNASLGV
1075,FIAEKNSFSEEPFQDELVSYNTK
1076,IISDISAFNSSVITYPD
1077,IKIKNEDLTFVAEKNSFSEE
1078,FIAEKNSFSEEPFQDEIVSYNSK
1079,QEIYMQHSYPISAEELFTFG
1080,SYNTKNKPLNFNYSLDKVPVTKG
1081,LEYIPEITLPIIAALSIAES
1082,TDLGGEVCIKIK
1083,NNNEHLVGYPKDGNAFNNLD
1084,RIFCKALQPKEIEKLYT
1085,LEYIPELTLPVIAALSIAES
1086,QKNEVRGIVLRVDNKNYFPC
1087,EYTIESSMKKHSLSIGSGWSVSL
1088,LEYIPEITLPVIAARSIAES
1089,EKLGVPKTHREL
1090,GLVGTHNGQIGNDPNRDILIASQWYFNHLKDKILGCDWYFVPTDEGWTND
1091,ELIHVLHGLYGMQISS
1092,GDIDIMSLKRMLEKLGIPK
1093,LIPVASSSRDVQLKNITDYM
1094,CNEPNIDIDSYK
1095,FNVLEQDPSGATTKSAMLTN
1096,EEKANKAMVNINIFMRESSRSFL
1097,ATNEYSIISSMKKHSLSIGS
1098,NVDDNTIYQYLYAQKSPTTL
1099,GLVGTHNGQIGNDPNRDILIASNWYFNHLKDKILGCDWFFVPTDEGWTND
1100,KQLLEFDTQSRNILMQYIKANSKFIGI
1101,GYIPEITVPVIAALSIAESSTQK
1102,DANLISIDIKNDLFEKTL
1103,EKIIKTIDNFREKRYEKWIE
1104,KAKWLGTVNTQFNKRSYQMY
1105,LRYDTEYYLIPVASSSKDVN
1106,DPVQNDTIIMME
1107,LCKKIIPPTNIRENLYNRTG
1108,KNASLGRVGTHNGQIGNPPNRDI
1109,SSSKDVNLKNITDYMYLTNAPSY
1110,QGKAIHLVNNESSEVIVHKAMDI
1111,DLKKLIGEV
1112,NAPSYTNGRLNIYYRRLYNGLKF
1113,LRYDTEYYLIPIASSSKDVQ
1114,RESSRSFLVNQMINEAKKNL
1115,SVDDALINSTKIYSYFPSVVSKVNQGAQGIL
1116,ITGLGALREDNNITLKLDRC
1117,RETSRSFLVNQMINEAKKQL
1118,LEKRYDKWIEVYKLVKAKWL
1119,EIIDDFTNESSQKTTIDKIS
1120,NIDDNTLYQYLYAQKSPTTL
1121,DIIDDFTNDSSQKTTIDKIS
1122,GEVKQITFRDLPDKFNAYLANKW
1123,QMAFCPEYIPTF
1124,LDDPKYTSDEDLPSKLEGF
1125,RYERWIEVYKLVKAKWLGTVNTQ
1126,IANKLSQVTSCNDPNIDIES
1127,EKLGLPKTHLEL
1128,RYEKWIELYKLVKAKWLGTVNTQ
1129,ILFLQWVRDIIDDYTNESSQ
1130,SSMKKHSLSVGSGWSVSLKG
1131,KSTILNLDINNDIISDISGFNTS
1132,NITSLSIGKSKYFQDPALLL
1133,LDDPKYSSDDDLPSKLEGF
1134,VIWTLKDSAGEVRQITF
1135,ETSQKTTIDKISDVSTIVPY
1136,GLVGTHNGQIGNDPNRDILIASNWYFNHLKDKILGCDWYYVPTDEGWTND
1137,GFNSSVITYPDAQLVPGINGKAV
1138,NNITLKLDRCNQNNQYVSID
1139,KAMDIEYNDMFQNFTVSFWLRVP
1140,FDKESNGQYIVNEDKFQILY
1141,RIYCKALNPKEIEKLYT
1142,IANKLSQVTSCQDPNIDIDS
1143,KRTAILKMI
1144,SVALSNRFNGGKAF
1145,NTIYQYLYAQRSPTTLQRIT
1146,NYFPCRDGFGSVMQMAFCPE
1147,ASHLEQYGTNEYSVISSMKK
1148,GIPLYKKMEALKLRDLKTYS
1149,MEAVKLRELKTYSVQLK
1150,DDFTNESSQKTTIDKVSDVSTIV
1151,IWIVPEKYEFGT
1152,EQDPSGGTTKSAMLTNLIIFGPGPVLNKNEV
1153,EQDPSGATTKSAMLTNLIIFGPGPVLNKNEL
1154,IDIDSYKQIYQQRYQFDKDS
1155,GYIPEITLPLIAALSIAESSTQK
1156,ISAEELFSFGGQ
1157,SYNTKNKPLNFNYSLDKLPVTKG
1158,DRLSSANLFINGVLMGSAEI
1159,NYFPCRDGFGSIMQMAYCPE
1160,ASHREQYGTNEYSIISSMKK
1161,LANKWVFITITNDRRSSANLYIN
1162,DRLDGINKHF
1163,QEIYMQHTYPVSAEELFTFG
1164,EEKANKAMININLFMRESSRSFL
1165,GNAFNNRDRILRVGYNA
1166,NIDDNTIYQYLYAQKSPTTV
1167,GEVRQITFRDLPDKFNAFLANKW
1168,TDYMYLSNAPSYTNGKLNIY
1169,PWGNPLRYDTEYYLIPIASSSKD
1170,GTQEYSIISSMKKHSLSIGS
1171,IEYNDMFNQFTVSFWLRVPKVSASHLEQYGT
1172,EQDPSGATTKSAMVTNLIIFGPGPVLNKNEV
1173,PDKFNAYLANKWVFVTI
1174,RMMEKVGVPK
1175,AIREDNNITLKLDKCNNNNQYVS
1176,MGSAEITALGAIREDNNITL
1177,NTIYQFLYAQKSPTTLQRIT
1178,RMMDKLGVPK
1179,RDSSRSFLVNQMINEAKKQL
1180,NTIYQYLYANKSPTTLQRIT
1181,GTNEYTIISSMKKHSLSIGS
1182,PVTKGIPYAPDYKSNAASTTEIH
1183,AKKQLLEFDTQSKNIRMQYI
1184,GALETTGVLLLLEYIPEITL
1185,NTIFQYLYAQKSPTTLQRIT
1186,NLYINGVLMGSGEITGLGAIRED
1187,MTNSVDDALINSTKIFSYFP
1188,FVRSGDFIKLYVSYNNNEHIVGY
1189,ELIHVLHALYGMQVSS
1190,LPVIAALSIGESSTQKEKII
1191,PALNIVRQGYEGNFIGALET
1192,RIFCKALNPKEIEKVYT
1193,HIVGYPKDGNAFNNVDRILRVGY
1194,LANKWVFITITNERLSSANLYIN
1195,NYSLDKVIVDYNLQSKITLP
1196,ELGKKFNIKTRLTYFSMNHD
1197,RLDDINKQFL
1198,ESSQKTTIDKISEVSTIVPY
1199,DISGFNTSVITYPDAQLVPG
1200,IANKLSQVTSCNDPNVDIDS
1201,DPNYLRTDTDKDRFLQTMVKLFNRIKN
1202,SQSKDLQGGKAFGLLKGQ
1203,SSANLYINGVVMGSAEITGL
1204,RTTPVTKAIPYAPEYKSNAA
1205,SKPGVIFLTKRSRNVCADPSEEWVQ
1206,RESSRSFLVQQMINEAKKQL
1207,AKKQLLEFDTQSKNIVMQYI
1208,SVAVSNRFQGGKAF
1209,SYQMYKSLEYQVDAIKKIID
1210,SVDDALINSTKIYSYFPSVISRVNQGAQGIL
1211,IVDYNLQSKITVPNDRTTPV
1212,FNLVEQDPSGATTKSAMLTN
1213,DDFTNESSQKTTIEKISDVSTIV
1214,IITDISGFNSSVITYPD
1215,ANTKFIGITELKKLESKINK
1216,RDEINKQFLDDPKYS
1217,GLVGTHNGQIGNDPNRDILIASNWYFNHLKDKILGCDWYFLPTDEGWTND
1218,TKEVQSSVKAQQGLE
1219,FVKSGDFIKLYVTYNNNEHIVGY
1220,VCKKIIPPTNIRENLYNRTA
1221,LIWTLKDSAGDVRQITF
1222,ALVGTHNGQIGNDPNRDILIASNWYFNHLKDKILGCDWYFVPTDEGWTND
1223,SFSEEPFQDEILSYNTKNKP
1224,FNNLDRILRVGYNAPAIPLY
1225,KKIIDYEYKVYSGPDKEQIA
1226,EQDPTGATTKSAMLTNLIIFGPGPVLNKNEV
1227,NNNEHIIGYPKDGNAFNNLD
1228,DLTFIAERNSFSEEPFQDEI
1229,QEIYMQHTYPISAEELYTFG
1230,KAMDIEYQDMFNNFTVSFWLRVP
1231,EIQKQFLDDPKYSSDEDLPS
1232,AFCPEYVPTFDNVIENVTSL
1233,ESSQKTSIDKISDVSTIVPY
1234,KMILMFEEKAREKEKPT
1235,IDSFIKSGDFIKLYVSYNNN
1236,SLTLGGDLCIKIKNEDLTFIAEK
1237,KEIEKLFTSYLSITFLRDPWGNP
1238,ISADELFTFGGQ
1239,PVTRGIPYAPEYKSNAASTTEIH
1240,AKKQLLDFDTQSKNILMQYI
1241,NLYINGVLMGSAEITGLGAVRED
1242,QDRTTPVTKGIP
1243,DIIDDFTNESSQRTTIDKIS
1244,NGDIDLMSL
1245,YTSKQIPQNF
1246,LRYDTEYFLIPVASSSKDVQ
1247,SQSKDLQGGRAFGLLKAQ
1248,LKLYDDKNASLGLIGTH
1249,KMILMYEEKAREKERPT
1250,DKCNNNNQYVSIDKFRI
1251,LGNKWVFITITNDRLSSANLYIN
1252,SSMKKHTLSIGSGWSVSLKG
1253,DRLSSANLYVNGVLMGSAEI
1254,LANKWVFITITNDRLTSANLYIN
1255,RDFLCDQKY
1256,RKTYSVQLKLYDDKNASLGL
1257,ISAEDLFTFGGQ
1258,DTQSKNILMQYIKANSKFIGITELRKLESKI
1259,LRYDTEYYLIPVASSSKDIQ
1260,FNAYLANKWVFITISNDRLS
1261,EGFKEKYMDFDLNGNGDIDIM
1262,LIPVATSSKDVQLKNITDYM
1263,EKILKTIDNFLEKRYEKWIE
1264,VPRTHLEM
1265,GDIDIMSLKRMLEKRGVPK
1266,EKARDKEKPTGPPA
1267,PSTLIEGASEYYDPNYLRTD
1268,KDSAGEVRQITFKDLPD
1269,DINNDILSDISGFNSSVITY
1270,EYSIESSMKKHSLSIASGWSVSL
1271,DDFTNESSQKTTIDKISDISTIV
1272,FEAKANESSPKPVGPPPERDIASLP
1273,QMGFCPEYVPTF
1274,IKIKNEDLTFIAEKNSYSEE
1275,ETTGVVLLLEYVPEITLPVI
1276,ELKKLDSKINKVFSTPIPFS
1277,NNDTLIMMEPPY
1278,EYSIESSMKRHSLSIGSGWSVSL
1279,KSNAASTIEIHNIDDNTVYQ
1280,NEDDIDVILKKSTILNLDIN
1281,NYSLDKIIVDYNLQSKLTLP
1282,SVDDALINSTKVYSYFPSVISKVNQGAQGIL
1283,LPIIAALSIAESSTQKEKII
1284,KRLDEINREFL
1285,IISDISGFNSSVITFPD
1286,ARNPKEIEKLYTSYLSI
1287,FIAEKNSFSEEPFQDDIVSYNTK
1288,NAPSYTNGKRNIYYRRLYNGLKF
1289,DKISDVSTIVPYIGPALNLV
1290,DTNSKNILMQYIKANSKFIGITELKKLESKI
1291,DPVNQDTIIMME
1292,NQDTIIMMEPPY
1293,LQRITMTNSVDEALINSTKI
1294,SSTQKEKIIKTLDNFLEKRYEKW
1295,ELGKKFNIKTRVSYFSMNHD
1296,PWGQPLRYDTEYYLIPVASSSKD
1297,ILKKSTILQLDINNDII
1298,KLIGEVSSGSGDTF
1299,PALLLMHELIHVVHGLYGMQ
1300,IISDVSGFNSSVITYPD
1301,LEKRYEKWIEVYKLLKAKWL
1302,DDFTNESSQKTTIDKLSDVSTIV
1303,DTIIMMEPPYCKGLDIFYKA
1304,IISDISGYNSSVITYPD
1305,EQDPSGATTKSAMLTNLVIFGPGPVLNKNEV
1306,RCKKIIPPTNIRENLYNRTA
1307,KRSAILRMI
1308,LPVLAALSIAESSTQKEKII
1309,IDSFVKSGDFIKLYISYNNN
1310,SSGSAETFSYPDFLRMMLGKRSA
1311,AEELFTFAGQDA
1312,NEEDIDVILKKSTVLNLDIN
1313,GALESTGVVLLLEYIPEITL
1314,PITINNFRYSDPINNDTIIM
1315,ERCNNNNQYVSIDKFRI
1316,FLRDYWGNPLRYDTEYYLIP
1317,PVTKGLPYAPEYKSNAASTTEIH
1318,PALLVMHELIHVLHGLYGMQ
1319,RIFCKARNPKEIEKLYT
1320,ILSDISGFNSSVITYPD
1321,KNKLEEKANKAMVNIN
1322,DKISDVSTVVPYIGPALNIV
1323,LRLYDDKNASLGLVGTH
1324,FTEVELGKKFNI
1325,KGKWLGTVNTQFQKRSYQMY
1326,SLDDALINSTKIYSYFPSVISKVNQGAQGIL
1327,IDIDSYKQIYNQKYQFDKDS
1328,GVPLYKKMEAVKLRDLKTYS
1329,DEENVPEKL
1330,DKISDVSTIVPYIGPALNII
1331,NYSLDKIIVDYNLQSRITLP
1332,DRCNNNNQYLSIDKFRI
1333,QKTPTTLQRITMTNSVDDALINS
1334,DTIIMMEPPYCKGLDLYYKA
1335,LLDKILNAIPYLGNSYSLLD
1336,GPDKEQIADEINNLKNRLEEKAN
1337,LIWTLKDSAGELRQITF
1338,PLPFSYSKNLDCWVDNEEDI
1339,SSANLYINGVLMGSAELTGL
1340,SYNTKNKPLNFQYSLDKIPVTKG
1341,RESSRSFLVNQMINEAKKQR
1342,LPVIAAVSIAESSTQKEKII
1343,LKTYSVQLKLYDDKNASRGL
1344,DRTFIAEKNSFSEEPFQDEI
1345,DIIDDFTNESSNKTTIDKIS
1346,SMNHDPVKIPNRLDDTIYND
1347,PSSLIEGASEYFDPNYLRTD
1348,KNKLEEKANKAMINIQ
1349,KQLLEFDTQSKNILMQYIKANSKFLGI
1350,NYSLDKIIVDYNLQSKITRP
1351,NITSVTIGKSKYFQDPALLL
1352,FEGKANESSPKPVGPPPEREIASLP
1353,GEVRQITFRDLPDRFNAYLANKW
1354,KEIEKLYTSYRSITFLRDPWGNP
1355,KKIIDYEYKIFSGPDKEQIA
1356,KMLSEVTGGV
1357,AIREDNNITLKLDRCNNNNQFVS
1358,LYGMQVSTHEIIPSKQEIYM
1359,KQLLEYDTQSKNILMQYIKANSKFIGI
1360,SVDDALINSTKIYSYFPSVLSKVNQGAQGIL
1361,KSTILNRDINNDIISDISGFNSS
1362,LDDPKYSSDEDLPSKREGF
1363,EEKANKAMININIFMRESSRSFR
1364,NNNEHIVGYPKDGNAFNQLD
1365,SRSFLVNQMIQEAKKQLLEFDTQ
1366,NTVYQYLYAQKSPTTLQRIT
1367,SVDDALLNSTKIYSYFPSVISKVNQGAQGIL
1368,SVDDALINSTKIYTYFPSVISKVNQGAQGIL
1369,GNSKFIGITELKKLESKINK
1370,FNAYLANKWVFITLTNDRLS
1371,LRYDTEYYRIPVASSSKDVQ
1372,TELGGELCIKIK
1373,VDSFVKSGDFIKLYVSYNNN
1374,FEGKANESSPKPLGPPPERDIASLP
1375,SSMKKHSLSIGSGWSVSVKG
1376,DISGFNSSVITYPEAQLVPG
1377,IVPEKYEFGTKP
1378,IVKKSTILNLDINNDII
1379,TVYNDTEGFNIESKDLKSEY
1380,TIGSGWSVSLKGNNLIWTLK
1381,NEEDIDVIVKKSTILNLDIN
1382,EQDPSGATTKSAMRTNLIIFGPGPVLNKNEV
1383,ILRKSTILNLDINNDII
1384,KINKVFSTPIPFTYSKNLDC
1385,FNLLDQDPSGATTKSAMLTN
1386,NDRSTPVTKGIP
1387,DDFTNESSQKTTIDKISDVSTLV
1388,DRCNNQNQYVSIDKFRI
1389,SITFLRDFWGNPVRYDT
1390,KNATLGLVGTHNGQIGNPPNRDI
1391,IKNDLYEKTLNDYRAIANKL
1392,RESSRSFLVNQMINEAKRQL
1393,FTDIELGKKFNI
1394,SMQHDPVKIPNLLDDTIYND
1395,SYQMFRSLEYQVDAIKKIID
1396,KDSAGEVRQVTFRDLPD
1397,GALETTGVVVLLEYIPEITL
1398,EGFKEKYMEFDLNGNGDLDIM
1399,ELKKLETKINKVFSTPIPFS
1400,LRVGYQAPGIPLYKKMEAVKLRD
1401,SSTQKEKIIKSIDNFLEKRYEKW
1402,KNVTDYMYLTNAPSYTNGKL
1403,FTEIELGKKFNV
1404,DPNYLRTDSDKERFLQTMVKLFNRIKN
1405,SIGSGWSVSLKGNNLIWSLK
1406,LANRWVFITITNDRLSSANLYIN
1407,EEKANKAMINLNIFMRESSRSFL
1408,DINNDIISDISGFNTSVITY
1409,RTTPVTKGIPYAPEYKSNAG
1410,IISDISGFNSSVITYPE
1411,ALNPKEIEKVYTSYLSI
1412,IDIDSYKQIYQNKYQFDKDS
1413,SKPGVIFRTKRSRQVCADPSEEWVQ
1414,PALLLMHELIHVLHGVYGMQ
1415,KRSAIRKMI
1416,RESSRSFLINQMINEAKKQL
1417,SRSFRVNQMINEAKKQLLEFDTQ
1418,NGDVDIMSL
1419,AEELFSFGGQDA
1420,PDKFNAYLANKWVFISI
1421,LQRITMTNSVDDALINSTKL
1422,GRVGTHNGQIGNDPNRDILIASNWYFNHLKDKILGCDWYFVPTDEGWTND
1423,FIAEKQSFSEEPFQDEIVSYNTK
1424,QEIYMQHTYPISAEELFTYG
1425,NAPSYTNAKLNIYYRRLYNGLKF
1426,LKLYDDKNATLGLVGTH
1427,AFRNLDGSGLVSKLIG
1428,RNASLGLVGTHNGQIGNPPNRDI
1429,NITSLTIGKSRYFQDPALLL
1430,QRFFAHGAENS
1431,GALETTGVVLLREYIPEITL
1432,PKEIEKLYTSYLSITFRRDF
1433,EKAREKDKPTGPPA
1434,NIDDNTIFQYLYAQKSPTTL
1435,PVTKGIPYAPEYKSNAASSTEIH
1436,GFQSSVITYPDAQLVPGINGKAI
1437,RRVGYNAPGIPLYKKMEAVKLRD
1438,ILFVQWVRDIIDDFTNESSQ
1439,ILFLQWVRDIVDDFTNESSQ
1440,GDIDIMSLKRMVEKLGVPK
1441,SSELIVHKAMDIEYNDM
1442,IEYNDMFNNFTVSFWVRVPKVSASHLEQYGT
1443,MGSAEVTGLGAIREDNNITL
1444,LIPVGSSSKDVQLKNITDYM
1445,GGKAFGLLKAQQDER
1446,DRLSSANLYINGLLMGSAEI
1447,DNKNYFPCRDAF
1448,ALNPKEIDKLYTSYLSI
1449,IDIDSFKQIYQQKYQFDKDS
1450,KTTPVTKGIPYAPEYKSNAA
1451,NLDINNDLISDISGFNSSVI
1452,ERGKKFNIKTRLSYFSMNHD
1453,FVKSGDFIKLYVSYNQNEHIVGY
1454,IVPERYEFGSKP
1455,EKIIKTVDNFLEKRYEKWIE
1456,RRLAELNREF
1457,NNYVSIDKFRIFCKALNPKEIEK
1458,VQRITMTNSVDDALINSTKI
1459,KSTILNLDINNDIISDISGFQSS
1460,LQRITMTNSVDDAVINSTKI
1461,NVDINNDIISDISGFNSSVI
1462,YTSRQVPQNF
1463,IMQMAFCPDYVP
1464,LRVGYNAPGIPLYRKMEAVKLRD
1465,TITNDRLSSGNLYINGV
1466,KMISDVTGGV
1467,DPNYLRTDSDKDRFLQTMVKLFNRIKQ
1468,PITINNFRYSDPVNNETIIM
1469,TDYMYVTNAPSYTNGKLNIY
1470,DLTFIAEKNSFSEEPYQDEI
1471,NGDLDIMSL
1472,RTTPVTRGIPYAPEYKSNAA
1473,YTSRQLPQNF
1474,DRVSSANLYINGVLMGSAEI
1475,EEKGNKAMININIFMRESSRSFL
1476,FTEIDLGKKFNI
1477,SLTLGGELCIKIKNEELTFIAEK
1478,LIWTLKDSGGEVRQITF
1479,KVNKVFSTPIPFSYSKNLDC
1480,MTQSVDDALINSTKIYSYFP
1481,ESSQKTTIDKITDVSTIVPY
1482,GNAFNNLDRILRVGYNG
1483,DKVSDVSTIVPYIGPALNIV
1484,NGKAIHLVNNESSEVLVHKAMDI
1485,LDDPRYSSDEDLPSKLEGF
1486,DISGFNSTVITYPDAQLVPG
1487,FNAFLANKWVFITITNDRLS
1488,KNLDCWIDNEEDIDVILKKSTIL
1489,ELKKRIGEV
1490,KDSAGDVRQITFRDLPD
1491,ELKKRESKINKVFSTPIPFS
1492,SSSKDVQLKNISDYMYLTNAPSY
1493,LANKWVFITITNDRLSSANLYVN
1494,RESSRSFVVNQMINEAKKQL
1495,AFRNVDGSGLVSKLLG
1496,QKSPTTLQRITMTNSIDDALINS
1497,RTTPVTKGIPYAPEFKSNAA
1498,AEVRQITFRDLPDKFNAYLANKW
1499,NYFPCRDGFGTIMQMAFCPE
1500,PVSKGIPYAPEYKSNAASTTEIH
1501,SKPGVLFLTKRSRQVCADPSEEWVQ
1502,MEAIKLRDLKTYSVQLK
1503,SFSEEPFQDELVSYNTKNKP
1504,ILFLQWVRDIIDDFTNETSQ
1505,LVPGINGKAIHLVNNESSEL
1506,PIPFSFSKNLDCWVDNEEDI
1507,IDYNDMFNNFTVSFWLRVPKVSASHLEQYGT
1508,PWGNPLKYDTEYYLIPVASSSKD
1509,KAKWLGTVNTQFQKRSYNMY
1510,GTNEYSIISSMKKHSLSIAS
1511,LCIKIKNEDLTFIAEKQSFS
1512,TIYNDTEGFNIESKDVKSEY
1513,EYSIDSSMKKHSLSIGSGWSVSL
1514,EINKQFLDDPKYSTDEDLPS
1515,PWGNPLRYDTEYYVIPVASSSKD
1516,KNASLGLVGTHNGQIGQPPNRDI
1517,DDFTNESSQKTSIDKISDVSTIV
1518,NQYVSLDKFRIFCKALNPKEIEK
1519,PGLLLMHELIHVLHGLYGMQ
1520,IMQMAFCPEFVP
1521,LYGMNVSSHEIIPSKQEIYM
1522,KNLDCWVDNEEDIDIILKKSTIL
1523,DEENRPEKL
1524,IEYNDMFNNFTVSFWLRVPKVSASHLENYGT
1525,SQSKDLQGGKAFGRLKAQ
1526,KNASLGLVGTHNGQIGNPPQRDI
1527,LEYIPEITLPVIAALSLAES
1528,IKNDLYEKTLNDYKAVANKL
1529,IYYKAFKVTDRIWIVPERYE
1530,ETQSKNILMQYIKANSKFIGITELKKLESKI
1531,SRSFVVNQMINEAKKQLLEFDTQ
1532,GPDKDQIADEINNLKNKLEEKAN
1533,FQILYNSIMYGFSEIELGKK
1534,SIGSGWSVSLKGNNLLWTLK
1535,HIVGYPKDGNAFNNRDRILRVGY
1536,NDKTTPVTKGIP
1537,SLALSNRFQGGKAF
1538,AKKQLLEFDTQSRNILMQYI
1539,ANSKFIGITELKKLESKVNK
1540,SYQMYRSREYQVDAIKKIID
1541,AFRNVDGSGLVSKRIG
1542,KNKLEDKANKAMININ
1543,NNNEHIVGYPKDGNAYNNLD
1544,KINKVFSTPIPFSYSRNLDC
1545,FQILYNSIMYGFTEIERGKK
1546,SVDDALINSTKIYSYFPSVITKVNQGAQGIL
1547,NEEDIDVILKKSTILNLDVN
1548,LPVIAALSIAESSTQKERII
1549,NAPSYTNGKLNVYYRRLYNGLKF
1550,SSANLYVNGVLMGSAEITGL
1551,VKLYDDKNASLGLVGTH
1552,IKLKNEDLTFIAEKNSFSEE
1553,LDEINKQFLDEPKYS
1554,SSGSGETFSYPDFVRMMLGKRSA
1555,DPNYLRTDSDRDRFLQTMVKLFNRIKN
1556,QEIYMQHTYPISAEERFTFG
1557,MGSAEITGLGALREDNNITL
1558,KQLLEFDTQSKNVLMQYIKANSKFIGI
1559,SIGSGWSISLKGNNLIWTLK
1560,ANSKFIGITERKKLESKINK
1561,IDSFVKSGDFIKLYVSYNNQ
1562,QKSPTTLQRITMTNSVEDALINS
1563,LIWTLKDSAGEIRQITF
1564,KRVEEINREFL
1565,SKPGVIFLTKRSRQICADPSEEWVQ
1566,LEYIPEITLPVIAGLSIAES
1567,IDSFVKSGDYIKLYVSYNNN
1568,TDLGGERCIKIK
1569,KSNGASTIEIHNIDDNTIYQ
1570,KNKLEEKANKGMININ
1571,STEVIVHKAMDIEYNDM
1572,EGFKEKYMEFDVNGNGDIDIM
1573,ETTGVVLLLEYIPEITLPVV
1574,MEAVKLRDLKTFSVQLK
1575,FDKDSNGQYIVNEDKFQIRY
1576,RESSRSFLVNNMINEAKKQL
1577,TDYMYLTNAPSYTNGKLQIY
1578,GPDKEQIADEINNLKNKVEEKAN
1579,PKEIEKLYTSYLSVTFLRDF
1580,GIPLYKKMDAVKLRDLKTYS
1581,GYIPEISLPVIAALSIAESSTQK
1582,KQLLEFDTQSKNILMQYVKANSKFIGI
1583,DISGFNSSIITYPDAQLVPG
1584,PWGNPLRYDTEYYLIPVGSSSKD
1585,TITNDRLSSANRYINGV
1586,AKKQLVEFDTQSKNILMQYI
1587,DQDPSGATTKSAMLTNLIIFGPGPVLNKNEV
1588,IDIDSYKQIYQQKYQYDKDS
1589,EALRDKIINAIP
1590,GTNDYSIISSMKKHSLSIGS
1591,RIFCKALNPREIEKLYT
1592,ETSGVVLLLEYIPEITLPVI
1593,NMAFCPEYVPTF
1594,KNISDYMYLTNAPSYTNGKL
1595,FRRDFWGNPLRYDTEYYLIP
1596,LDDPKYSSDEDLPSKLEGY
1597,FQILYNSIMYGFTEIELGRK
1598,DANLITIDIKNDLYEKTL
1599,NLYINAVLMGSAEITGLGAIRED
1600,AEELFTFGGNDA
1601,LEYIPEITRPVIAALSIAES
1602,FLRDFWGNPLRYDTDYYLIP
1603,NYSLDKIIVDYNLNSKITLP
1604,GGKAYGLLKAQQEER
1605,EIELGKKFNVKT
1606,NNDTIIMMDPPY
1607,DFNPPSSLIDGA
1608,ITGLGAIREDNQITLKLDRC
1609,PKEIDKLYTSYLSITFLRDF
1610,GLVGTHQGQIGNDPNRDILIASNWYFNHLKDKILGCDWYFVPTDEGWTND
1611,RLAELNREFL
1612,NAPSYTNGKLNIYYRRLYNALKF
1613,SRSFLVNQMLNEAKKQLLEFDTQ
1614,VKTYSVQLKLYDDKNASLGL
1615,DIELGKKFNIKT
1616,ANSKFLGITELKKLESKINK
1617,NGLKFIIKRYTPNNEIDSFVRSG
1618,GTNEYSIISSMRKHSLSIGS
1619,DPVNNDTIIMMD
1620,YEGKANESSPKPVGPPPERDIASLP
1621,RYEKWIEVYKLVKAKWLGTLNTQ
1622,FEGRANESSPKPVGPPPERDIASLP
1623,RLDEIQKQFL
1624,PERYEYGTKPEDFNPPSSLI
1625,TITNDRVSSANLYINGV
1626,SSTQKEKIIKTIDNFLDKRYEKW
1627,DPNIDIDSYKQV
1628,VRMMLGKRSAILK
1629,LYAMQVSSHEIIPSKQEIYM
1630,SRSFLVNQMINEAKKQLVEFDTQ
1631,SSGSGETFSYPDFLRMMLGKKSA
1632,ITGLGAIREDNNITRKLDRC
1633,DPVNNETIIMME
1634,NEEDIDVILKKSTILNLEIN
1635,NNNEHIVGYPKDGNAFQNLD
1636,RNKLEEKANKAMININ
1637,KMILMYEEKARDKEKPT
1638,NNDTIVMMEPPY
1639,FQILYQSIMYGFTEIELGKK
1640,PITINNFRYTDPVNNDTIIM
1641,EPNYLRTDSDKDRFLQTMVKLFNRIKN
1642,NYSLDKIIVDYNLQTKITLP
1643,GNAFNNLDRLLRVGYNA
1644,HIVGYPKDGNAFNNLDRIRRVGY
1645,EKRGVPKTHLEL
1646,SSANLYINGVLMASAEITGL
1647,LKLIMMFEGKANES
1648,PIPFSYSKNRDCWVDNEEDI
1649,GLVGTHNGQIGNDPNRDILIASNWYFNHLKDKILGCDWYFVPTDEGWTNE
1650,KRSAILKML
1651,RTSPVTKGIPYAPEYKSNAA
1652,FEKDSNGQYIVNEDKFQILY
1653,DKISDVSTILPYIGPALNIV
1654,KRSAVLRMIL
1655,LRMMLGKKSAILK
1656,GGKAFGVLKAQQEER
1657,FDKDSNGQYIVNEDKFQILF
1658,FLRDFWGNPLRYDTEYYRIP
1659,PALLLMHELIHLLHGLYGMQ
1660,LKRVMMFEGKANES
1661,KNASLGLVGTHNGQVGNPPNRDI
1662,FNLLENDPSGATTKSAMLTN
1663,PALNIVKQGYEGNYIGALET
1664,DANLLSIDIKNDLYEKTL
1665,LKSEYKGQNMRINTNAFRNV
1666,KINKIFSTPIPFSYSKNLDC
1667,LMQMAFCPEYVP
1668,ASHLEQYGTNDYSIISSMKK
1669,TKEVQSSLKAQQGRE
1670,RTTPVTKGIPYAPEYKSQAA
1671,RESSRSFLVNQMINEAKKQV
1672,CNDPNIDIDSYR
1673,DPVNNDTVIMME
1674,LRYDTEFYLIPVASSSKDVQ
1675,SVALSNRFQGAKAF
1676,EALLDKILNAIP
1677,NLYINGVLMGSAEITGLAAIRED
1678,SYQMYRSLEYQVDAIKKVID
1679,GLVGTHNGQIGNDPNRDILIASNWYFNHLKDKILGCDWYFVPTDEGWSND
1680,SMNHDPVKIPNLRDDTIYND
1681,DINNEIISDISGFNSSVITY
1682,KAMDIEYNDMYNNFTVSFWLRVP
1683,ANSKFIGITELKKLDSKINK
1684,DTQSKNILMQYIKANTKFIGITELKKLESKI
1685,DTQSKNILMQYIKANSKFVGITELKKLESKI
1686,SVARSNRFQGGKAF
1687,KNLDCWVDNEEDIDVILKKSTVL
1688,ETTGVVLLLEYIPEITRPVI
1689,ISGLGAIREDNNITLKLDRC
1690,TDRGGELCIKIK
1691,EIELAKKFNIKT
1692,DTIIMMDPPYCKGLDIYYKA
1693,SITFLRDFWGNPLRYDS
1694,PSSLIEGASEYYDPQYLRTD
1695,LLDKIVNAIPYLGNSYSLLD
1696,KQLLEFDTQSKNILMQYIKANSKYIGI
1697,NTIYQYLYAQKSPTTRQRIT
1698,DPNYLRTDSDKDRFRQTMVKLFNRIKN
1699,QNITLKLDRCNNNNQYVSID
1700,SVDDALINTTKIYSYFPSVISKVNQGAQGIL
1701,IDIESYKQIYQQKYQFDKDS
1702,FEGKANDSSPKPVGPPPERDIASLP
1703,KMILMYEEKAREKEKPS
1704,RRAEINREFL
1705,DFNPPSSLVEGA
1706,LQRITMTNSVDDARINSTKI
1707,RRLEEINREFL
1708,PALLLMHERIHVLHGLYGMQ
1709,KKLIDYEYKIYSGPDKEQIA
1710,QEIYMQHTYPLSAEELFTFG
1711,AGEGLLDKIINA
1712,KAKWLGTVNTQFQKRSFQMY
1713,DPNYLKTDSDKDRFLQTMVKLFNRIKN
1714,VKNDLYEKTLNDYKAIANKL
1715,NLDINNDVISDISGFNSSVI
1716,PKEIEKLFTSYLSITFLRDF
1717,DTQTKNILMQYIKANSKFIGITELKKLESKI
1718,DANLISIDIKNDLYEKTV
1719,AKKQLLEFDTQSKNILMQFI
1720,KSNAASTIEIHQIDDNTIYQ
1721,FLRDFWGNPLRYDTEYYVIP
1722,PSSLVEGASEYYDPNYLRTD
1723,RYEKWVEVYKLVKAKWLGTVNTQ
1724,TIYNDTEGFNIDSKDLKSEY
1725,PVTKGIPYAPEYKSNAASTTDIH
1726,KINKVFSTPIPFSYSKNVDC
1727,SFSEEPFQDEIVSYNSKNKP
1728,NTIYQYLYAQKSPTTLQRLT
1729,NEEDIDVILRKSTILNLDIN
1730,IVFLQWVRDIIDDFTNESSQ
1731,NQYISIDKFRIFCKALNPKEIEK
1732,KNLDCWVDNEEDLDVILKKSTIL
1733,PIPFSYSKNLDCWVDNEEDL
1734,GGKAFGLLKGQQEER
1735,DDFTNDSSQKTTIDKISDVSTIV
1736,KDSAGEIRQITFRDLPD
1737,EKIIKTIDNFLEKRYERWIE
1738,GNAFQNLDRILRVGYNA
1739,ESSQKSTIDKISDVSTIVPY
1740,EQEPSGATTKSAMLTNLIIFGPGPVLNKNEV
1741,QKSPTTLQRITMTNSVDDALVNS
1742,SIGTGWSVSLKGNNLIWTLK
1743,TITNDRLSSANVYINGV
1744,RDMWRGYSNMR
1745,LIPVASSSKDVNLKNITDYM
1746,ISAEERFTFGGQ
1747,PALLLMHELLHVLHGLYGMQ
1748,VLFLQWVRDIIDDFTNESSQ
1749,LKSEYKGQQMRVNTNAFRNV
1750,VFTFGGQDANLISIDIKNDL
1751,MTNSVEDALINSTKIYSYFP
1752,MGSAEITGLGAIREDQNITL
1753,LKSEYKGQNMRLNTNAFRNV
1754,TITNDKLSSANLYINGV
1755,EEKANRAMININIFMRESSRSFL
1756,EYSIESSMRKHSLSIGSGWSVSL
1757,LEKRYEKWIEVYKVVKAKWL
1758,QRFFGHGAEQS
1759,PIPFTYSKNLDCWVDNEEDI
1760,EEKANKAMLNINIFMRESSRSFL
1761,PERYEFGTKPEDFQPPSSLI
1762,DRLSSANLYINGVLMGSAEL
1763,GEVRQVTFRDLPDKFNAYLANKW
1764,AFNSSVITYPDAQLVPGINGKAI
1765,FNLLEQEPSGATTKSAMLTN
1766,KLIGDVSSGSGETF
1767,IISDITGFNSSVITYPD
1768,YNNLDRILRVGYNAPGIPLY
1769,ILKKSTILNLDLNNDII
1770,KIQKVFSTPIPFSYSKNLDC
1771,IISDISGFQSSVITYPD
1772,LVPGINGKAIHLVNNESSDV
1773,LANKWVFITITNDKLSSANLYIN
1774,PSSLIEGGSEYYDPNYLRTD
1775,DPNYLRTDSDKDKFLQTMVKLFNRIKN
1776,NLYINGLLMGSAEITGLGAIRED
1777,NGKALHLVNNESSEVIVHKAMDI
1778,ILFLQWVRDLIDDFTNESSQ
1779,NEIYMQHTYPISAEELFTFG
1780,NNNEHIVGYPKDANAFNNLD
1781,KNLDCWVDNEEDIDVVLKKSTIL
1782,MTNSIDDALINSTKIYSYFP
1783,EEKANKAMININIFMRESSRTFL
1784,LCKKIIPPTNIRENLYQRTA
1785,KSTILNLDINNDLISDISGFNSS
1786,KIFCKALNPKEIEKLYT
1787,NNISLKLDRCNNNNQYVSID
1788,QKSPSTLQRITMTNSVDDALINS
1789,ESSQKTTIDKISDLSTIVPY
1790,ILKKSTILNLDINNDIL
1791,DEENLPERL
1792,DLGKKFNIKTRLSYFSMNHD
1793,QRFFGHGGENS
1794,TDYMYLTQAPSYTNGKLNIY
1795,FTEIELGRKFNI
1796,EYSIESSMKKHTLSIGSGWSVSL
1797,DIVDDFTNESSQKTTIDKIS
1798,ESSQKTTIEKISDVSTIVPY
1799,NQYVSIDKFRIFCKALNPKELEK
1800,KRSAILRMIL
1801,KRSAILKMI
1802,LKLVMMFEGKANES
1803,NRFQGGKAFGLLK
1804,KRLEEINREFL
1805,SVALSNRFQGGKAF
1806,RLAEINREFL
1807,LRMMLGKRSAILK
1808,ERLDGINKHF
1809,KLIGEVSSGSGETF
1810,NGDIDIMSL
1811,SQSKDLQGGKAFGLLKAQ
1812,EKLGVPKTHLEL
1813,ELKKLIGEV
1814,QRFFGHGAENS
1815,RDMWRAYSNMR
1816,FRPAGLPEKY
1817,TKEVQSSLKAQQGLE
1818,RQIPQNFIADYF
1819,YTSRQIPQNF
1820,SKPGVIFLTKRSRQVCADPSEEWVQ
1821,RRLAEINREF
1822,FEGKANESSPKPVGPPPERDIASLP
1823,KMISEVTGGV
1824,REFLCDQKY
1825,TAFKEKYMEF
1826,VPKTHLEM
1827,DEENLPEKL
1828,RMMEKLGVPK
1829,GGKAFGLLKAQQEER
1830,LDDPKYSSDEDLPSKLEGF
1831,EINKQFLDDPKYSSDEDLPS
1832,GDIDIMSLKRMLEKLGVPK
1833,KMILMYEEKAREKEKPT
1834,SSGSGETFSYPDFLRMMLGKRSA
1835,RLDEINKQFL
1836,EGFKEKYMEFDLNGNGDIDIM
1837,EKAREKEKPTGPPA
1838,LDEINKQFLDDPKYS
1839,AEELFTFGGQDA
1840,AFCPEYVPTFDNVIENITSL
1841,AFRNVDGSGLVSKLIG
1842,AGEALLDKIINA
1843,AIREDNNITLKLDRCNNNNQYVS
1844,AKKQLLEFDTQSKNILMQYI
1845,ALNPKEIEKLYTSYLSI
1846,ANSKFIGITELKKLESKINK
1847,ASHLEQYGTNEYSIISSMKK
1848,CNDPNIDIDSYK
1849,DANLISIDIKNDLYEKTL
1850,DDFTNESSQKTTIDKISDVSTIV
1851,DFNPPSSLIEGA
1852,DIIDDFTNESSQKTTIDKIS
1853,DINNDIISDISGFNSSVITY
1854,DISGFNSSVITYPDAQLVPG
1855,DKISDVSTIVPYIGPALNIV
1856,DLTFIAEKNSFSEEPFQDEI
1857,DNKNYFPCRDGF
1858,DPNIDIDSYKQI
1859,DPNYLRTDSDKDRFLQTMVKLFNRIKN
1860,DPVNNDTIIMME
1861,DRCNNNNQYVSIDKFRI
1862,DRLSSANLYINGVLMGSAEI
1863,DTIIMMEPPYCKGLDIYYKA
1864,DTQSKNILMQYIKANSKFIGITELKKLESKI
1865,EALLDKIINAIP
1866,EEKANKAMININIFMRESSRSFL
1867,EIELGKKFNIKT
1868,EKIIKTIDNFLEKRYEKWIE
1869,ELGKKFNIKTRLSYFSMNHD
1870,ELIHVLHGLYGMQVSS
1871,ELKKLESKINKVFSTPIPFS
1872,EQDPSGATTKSAMLTNLIIFGPGPVLNKNEV
1873,ESSQKTTIDKISDVSTIVPY
1874,ETTGVVLLLEYIPEITLPVI
1875,EYSIESSMKKHSLSIGSGWSVSL
1876,FDKDSNGQYIVNEDKFQILY
1877,FIAEKNSFSEEPFQDEIVSYNTK
1878,FLRDFWGNPLRYDTEYYLIP
1879,FNAYLANKWVFITITNDRLS
1880,FNLLEQDPSGATTKSAMLTN
1881,FNNLDRILRVGYNAPGIPLY
1882,FQILYNSIMYGFTEIELGKK
1883,FTEIELGKKFNI
1884,FVKSGDFIKLYVSYNNNEHIVGY
1885,GALETTGVVLLLEYIPEITL
1886,GEVRQITFRDLPDKFNAYLANKW
1887,GFNSSVITYPDAQLVPGINGKAI
1888,GIPLYKKMEAVKLRDLKTYS
1889,GLVGTHNGQIGNDPNRDILIASNWYFNHLKDKILGCDWYFVPTDEGWTND
1890,GNAFNNLDRILRVGYNA
1891,GPDKEQIADEINNLKNKLEEKAN
1892,GTNEYSIISSMKKHSLSIGS
1893,GYIPEITLPVIAALSIAESSTQK
1894,HIVGYPKDGNAFNNLDRILRVGY
1895,IANKLSQVTSCNDPNIDIDS
1896,IDIDSYKQIYQQKYQFDKDS
1897,IDSFVKSGDFIKLYVSYNNN
1898,IEYNDMFNNFTVSFWLRVPKVSASHLEQYGT
1899,IISDISGFNSSVITYPD
1900,IKIKNEDLTFIAEKNSFSEE
1901,IKNDLYEKTLNDYKAIANKL
1902,ILFLQWVRDIIDDFTNESSQ
1903,ILKKSTILNLDINNDII
1904,IMQMAFCPEYVP
1905,ISAEELFTFGGQ
1906,ITGLGAIREDNNITLKLDRC
1907,IVDYNLQSKITLPNDRTTPV
1908,IVPERYEFGTKP
1909,IWIVPERYEFGT
1910,IYYKAFKITDRIWIVPERYE
1911,KAKWLGTVNTQFQKRSYQMY
1912,KAMDIEYNDMFNNFTVSFWLRVP
1913,KDSAGEVRQITFRDLPD
1914,KEIEKLYTSYLSITFLRDPWGNP
1915,KINKVFSTPIPFSYSKNLDC
1916,KKIIDYEYKIYSGPDKEQIA
1917,KNASLGLVGTHNGQIGNPPNRDI
1918,KNITDYMYLTNAPSYTNGKL
1919,KNKLEEKANKAMININ
1920,KNLDCWVDNEEDIDVILKKSTIL
1921,KQLLEFDTQSKNILMQYIKANSKFIGI
1922,KSNAASTIEIHNIDDNTIYQ
1923,KSTILNLDINNDIISDISGFNSS
1924,LANKWVFITITNDRLSSANLYIN
1925,LCIKIKNEDLTFIAEKNSFS
1926,LCKKIIPPTNIRENLYNRTA
1927,LEKRYEKWIEVYKLVKAKWL
1928,LEYIPEITLPVIAALSIAES
1929,LFTFGGQDANLISIDIKNDL
1930,LIPVASSSKDVQLKNITDYM
1931,LIWTLKDSAGEVRQITF
1932,LKLYDDKNASLGLVGTH
1933,LKSEYKGQNMRVNTNAFRNV
1934,LKTYSVQLKLYDDKNASLGL
1935,LLDKIINAIPYLGNSYSLLD
1936,LPNDRTTPVTKG
1937,LPVIAALSIAESSTQKEKII
1938,LQRITMTNSVDDALINSTKI
1939,LRVGYNAPGIPLYKKMEAVKLRD
1940,LRYDTEYYLIPVASSSKDVQ
1941,LVPGINGKAIHLVNNESSEV
1942,LYGMQVSSHEIIPSKQEIYM
1943,MEAVKLRDLKTYSVQLK
1944,MGSAEITGLGAIREDNNITL
1945,MTNSVDDALINSTKIYSYFP
1946,NAPSYTNGKLNIYYRRLYNGLKF
1947,NDRTTPVTKGIP
1948,NEEDIDVILKKSTILNLDIN
1949,NGKAIHLVNNESSEVIVHKAMDI
1950,NGLKFIIKRYTPNNEIDSFVKSG
1951,NIDDNTIYQYLYAQKSPTTL
1952,NITSLTIGKSKYFQDPALLL
1953,NKNEVRGIVLRVDNKNYFPC
1954,NLDINNDIISDISGFNSSVI
1955,NLYINGVLMGSAEITGLGAIRED
1956,NNDTIIMMEPPY
1957,NNITLKLDRCNNNNQYVSID
1958,NNNEHIVGYPKDGNAFNNLD
1959,NPPSSLIEGASE
1960,NQYVSIDKFRIFCKALNPKEIEK
1961,NTIYQYLYAQKSPTTLQRIT
1962,NYFPCRDGFGSIMQMAFCPE
1963,NYSLDKIIVDYNLQSKITLP
1964,PALLLMHELIHVLHGLYGMQ
1965,PALNIVKQGYEGNFIGALET
1966,PDKFNAYLANKWVFITI
1967,PERYEFGTKPEDFNPPSSLI
1968,PIPFSYSKNLDCWVDNEEDI
1969,PITINNFRYSDPVNNDTIIM
1970,PKEIEKLYTSYLSITFLRDF
1971,PSSLIEGASEYYDPNYLRTD
1972,PVTKGIPYAPEYKSNAASTTEIH
1973,PWGNPLRYDTEYYLIPVASSSKD
1974,QEIYMQHTYPISAEELFTFG
1975,QKSPTTLQRITMTNSVDDALINS
1976,QMAFCPEYVPTF
1977,RESSRSFLVNQMINEAKKQL
1978,RIFCKALNPKEIEKLYT
1979,RTTPVTKGIPYAPEYKSNAA
1980,RYEKWIEVYKLVKAKWLGTVNTQ
1981,SFSEEPFQDEIVSYNTKNKP
1982,SIGSGWSVSLKGNNLIWTLK
1983,SITFLRDFWGNPLRYDT
1984,SLTDLGGELC
1985,SLTLGGELCIKIKNEDLTFIAEK
1986,SMNHDPVKIPNLLDDTIYND
1987,SRSFLVNQMINEAKKQLLEFDTQ
1988,SSANLYINGVLMGSAEITGL
1989,SSEVIVHKAMDIEYNDM
1990,SSMKKHSLSIGSGWSVSLKG
1991,SSSKDVQLKNITDYMYLTNAPSY
1992,SSTQKEKIIKTIDNFLEKRYEKW
1993,SVDDALINSTKIYSYFPSVISKVNQGAQGIL
1994,SYNTKNKPLNFNYSLDKIPVTKG
1995,SYQMYRSLEYQVDAIKKIID
1996,TDLGGELCIKIK
1997,TDYMYLTNAPSYTNGKLNIY
1998,TITNDRLSSANLYINGV
1999,TIYNDTEGFNIESKDLKSEY
