,0
0,LANKWVFITITNERLSSANLYIN
1,LIWTLKDTAGEVRQITF
2,NIDDNTIYQYLYGQKSPTTL
3,KAMDIEYNDMFNNFSVSFWLRVP
4,ILKKSTILNLDINNEII
5,DANLVSIDIKNDLYEKTL
6,QQYVSIDKFRIFCKALNPKEIEK
7,AKKQRLEFDTQSKNILMQYI
8,PALLLMHELIHVLHGLFGMQ
9,RRLEEINREFL
10,FNLLEQDPSAATTKSAMLTN
11,QEIYMQHTYPISAEDLFTFG
12,LCIRIKNEDLTFIAEKNSFS
13,QKFFGHGAENS
14,RIFCKALNPKDIEKLYT
15,RMMEKLGLPK
16,ERRDGINKHF
17,PERYDFGTKPEDFNPPSSLI
18,SSGSGETFTYPDFLRMMLGKRSA
19,SIGSGWSVSLKGNNRIWTLK
20,LKTYSVQLKLYDDKNGSLGL
21,ANSKFIGITELKKLESKIQK
22,NIDDNTIYQYLYAQRSPTTL
23,DSIIMMEPPYCKGLDIYYKA
24,NEEDIDVILKKSTILQLDIN
25,NQYVSIDKFRIFCKALNPKELEK
26,VLDKIINAIPYLGNSYSLLD
27,SSGNLYINGVLMGSAEITGL
28,RCIKIKNEDLTFIAEKNSFS
29,KLVGEVSSGSGETF
30,DPNYLRTDSDKDRYLQTMVKLFNRIKN
31,KSNAASTIDIHNIDDNTIYQ
32,FNNLDRVLRVGYNAPGIPLY
33,LANKWVFITITQDRLSSANLYIN
34,ANSKFIGITELKKLESKINR
35,SSSRDVQLKNITDYMYLTNAPSY
36,SVARSNRFQGGKAF
37,NGLKFIIRRYTPNNEIDSFVKSG
38,KSTILNLDINNDIISDISGFNTS
39,KNASLGLVGTHNGQIGNPPNKDI
40,RETSRSFLVNQMINEAKKQL
41,LRYDTDYYLIPVASSSKDVQ
42,FEKDSNGQYIVNEDKFQILY
43,PKEIEKLYTSYLSISFLRDF
44,LIWTLKESAGEVRQITF
45,NTIYQYLYANKSPTTLQRIT
46,RLAEINREFV
47,LKTYSVQLKLYDDKNASLGV
48,NLYINGVLMGSAEITGLAAIRED
49,QEIYMQHSYPISAEELFTFG
50,LRDKIINAIPYLGNSYSLLD
51,PALNIVKQGFEGNFIGALET
52,FDKDSNGQYIVNEDKFNILY
53,VRMMLGKRSAILK
54,DQDPSGATTKSAMLTNLIIFGPGPVLNKNEV
55,FEGKANESSPKPIGPPPERDIASLP
56,IWIIPERYEFGT
57,AEERFTFGGQDA
58,NEDDIDVILKKSTILNLDIN
59,EGLLDKIINAIP
60,LPVIAALSIGESSTQKEKII
61,SSSKDVQRKNITDYMYLTNAPSY
62,GLVGTHNGQLGNDPNRDILIASNWYFNHLKDKILGCDWYFVPTDEGWTND
63,GALETTGVVLLLEYIPEVTL
64,DINNDLISDISGFNSSVITY
65,LKLVMMFEGRANES
66,KKLIDYEYKIYSGPDKEQIA
67,EEKANKAMIQINIFMRESSRSFL
68,IKNDLYEKTLNDYKAIANRL
69,EDKANKAMININIFMRESSRSFL
70,NQDTIIMMEPPY
71,EQDPSGATTKSAMLTNLIIFGPGPILNKNEV
72,SVTLGGELCIKIKNEDLTFIAEK
73,KTTPVTKGIPYAPEYKSNAA
74,KQLVEFDTQSKNILMQYIKANSKFIGI
75,KKSAILKMI
76,DPNYLRTDSDKDRFLQTMVKLYNRIKN
77,NTIYQYLYAQKSPTTLNRIT
78,GFNSSVITYPDANLVPGINGKAI
79,LRYDTEFYLIPVASSSKDVQ
80,DNKNYFPCRDAF
81,DRLSSANLYINGLLMGSAEI
82,ELGRKFNIKTRLSYFSMNHD
83,RIFCKALNPKEIDKLYT
84,FDKDSNGQYILNEDKFQILY
85,KKIIDYEYKIYSGPDKEQVA
86,CNDPNVDIDSYK
87,EKIIKTIDNFLEKRYEKWID
88,TITFLRDFWGNPLRYDT
89,EGFKDKYMEFDLNGNGDIDIM
90,PALLVMHELIHVLHGLYGMQ
91,SLTLGGERCIKIKNEDLTFIAEK
92,MGSAEITGLGAIREDNNITR
93,IYYKAFKITDRLWIVPERYE
94,GTNEFSIISSMKKHSLSIGS
95,LRYDTEYYLIPVASSTKDVQ
96,NGEIDIMSL
97,GGKAFGLLKAQQEEK
98,VPKTHREM
99,DLTFIAERNSFSEEPFQDEI
100,IKIKNEDLTFIAEKNTFSEE
101,FQILYNSIMYGFSEIELGKK
102,HIVGYPKDGNAFNNLDRLLRVGY
103,MSNSVDDALINSTKIYSYFP
104,LKTFSVQLKLYDDKNASLGL
105,DRCNNNNQYVSIDRFRI
106,LANKWVFITLTNDRLSSANLYIN
107,EKLGVPKTHLER
108,PWGNPLRYDTEYYLIPVGSSSKD
109,GLVGTHNGQIGNDPNRDILIASNWYFNHLKDKIVGCDWYFVPTDEGWTND
110,YTSRQIPQNY
111,NGKAVHLVNNESSEVIVHKAMDI
112,GDIDIMSLRRMLEKLGVPK
113,IEYNDMFNNFTVSFWLRVPKVSASHLEQYAT
114,PALRLMHELIHVLHGLYGMQ
115,NNITLKLDRCNNQNQYVSID
116,ERCNNNNQYVSIDKFRI
117,AKKQLLEFDSQSKNILMQYI
118,KNASLGLVGTHNAQIGNPPNRDI
119,GDIDIMSLKRMLEKLGVPR
120,SSSKDVQLKNITDYMYVTNAPSY
121,AIREDNNLTLKLDRCNNNNQYVS
122,QLDINNDIISDISGFNSSVI
123,SYNTKNRPLNFNYSLDKIPVTKG
124,SVDDAVINSTKIYSYFPSVISKVNQGAQGIL
125,PERFEFGTKPEDFNPPSSLI
126,TKEVQTSLKAQQGLE
127,PKEIEKRYTSYLSITFLRDF
128,IVDYNRQSKITLPNDRTTPV
129,EYSIETSMKKHSLSIGSGWSVSL
130,QIDDNTIYQYLYAQKSPTTL
131,SSGSGETFSYPEFLRMMLGKRSA
132,NITSLTIGKSKYFQDPARLL
133,KSTILNLDINNDIISEISGFNSS
134,IYYKGFKITDRIWIVPERYE
135,EKIIKTIDNFLEKRYDKWIE
136,LPVIAARSIAESSTQKEKII
137,SSSKDVQLKQITDYMYLTNAPSY
138,EALLEKIINAIP
139,SKSFLVNQMINEAKKQLLEFDTQ
140,SMNHDPVKIPNLLDDTIYQD
141,ILFLQWLRDIIDDFTNESSQ
142,LRVGYNAPGIPLYKKMEAVKVRD
143,FQILYNSIMYGFTELELGKK
144,SYNTKNKPLNFNYSLDKIPVSKG
145,GFNSSVITYPDAQVVPGINGKAI
146,NYSLDKIIVDYNLQSKISLP
147,PALNIVKQGYEGNYIGALET
148,PWGNPLRYDTEYYLIPVASSSRD
149,KSNAASTIEIHNIDDNTVYQ
150,SSTQKEKIIKTLDNFLEKRYEKW
151,LKTYSVQLKLYDDKNASVGL
152,DTVIMMEPPYCKGLDIYYKA
153,FNAFLANKWVFITITNDRLS
154,QKTPTTLQRITMTNSVDDALINS
155,ESSQKTTLDKISDVSTIVPY
156,MEAVRLRDLKTYSVQLK
157,SSSKDVQLKNITDYMYLTNGPSY
158,AIRDDNNITLKLDRCNNNNQYVS
159,QKSPTTLQRISMTNSVDDALINS
160,LRVGYNAPGIPLYKKMEALKLRD
161,IISDISGFNSSVLTYPD
162,DTQSKNILMQYIKANSKYIGITELKKLESKI
163,PKEIEKLYTSYRSITFLRDF
164,SKPGVIFLTRRSRQVCADPSEEWVQ
165,ESTGVVLLLEYIPEITLPVI
166,SLTRGGELCIKIKNEDLTFIAEK
167,NAPSYTNGKLNIYYRRLYNGLKY
168,SFSEEPFQDEVVSYNTKNKP
169,LRMMLAKRSAILK
170,ESSQKTTIDKVSDVSTIVPY
171,AGKAFGLLKAQQEER
172,LQRITMTNSVDDARINSTKI
173,LCIKIKNEDLTYIAEKNSFS
174,EKRGVPKTHLEL
175,EKAKEKEKPTGPPA
176,IEYNDMFNNFTVSFWLRVPKVTASHLEQYGT
177,FQILYNSIMYGFTDIELGKK
178,DINNDIISEISGFNSSVITY
179,SMQHDPVKIPNLLDDTIYND
180,GFNSSLITYPDAQLVPGINGKAI
181,ASHLEQYGTNEYSLISSMKK
182,RYEKWIEVYKLVRAKWLGTVNTQ
183,NTIYQYLYGQKSPTTLQRIT
184,DISGFNSSVITYPDAQLIPG
185,RTTPVTKGIPYAPEYRSNAA
186,PSSLIEGASEYYDPQYLRTD
187,PERYEFGSKPEDFNPPSSLI
188,FIADKNSFSEEPFQDEIVSYNTK
189,MEAVKLRDVKTYSVQLK
190,SSSKDIQLKNITDYMYLTNAPSY
191,KSNAASTIEIHNVDDNTIYQ
192,LDDPKYSSDEDLPSKLEGY
193,EINKQFLDEPKYSSDEDLPS
194,SITFLRDFWGNPLKYDT
195,IIDYNLQSKITLPNDRTTPV
196,FVKSGDFIKLYVSYNQNEHIVGY
197,RLDEINRQFL
198,LPVIAGLSIAESSTQKEKII
199,SYNMYRSLEYQVDAIKKIID
200,EYSIESSMKKHSLSLGSGWSVSL
201,RIFCKALNPKEIERLYT
202,SQTKDLQGGKAFGLLKAQ
203,NTIYQYLYAQKSPSTLQRIT
204,SSMKKHSLSIGSGWSVSLKA
205,NNNEHIVGYPKDANAFNNLD
206,NNITLKLDRCNNNNQYLSID
207,LDDPKYTSDEDLPSKLEGF
208,SSGSAETFSYPDFLRMMLGKRSA
209,DAQLISIDIKNDLYEKTL
210,ELKRLIGEV
211,EPNIDIDSYKQI
212,KAMDIDYNDMFNNFTVSFWLRVP
213,GDVRQITFRDLPDKFNAYLANKW
214,SFSEEPFNDEIVSYNTKNKP
215,IDSFVKSGDYIKLYVSYNNN
216,LVPGINGKAIHLVNNETSEV
217,AFCPEYVPTFDNVLENITSL
218,NPPSSLLEGASE
219,KEIEKRYTSYLSITFLRDPWGNP
220,LCLKIKNEDLTFIAEKNSFS
221,LRMMRGKRSAILK
222,KDSAGEVRQITFRELPD
223,NLYINGVLMGSAEVTGLGAIRED
224,SITFLREFWGNPLRYDT
225,PDKFNAYLANKWVFITL
226,LKLYDDKQASLGLVGTH
227,SRSFRVNQMINEAKKQLLEFDTQ
228,DFNPPSSVIEGA
229,PWGNPLRYDTEFYLIPVASSSKD
230,DTQSKNILMQYIKANSKFIGITELKKRESKI
231,DDFTNESSQKTTIDKISEVSTIV
232,VPKSHLEM
233,RCKKIIPPTNIRENLYNRTA
234,SYQMYRSLEYQVDAIKKLID
235,KDSAGEVKQITFRDLPD
236,LKTYSVQVKLYDDKNASLGL
237,SYQMYRSVEYQVDAIKKIID
238,SSMKRHSLSIGSGWSVSLKG
239,RLDEINKQFV
240,GLVGTHNGQIGNDPNRDILIASNWYYNHLKDKILGCDWYFVPTDEGWTND
241,NLDDNTIYQYLYAQKSPTTL
242,LEKRYEKWIEVYKRVKAKWL
243,PDKFNAFLANKWVFITI
244,KINKVFSTPIPFSYSKNLEC
245,GYLPEITLPVIAALSIAESSTQK
246,ELGKKFNIKTRVSYFSMNHD
247,LIPVASSSKDVQLRNITDYM
248,IKIKNEDLTFIAEKNSFSED
249,ALREDNNITLKLDRCNNNNQYVS
250,LEDPKYSSDEDLPSKLEGF
251,SYNTKNKPLNFNYSLDRIPVTKG
252,SFSDEPFQDEIVSYNTKNKP
253,GLVGTHNAQIGNDPNRDILIASNWYFNHLKDKILGCDWYFVPTDEGWTND
254,GPDKEQIADEINNLKNKVEEKAN
255,EINKQFLEDPKYSSDEDLPS
256,EKGREKEKPTGPPA
257,FIAEKNSFSEDPFQDEIVSYNTK
258,SITFLRDFWGQPLRYDT
259,SLSLGGELCIKIKNEDLTFIAEK
260,SSGSGETYSYPDFLRMMLGKRSA
261,SQSKDLQAGKAFGLLKAQ
262,SSANLYINGVLMGSAEVTGL
263,DFQPPSSLIEGA
264,GPDREQIADEINNLKNKLEEKAN
265,PGLNIVKQGYEGNFIGALET
266,KSTILQLDINNDIISDISGFNSS
267,QPPSSLIEGASE
268,KRSAILKMV
269,GPDKENIADEINNLKNKLEEKAN
270,IKNDLYEKTLNDYKAVANKL
271,SLDDALINSTKIYSYFPSVISKVNQGAQGIL
272,NNETIIMMEPPY
273,KNITEYMYLTNAPSYTNGKL
274,LLPGINGKAIHLVNNESSEV
275,MEAVKLRELKTYSVQLK
276,DINNDIVSDISGFNSSVITY
277,NGKAIHLVNNESSEVIVHKAMDV
278,HIVGYPKDGNAFQNLDRILRVGY
279,LCKKIIPPTNIRENRYNRTA
280,DKAREKEKPTGPPA
281,QNDTIIMMEPPY
282,SIGSGWSLSLKGNNLIWTLK
283,SVALSNRFQGAKAF
284,SRSFLVNQMINEAKKQLLEYDTQ
285,KNGSLGLVGTHNGQIGNPPNRDI
286,ALNPKEIEKLYTTYLSI
287,QKSPTTRQRITMTNSVDDALINS
288,EINKQFLDDPKYSSDEELPS
289,EAVLDKIINAIP
290,GTNEYSIISSMRKHSLSIGS
291,SVDDGLINSTKIYSYFPSVISKVNQGAQGIL
292,RESSRSFLVNQMLNEAKKQL
293,SVEDALINSTKIYSYFPSVISKVNQGAQGIL
294,FVKSGDFIKRYVSYNNNEHIVGY
295,NNITLKLERCNNNNQYVSID
296,LIWTLKDSAAEVRQITF
297,GIPLFKKMEAVKLRDLKTYS
298,KMILMYDEKAREKEKPT
299,EALLDKVINAIP
300,KDSAGEVRNITFRDLPD
301,KSTIRNLDINNDIISDISGFNSS
302,KQLLEFDTQSKNILMQYIKANSRFIGI
303,ANSKFIGITDLKKLESKINK
304,EQDPSGATTKSAMLTNLIIFGPGPVLNKNEL
305,PWGNPLRYDTDYYLIPVASSSKD
306,NQFVSIDKFRIFCKALNPKEIEK
307,SQSRDLQGGKAFGLLKAQ
308,AKKQLLEFDTQTKNILMQYI
309,GFNSSVITYPDAQLVPAINGKAI
310,ETTGVVLLLEFIPEITLPVI
311,MDAVKLRDLKTYSVQLK
312,ANSKFLGITELKKLESKINK
313,GPDKEQIADELNNLKNKLEEKAN
314,LYGMQVSSHEIIPSKQELYM
315,SVALSNRFNGGKAF
316,GPDKEQIADEINNLKNRLEEKAN
317,NNITLKLDRCNNNNNYVSID
318,KIQKVFSTPIPFSYSKNLDC
319,GGKAFGLLKGQQEER
320,GAVETTGVVLLLEYIPEITL
321,TDYMYLTNAPSYTNGKRNIY
322,GVPLYKKMEAVKLRDLKTYS
323,DINNDIISDITGFNSSVITY
324,ELGKKFNIKSRLSYFSMNHD
325,GALETTGVILLLEYIPEITL
326,LFSFGGQDANLISIDIKNDL
327,IVPERYDFGTKP
328,VCKKIIPPTNIRENLYNRTA
329,FNAYLAQKWVFITITNDRLS
330,SSANLYINGVLMGSAEITGV
331,SQSKDRQGGKAFGLLKAQ
332,TITNDRLSSANLYLNGV
333,SMNHDPVKIPNLLDDTIFND
334,IKIKNEDLTFIAEKNSYSEE
335,LIPVASSSKDVQVKNITDYM
336,LKLVMMYEGKANES
337,LEKRYEKWIEVYRLVKAKWL
338,FNNLDRLLRVGYNAPGIPLY
339,EKIIKTIDNFLEKKYEKWIE
340,MGTAEITGLGAIREDNNITL
341,ELRKLESKINKVFSTPIPFS
342,MEAVKLKDLKTYSVQLK
343,KKIIDYEYKIYSAPDKEQIA
344,KNASLGLVGTHNGNIGNPPNRDI
345,DINQDIISDISGFNSSVITY
346,LYGMQVSSHDIIPSKQEIYM
347,AGEALLDKIIQA
348,KRREEINREFL
349,SSSKDVQLKNVTDYMYLTNAPSY
350,SITFRRDFWGNPLRYDT
351,LANKWVFITITNDRLSSANRYIN
352,DPNYLRTDSDKDRFLQTMVKLFNKIKN
353,TIYNDTEGYNIESKDLKSEY
354,NTLYQYLYAQKSPTTLQRIT
355,FLAEKNSFSEEPFQDEIVSYNTK
356,NGKAIHRVNNESSEVIVHKAMDI
357,ILFLQWIRDIIDDFTNESSQ
358,FNAYLANKWVFITISNDRLS
359,IKIRNEDLTFIAEKNSFSEE
360,LIPVASSSKDVQLKNISDYM
361,KAKWLGTVNSQFQKRSYQMY
362,EINKQFLDDPKYSSDEDRPS
363,ATNEYSIISSMKKHSLSIGS
364,LCKKIIPPTNIRENLYQRTA
365,NLDINNDIISDITGFNSSVI
366,PALNIVKQGYEGNFIGALES
367,TAFKERYMEF
368,SRSFLVNQMINEAKKQLLDFDTQ
369,EGYKEKYMEFDLNGNGDIDIM
370,NLDINNEIISDISGFNSSVI
371,GFNTSVITYPDAQLVPGINGKAI
372,LCIKIKNEDLTFIAEKNSYS
373,DTQSKNILMQYVKANSKFIGITELKKLESKI
374,PARNIVKQGYEGNFIGALET
375,KMLSEVTGGV
376,LYGMQVSSHEIIPSKQDIYM
377,SSASGETFSYPDFLRMMLGKRSA
378,NITSLSIGKSKYFQDPALLL
379,FTEIEVGKKFNI
380,PKEIEKVYTSYLSITFLRDF
381,TIYNDTEGFNIESKDRKSEY
382,NLYLNGVLMGSAEITGLGAIRED
383,NYFPCREGFGSIMQMAFCPE
384,SSEVIVHKAMDIEFNDM
385,FLRDFWGQPLRYDTEYYLIP
386,GYIPEVTLPVIAALSIAESSTQK
387,SVDDALINSTKIYSYFPSVISKVNQGAQGIR
388,KAMDIEYNDMFNNFTISFWLRVP
389,KSTILNLDLNNDIISDISGFNSS
390,NLYINGVLMGSGEITGLGAIRED
391,LCIKIKNEDLTFIAEKQSFS
392,SRSFLVNQMINDAKKQLLEFDTQ
393,RESSRSFRVNQMINEAKKQL
394,GPEKEQIADEINNLKNKLEEKAN
395,KRSAVLRMIL
396,LCKKIIPPTNIRENLYNRTG
397,LQRITMTNSVDDALINSTKV
398,GLVGTHNGQIGNDPNRDILIASNWYFNHLKDKILACDWYFVPTDEGWTND
399,NTIYQFLYAQKSPTTLQRIT
400,DINNDIISDLSGFNSSVITY
401,NGLKFIIKRYSPNNEIDSFVKSG
402,SSSKDVQLKNITDYMYLTQAPSY
403,PWGNPLRYDTEYFLIPVASSSKD
404,RYEKWIEIYKLVKAKWLGTVNTQ
405,FNAYLANKWVFITITNDRVS
406,GPDKEQIADEVNNLKNKLEEKAN
407,DALLDKIINAIP
408,DDFTNESSQKTTIDKISDVSTIL
409,GLVGTHNGQIGNDPNRDILIASNWYFNHLRDKILGCDWYFVPTDEGWTND
410,EINKQFLDDPRYSSDEDLPS
411,SSTQKEKIIKSIDNFLEKRYEKW
412,FEGKANESSPKPVGPPPEREIASLP
413,RKSEYKGQNMRVNTNAFRNV
414,LDDPKYSSDEDVPSKLEGF
415,ITGLGGIREDNNITLKLDRC
416,LANKWVFITITNDRVSSANLYIN
417,PALLLMHERIHVLHGLYGMQ
418,IDSFVKSGEFIKLYVSYNNN
419,LKSEYKGQNMRVNTQAFRNV
420,EGFKEKYMEFDLNGNADIDIM
421,LEYIPEITLPVIAALTIAES
422,SKPGVIFLTKRSRQVCADPSEEWLQ
423,SFSEEPFQDELVSYNTKNKP
424,PWGNPVRYDTEYYLIPVASSSKD
425,DTQSKNILMQYIKANSKFIGITELRKLESKI
426,DLGKKFNIKTRLSYFSMNHD
427,NYYPCRDGFGSIMQMAFCPE
428,FVKSGDFIKLYVSYNNNEHIVAY
429,RESSRTFLVNQMINEAKKQL
430,ADIDIMSLKRMLEKLGVPK
431,LPVIAALSLAESSTQKEKII
432,EEENLPEKL
433,PALNIIKQGYEGNFIGALET
434,AIREDNNITLKRDRCNNNNQYVS
435,DTIIMMEPPYCKGLDIYYKG
436,DISGFNSSVISYPDAQLVPG
437,PVTKGIPYAPEYKTNAASTTEIH
438,LDEINKNFLDDPKYS
439,NYSLDRIIVDYNLQSKITLP
440,ILKKSTILQLDINNDII
441,PSSLLEGASEYYDPNYLRTD
442,AGEALLDKLINA
443,LKLYDDKNATLGLVGTH
444,KRLEEINRDFL
445,NKNEVRGIILRVDNKNYFPC
446,KDSAGEVRQITFRDLPE
447,SIYNDTEGFNIESKDLKSEY
448,IISDISGFNSSVITFPD
449,MEAVKLRDLKTYSVQVK
450,FVKSGEFIKLYVSYNNNEHIVGY
451,LIWTLKDSAGDVRQITF
452,CNDPNIDIDSYR
453,SIGSAWSVSLKGNNLIWTLK
454,ELGKKFNIKTRLSFFSMNHD
455,PVTINNFRYSDPVNNDTIIM
456,LTGLGAIREDNNITLKLDRC
457,KQLLEFDTQSKNLLMQYIKANSKFIGI
458,KEIEKLYTSYLTITFLRDPWGNP
459,KRLEDINREFL
460,SRTFLVNQMINEAKKQLLEFDTQ
461,NNNEHIVGYPKDGQAFNNLD
462,KINKVFSTPIPFSFSKNLDC
463,KDSAGEVRQITFKDLPD
464,IVPDRYEFGTKP
465,DRCNNNNQYVSIDKYRI
466,SYQMYRTLEYQVDAIKKIID
467,KGKWLGTVNTQFQKRSYQMY
468,FLKSGDFIKLYVSYNNNEHIVGY
469,AFCPEYVPTFDNLIENITSL
470,GYIPEITLPVIAALSLAESSTQK
471,ETTGVVLLLEYIPEITLPII
472,SKPGVIFLSKRSRQVCADPSEEWVQ
473,SSSKDVNLKNITDYMYLTNAPSY
474,GTNEYSVISSMKKHSLSIGS
475,NEEEIDVILKKSTILNLDIN
476,EQDPSGATTKSAMLTNLIIFGPGPVLNRNEV
477,DKVSDVSTIVPYIGPALNIV
478,LIPVASSSKDVQRKNITDYM
479,SIALSNRFQGGKAF
480,DDFTNESSQKTTIDKISDISTIV
481,FDRDSNGQYIVNEDKFQILY
482,RESSRSFLVNQMINEAKKQV
483,NGLKFIIKRYTPNNEIDSFVRSG
484,LDSFVKSGDFIKLYVSYNNN
485,AKKQLLEFETQSKNILMQYI
486,GALETTGVVLLLEYLPEITL
487,TVALSNRFQGGKAF
488,IEYNDMFNNFTVSFWLRVPKLSASHLEQYGT
489,LKTYSVQLKLYDEKNASLGL
490,GNAFNNLDRILRLGYNA
491,SITFLKDFWGNPLRYDT
492,IDIDSYKQVYQQKYQFDKDS
493,IKIKNEDLTFLAEKNSFSEE
494,NYSLDKVIVDYNLQSKITLP
495,PVTKGIPYAPEYKSNGASTTEIH
496,GEVRQITFRDLPDKFQAYLANKW
497,SYQMYRSLEYQVEAIKKIID
498,LDDPRYSSDEDLPSKLEGF
499,FEGKANESSPKPVGPPPEKDIASLP
500,NQYVSIDKFKIFCKALNPKEIEK
501,NNITLKVDRCNNNNQYVSID
502,GLVGTHNGQIGNDPQRDILIASNWYFNHLKDKILGCDWYFVPTDEGWTND
503,SVDDALINSTKIYSYFPSLISKVNQGAQGIL
504,LKLLMMFEGKANES
505,LRLVMMFEGKANES
506,SSMKKHSLSIGSGWSLSLKG
507,IDSFVKSGDFIKLYVSYQNN
508,GFNSSVITYPDAQLVPGINGKGI
509,SIGSGWTVSLKGNNLIWTLK
510,AGEALRDKIINA
511,KMISEVSGGV
512,KEIEKLYTSYLSVTFLRDPWGNP
513,LRMMLGKRSGILK
514,DPNYLKTDSDKDRFLQTMVKLFNRIKN
515,RRLAEVNREF
516,FEGKANESSPKPVGPPPERDVASLP
517,VDSFVKSGDFIKLYVSYNNN
518,GYIPEITLPIIAALSIAESSTQK
519,ISGLGAIREDNNITLKLDRC
520,ELTFIAEKNSFSEEPFQDEI
521,KMIRMYEEKAREKEKPT
522,KNITDYMYLTNAPSYTNAKL
523,ETTGVLLLLEYIPEITLPVI
524,LPNDRTTPVTRG
525,NAPSYTNGRLNIYYRRLYNGLKF
526,EGFKEKYMEYDLNGNGDIDIM
527,AYIPEITLPVIAALSIAESSTQK
528,PREIEKLYTSYLSITFLRDF
529,SKPGIIFLTKRSRQVCADPSEEWVQ
530,GEVRQITFRDLPDKFNAYRANKW
531,FEGKANESSPKPVGPPPERDLASLP
532,PERYEFGTKPEDFNPPSSVI
533,AKKQLLEFDTQSKNILMQYL
534,AGEALLDKIVNA
535,KNLDCWVDNEEDIDVILKKSTIV
536,ASHLEQYGTNEYSIISSMKR
537,DTQSKNILMQYIKANSKFIGITELKKLESKV
538,LEKRYEKWLEVYKLVKAKWL
539,TAYKEKYMEF
540,AEEVFTFGGQDA
541,GFIPEITLPVIAALSIAESSTQK
542,YVKSGDFIKLYVSYNNNEHIVGY
543,RESSRSFVVNQMINEAKKQL
544,DISGFNSSVITYPEAQLVPG
545,DIQNDIISDISGFNSSVITY
546,EEKANKAMININIFMRETSRSFL
547,QKSPTTLQRLTMTNSVDDALINS
548,KLIGEVTSGSGETF
549,GLIGTHNGQIGNDPNRDILIASNWYFNHLKDKILGCDWYFVPTDEGWTND
550,NNITLRLDRCNNNNQYVSID
551,EALLDKIINALP
552,KLIGEVSSGSGESF
553,DGNLISIDIKNDLYEKTL
554,KINKVYSTPIPFSYSKNLDC
555,EARLDKIINAIP
556,LCKKLIPPTNIRENLYNRTA
557,EYSIESSMKKHSLSIGSAWSVSL
558,LFTFGGQDAQLISIDIKNDL
559,EINKQFLDDPKYSTDEDLPS
560,LLDKIINAIPYLGQSYSLLD
561,KEIERLYTSYLSITFLRDPWGNP
562,PITINNFRYTDPVNNDTIIM
563,KNLDCWVDNEEDIDVILKRSTIL
564,SYQMYRSLEYQVDAIKKIIE
565,LCKKIIPPSNIRENLYNRTA
566,GNAFNNLDRILRIGYNA
567,NSIYQYLYAQKSPTTLQRIT
568,KMLLMYEEKAREKEKPT
569,RQIPQNFVADYF
570,SITFLRDFWANPLRYDT
571,KLIGEVSSASGETF
572,NKNEVRGVVLRVDNKNYFPC
573,PDRFNAYLANKWVFITI
574,NIDDNTIYQYLFAQKSPTTL
575,IKNDRYEKTLNDYKAIANKL
576,SVALSNRFQGGRAF
577,ISADELFTFGGQ
578,EEKANKAMININIFMRESSRSYL
579,AFCPEYVPTFDNVIENLTSL
580,EKISDVSTIVPYIGPALNIV
581,AGEALVDKIINA
582,SITFLRDFWGNPLRFDT
583,TLTLGGELCIKIKNEDLTFIAEK
584,LKLYDDRNASLGLVGTH
585,KNKVEEKANKAMININ
586,GDIDIMSLKKMLEKLGVPK
587,NNDTVIMMEPPY
588,DLTFIGEKNSFSEEPFQDEI
589,ERLDGIQKHF
590,QKSPTTLQRITMTNSVDDALINT
591,NLDINNDVISDISGFNSSVI
592,NAPSYTNGKRNIYYRRLYNGLKF
593,DRCNNNNQYVTIDKFRI
594,SYQMYRSLEYQVDAIKRIID
595,ELKKLESKINKVFTTPIPFS
596,NTIYQYLYAQKTPTTLQRIT
597,KINKIFSTPIPFSYSKNLDC
598,ESSQKTTIDKISDISTIVPY
599,IKNDLYEKTLNDYKAIANKR
600,AFCPEYVPTFDNVIENITTL
601,FNLLEQDPSGATTKSGMLTN
602,SLTDLGGERC
603,FNLLEQDPTGATTKSAMLTN
604,TITNDRLSSANVYINGV
605,ILKKSTILNLEINNDII
606,LRLGYNAPGIPLYKKMEAVKLRD
607,QEIYMNHTYPISAEELFTFG
608,GLVGTHNGQIGNDPNRDILIASNWYFNHLKDKILGCDWYFVPTDEGWTQD
609,LEYIPEVTLPVIAALSIAES
610,DPNIDIESYKQI
611,LRVGFNAPGIPLYKKMEAVKLRD
612,DPVNNDSIIMME
613,EKIIKTIENFLEKRYEKWIE
614,RMMDKLGVPK
615,PVTKGVPYAPEYKSNAASTTEIH
616,ERLEGINKHF
617,NNNEHIVGYPKDGNAYNNLD
618,KNISDYMYLTNAPSYTNGKL
619,NKNEVRGIVLRIDNKNYFPC
620,MTNSVDDALINSTRIYSYFP
621,SFNTKNKPLNFNYSLDKIPVTKG
622,SQSKDLQGGKAFGLLKGQ
623,SQSKDLQGGKAFGLVKAQ
624,GIPLYKKMEAVKLRDLKTFS
625,KESAGEVRQITFRDLPD
626,AIREDNNITLKLDRCQNNNQYVS
627,DTNSKNILMQYIKANSKFIGITELKKLESKI
628,FDKDSNGQYIVNEDKFQLLY
629,TDYMYLTNAPSYTNAKLNIY
630,ESTQKTTIDKISDVSTIVPY
631,KNITDYMYLTNAPSFTNGKL
632,PALLLMHELIHVLHGRYGMQ
633,KQLLEFDTQSKNILMNYIKANSKFIGI
634,GYIPEITLPVIAALSIAESTTQK
635,RNIPQNFIADYF
636,LPVIAAVSIAESSTQKEKII
637,RRLAEINKEF
638,FLKDFWGNPLRYDTEYYLIP
639,IVDYNLQSRITLPNDRTTPV
640,KMILMYEEKARDKEKPT
641,PIPFSYSKNLDCWVDNDEDI
642,ETTGVVLVLEYIPEITLPVI
643,ELKKLIGEI
644,SVGLSNRFQGGKAF
645,GIPLYKKMEAVRLRDLKTYS
646,NKNEVRGIVLRVDNKNFFPC
647,KAMDIEYNDMFNNFTVSFWLKVP
648,VMQMAFCPEYVP
649,ASHLEQYGTNEFSIISSMKK
650,DTQSKNILMQYIKANSKFIGITELKKLESKL
651,VVPGINGKAIHLVNNESSEV
652,PITIQNFRYSDPVNNDTIIM
653,TDYMYLTNAPSYTQGKLNIY
654,LKSEYKGQNMRVNTNAYRNV
655,SYNTKNKPLNFNYSLDKIPLTKG
656,GNAFNNLDRILRVGYQA
657,HIVGYPKDGNAFNQLDRILRVGY
658,FDKDSNGQYIVQEDKFQILY
659,FQNLDRILRVGYNAPGIPLY
660,GFNSSVITYPDAQLIPGINGKAI
661,NIDDNTIFQYLYAQKSPTTL
662,KNITDYMYLTNAPSYTNGKR
663,FQILYNSIMYGFTEIELGKR
664,ILKKSTILNLDINNDVI
665,GIPLYKKMEALKLRDLKTYS
666,PVPFSYSKNLDCWVDNEEDI
667,SSGSGETFSYPDFLRMMLGKRTA
668,KDSAGEVRQLTFRDLPD
669,LKLYDDKNASVGLVGTH
670,KNLDCWVDNEEDIEVILKKSTIL
671,KNLDCWVDNEEDLDVILKKSTIL
672,TKEVQSSLKANQGLE
673,MGSAEITGLGALREDNNITL
674,VPVIAALSIAESSTQKEKII
675,IEYNDMFNQFTVSFWLRVPKVSASHLEQYGT
676,NEEDIDVILKKSTLLNLDIN
677,TELGGELCIKIK
678,LPVIAALSIAESSTQKEKLI
679,HLVGYPKDGNAFNNLDRILRVGY
680,QKNEVRGIVLRVDNKNYFPC
681,LKSEYKGQNMRVNTNGFRNV
682,ILFLQWVRDIVDDFTNESSQ
683,KAMDIEYNDMFNQFTVSFWLRVP
684,PWGNPLKYDTEYYLIPVASSSKD
685,NGKAIHLVNNDSSEVIVHKAMDI
686,SYQMYRSLEFQVDAIKKIID
687,FQVLYNSIMYGFTEIELGKK
688,RMMEKLGVPR
689,ELIHVLHGLYGMQVST
690,DRLSSANLYINAVLMGSAEI
691,QMAFCPEYVPSF
692,GALETTAVVLLLEYIPEITL
693,QMAYCPEYVPTF
694,NNNEHVVGYPKDGNAFNNLD
695,ETTGVVLLLEYIPDITLPVI
696,GPDKEQIADEINNLRNKLEEKAN
697,DRTFIAEKNSFSEEPFQDEI
698,DANLISIDLKNDLYEKTL
699,PKDIEKLYTSYLSITFLRDF
700,PITINNFRYSDPVNNDSIIM
701,NRFQGGKAFGLVK
702,ERLSSANLYINGVLMGSAEI
703,ANSKFVGITELKKLESKINK
704,IISDLSGFNSSVITYPD
705,LCIKIKNEDLTFVAEKNSFS
706,QRFFGHAAENS
707,RQIPQQFIADYF
708,IYYKAFKITDRIWLVPERYE
709,IKIKQEDLTFIAEKNSFSEE
710,LKSEYKGQNMRVQTNAFRNV
711,NITSLTIGKSKYFQDPALVL
712,FVKSADFIKLYVSYNNNEHIVGY
713,SLALSNRFQGGKAF
714,KDMWRAYSNMR
715,NTIYQYLYAQKSPTTRQRIT
716,RYEKWIEVYKLVKAKWLGTVQTQ
717,MEAVKRRDLKTYSVQLK
718,NGLKFIIKRYTPNNEIESFVKSG
719,LQRITMTNSVDDAVINSTKI
720,KARWLGTVNTQFQKRSYQMY
721,SSMKKHSLSIGSAWSVSLKG
722,IANKLSQVTSCQDPNIDIDS
723,NYFPCRDGFGSIMQMAFCPD
724,KRLEEVNREFL
725,DFNPPSSRIEGA
726,LEKRYEKWIEVYKLVKARWL
727,IEYNDMFNNFTVSFWRRVPKVSASHLEQYGT
728,HIVGYPKDGNGFNNLDRILRVGY
729,LAQKWVFITITNDRLSSANLYIN
730,SVDDALINSTKIYSYFPSIISKVNQGAQGIL
731,VIPVASSSKDVQLKNITDYM
732,TIYNDTEGFNIESKELKSEY
733,DISGYNSSVITYPDAQLVPG
734,EQDPSGATTKSAMLTQLIIFGPGPVLNKNEV
735,LKSEYKGNNMRVNTNAFRNV
736,DSSQKTTIDKISDVSTIVPY
737,IVDYNLQSKLTLPNDRTTPV
738,GFNSSVITYPDAQLVPGINAKAI
739,NAPSYTQGKLNIYYRRLYNGLKF
740,PLTKGIPYAPEYKSNAASTTEIH
741,SKPGVIFLTKRSRQICADPSEEWVQ
742,NLDINNDLISDISGFNSSVI
743,LLWTLKDSAGEVRQITF
744,GNAFNQLDRILRVGYNA
745,TDYMYLSNAPSYTNGKLNIY
746,FTELELGKKFNI
747,KSNGASTIEIHNIDDNTIYQ
748,RIFCKALNPKEIEKRYT
749,SFSEEPYQDEIVSYNTKNKP
750,NGLKFIIKRYTPNNDIDSFVKSG
751,DIIDDFSNESSQKTTIDKIS
752,RESSRSFLVNQMINEGKKQL
753,IKQDLYEKTLNDYKAIANKL
754,ALNPKEIEKLYTSYVSI
755,PIPFTYSKNLDCWVDNEEDI
756,MGSAEISGLGAIREDNNITL
757,QGKAIHLVNNESSEVIVHKAMDI
758,NAPSYSNGKLNIYYRRLYNGLKF
759,FEGKANESSPKPVGPPPDRDIASLP
760,GLVGTHQGQIGNDPNRDILIASNWYFNHLKDKILGCDWYFVPTDEGWTND
761,IANKLSQVTSCNDPNLDIDS
762,TLTNDRLSSANLYINGV
763,KAMDIEYNDMFNNFTVSFWVRVP
764,EYSIESSMKKHSLSIGSGWSVSV
765,PVTKGIPYAPEFKSNAASTTEIH
766,NYFPCRDGFGSLMQMAFCPE
767,SIGSGWSVSLKGQNLIWTLK
768,DTQSKNILMQYIKANSKFIGITELKRLESKI
769,NLYINGVVMGSAEITGLGAIRED
770,LEKRYDKWIEVYKLVKAKWL
771,NGKAIHLVQNESSEVIVHKAMDI
772,NGDIDIMSR
773,GPDKEQIADEINNVKNKLEEKAN
774,PWGNPLRYDTEYYLVPVASSSKD
775,PITINNFRYSDPVNQDTIIM
776,KQLLEFDTQSKNILMQFIKANSKFIGI
777,KDSAGDVRQITFRDLPD
778,LDEINKQYLDDPKYS
779,ELRKLIGEV
780,FTEVELGKKFNI
781,SQSKDLQGGRAFGLLKAQ
782,ALNPKEVEKLYTSYLSI
783,FNLLENDPSGATTKSAMLTN
784,SFSEEPFQDEIISYNTKNKP
785,RIFCKALNPREIEKLYT
786,DRCNNNQQYVSIDKFRI
787,KNLDCWVDNEEDIDVLLKKSTIL
788,GFNSSVISYPDAQLVPGINGKAI
789,KLIGEVSSGSGETY
790,SIGSGWSVSLKANNLIWTLK
791,NGKAIHLVNNESSEIIVHKAMDI
792,TDLGGELCIKLK
793,DTIIMMEPPYCKGLEIYYKA
794,LEFIPEITLPVIAALSIAES
795,AGEALLDKIING
796,DEENLPERL
797,DRCNNNNQYLSIDKFRI
798,SLTLGGELCIKVKNEDLTFIAEK
799,DTQTKNILMQYIKANSKFIGITELKKLESKI
800,AALETTGVVLLLEYIPEITL
801,KNKREEKANKAMININ
802,IVPERYEFGSKP
803,DISGFNSSVITYPDAQVVPG
804,NYSLDKIIVDYNLQSKITVP
805,ILFRQWVRDIIDDFTNESSQ
806,LRYDSEYYLIPVASSSKDVQ
807,IKIKNEDLSFIAEKNSFSEE
808,PALNIVKQGYEGNFIGGLET
809,KAKWLGTINTQFQKRSYQMY
810,TIYNETEGFNIESKDLKSEY
811,GEVRQITYRDLPDKFNAYLANKW
812,NLDINNDIISDISGFNSSVL
813,GEVKQITFRDLPDKFNAYLANKW
814,SNSKDLQGGKAFGLLKAQ
815,LANKWVFITITNDRLSSAQLYIN
816,LIPVASSSKDIQLKNITDYM
817,KRSGILRMIL
818,KSTILNLDINNEIISDISGFNSS
819,LEKRYEKWVEVYKLVKAKWL
820,ESSQKTTIDKITDVSTIVPY
821,PEKFNAYLANKWVFITI
822,GALETTGLVLLLEYIPEITL
823,KKVIDYEYKIYSGPDKEQIA
824,FLRDFWGNPLKYDTEYYLIP
825,IDSFVKSGDFIKLFVSYNNN
826,LKVGYNAPGIPLYKKMEAVKLRD
827,NLYINGVLMGTAEITGLGAIRED
828,IDSFVRSGDFIKLYVSYNNN
829,DKCNNNNQYVSIDKFRI
830,LQRISMTNSVDDALINSTKI
831,GLVGTHNGQIGNDPNRDILIGSNWYFNHLKDKILGCDWYFVPTDEGWTND
832,DINNDIISDISGFNSSVITF
833,GEVRQITFRDLPDKFNAYLGNKW
834,NQYVSLDKFRIFCKALNPKEIEK
835,NERTTPVTKGIP
836,SYNSKNKPLNFNYSLDKIPVTKG
837,DIIDDFTNDSSQKTTIDKIS
838,GNSKFIGITELKKLESKINK
839,IDSFLKSGDFIKLYVSYNNN
840,DYSIESSMKKHSLSIGSGWSVSL
841,SVALSNKFQGGKAF
842,LPNDRTSPVTKG
843,LFTFGAQDANLISIDIKNDL
844,SSEVIVHKAMDIDYNDM
845,LKTYSVQLKLYEDKNASLGL
846,QKSPTTLNRITMTNSVDDALINS
847,DVNNDIISDISGFNSSVITY
848,LLDKIINAIPYLGNSYTLLD
849,KSTILNLDINNDIITDISGFNSS
850,ERVDGINKHF
851,LDEIQKQFLDDPKYS
852,NDRTTPVSKGIP
853,VKSEYKGQNMRVNTNAFRNV
854,NEEDIDLILKKSTILNLDIN
855,IWVVPERYEFGT
856,DTQSKNLLMQYIKANSKFIGITELKKLESKI
857,MTNSVEDALINSTKIYSYFP
858,IANKLSQVTTCNDPNIDIDS
859,FQILYNSIMYGFTEIDLGKK
860,LLDKIINAIPYLGNSFSLLD
861,VANKLSQVTSCNDPNIDIDS
862,KNLDCWVDQEEDIDVILKKSTIL
863,AKKNLLEFDTQSKNILMQYI
864,NQYVSIDKFRLFCKALNPKEIEK
865,PERYEFGTKPEDFQPPSSLI
866,QKSPTTLQRITMTNSVEDALINS
867,LANKWVFVTITNDRLSSANLYIN
868,PIPFSYSKNLDCWVDNEEDL
869,NDRTTPLTKGIP
870,LFTFGGQDANLISIDIRNDL
871,VIWTLKDSAGEVRQITF
872,EQDPSGATTKSAMLTNVIIFGPGPVLNKNEV
873,EYTIESSMKKHSLSIGSGWSVSL
874,PALNIVKQGYEGNFIGARET
875,IEYNDMFNNFTVSFWLRVPKVSASHLENYGT
876,IANKLSQVTSCNDPNIDVDS
877,FKPAGLPEKY
878,CNEPNIDIDSYK
879,KINKVFSTPIPFSYSKNRDC
880,PSSLVEGASEYYDPNYLRTD
881,NFSLDKIIVDYNLQSKITLP
882,KSTILNRDINNDIISDISGFNSS
883,ILKKSTILNLDINNDIL
884,LLDRIINAIPYLGNSYSLLD
885,ARNPKEIEKLYTSYLSI
886,GDIDIMTLKRMLEKLGVPK
887,LPVIAALSIAETSTQKEKII
888,LLDKIINAIPYRGNSYSLLD
889,LCIKIKNEDRTFIAEKNSFS
890,TIYNDTEGFNLESKDLKSEY
891,ITGLGAIREDNNITLKLERC
892,NEEDIDVILKKSTILNLDVN
893,ASHLEQYGTNDYSIISSMKK
894,KQVLEFDTQSKNILMQYIKANSKFIGI
895,SRSFLLNQMINEAKKQLLEFDTQ
896,KAKWLGSVNTQFQKRSYQMY
897,GFNSSVITYPDAQLLPGINGKAI
898,FNNLDRILKVGYNAPGIPLY
899,YTSRQIPQQF
900,KQLLEFDTQSKNIRMQYIKANSKFIGI
901,IVPERYEFGTRP
902,KSNAASTIEVHNIDDNTIYQ
903,DANLITIDIKNDLYEKTL
904,LFTFGGQDANLITIDIKNDL
905,SSGTGETFSYPDFLRMMLGKRSA
906,RYEKWVEVYKLVKAKWLGTVNTQ
907,LLDKIINALPYLGNSYSLLD
908,PKEIEKLYTSYLSITFRRDF
909,PDKFNAYLANKWVFVTI
910,ELIHVLHGLYGMNVSS
911,FQAYLANKWVFITITNDRLS
912,FIAEKNSFSEEPFQDDIVSYNTK
913,SMNHDPVKIPNLLDDTVYND
914,SVDDALINSTKIYSYFPSVISKLNQGAQGIL
915,EINKQYLDDPKYSSDEDLPS
916,EGFKEKYMEFDLNGNGDIDVM
917,SSELIVHKAMDIEYNDM
918,SMNHEPVKIPNLLDDTIYND
919,QKSPTTLQKITMTNSVDDALINS
920,MGSAEITGLGAIREDNNITV
921,DPNIDIDSYRQI
922,ITGRGAIREDNNITLKLDRC
923,EQDPSGATTKTAMLTNLIIFGPGPVLNKNEV
924,SSANLYINGVLMGSAEITAL
925,KRSAILRMIR
926,RRRAEINREF
927,SQSKDLQGAKAFGLLKAQ
928,EINKQFLDDPKYSSDEDLPT
929,RESSRSFLVNQMINEAKKQR
930,SFSEEPFQDEIVSYQTKNKP
931,LPIIAALSIAESSTQKEKII
932,LKLYDDKNASLGRVGTH
933,LRYDTEYYLIPVASSSKDVN
934,KMISEVTAGV
935,EQDPSGATTKSAMLTNLIIFGPGPVRNKNEV
936,GPDKEQIGDEINNLKNKLEEKAN
937,ETTGVVLLLEYIPEITRPVI
938,SSSKDVQLKNLTDYMYLTNAPSY
939,KNLECWVDNEEDIDVILKKSTIL
940,AFCPEYVPTFDNVVENITSL
941,KEIEKLYTSYVSITFLRDPWGNP
942,DANLISIDVKNDLYEKTL
943,ETTGVILLLEYIPEITLPVI
944,LSAEELFTFGGQ
945,LRMMLGKRSAILR
946,IKIKNEDLTFIAEKNSFTEE
947,IVFLQWVRDIIDDFTNESSQ
948,ANSKFIGITEVKKLESKINK
949,LPVLAALSIAESSTQKEKII
950,IVDYNLQSKITLPNDRTSPV
951,LPNDRSTPVTKG
952,LQRITMTNSVDDALVNSTKI
953,KSTILNVDINNDIISDISGFNSS
954,ASHREQYGTNEYSIISSMKK
955,GALETSGVVLLLEYIPEITL
956,TITQDRLSSANLYINGV
957,NITSLTVGKSKYFQDPALLL
958,KNLDCWVDNEDDIDVILKKSTIL
959,KAKWLGTVNTQFQKRSYQMF
960,MGSAEVTGLGAIREDNNITL
961,PSSLIEGGSEYYDPNYLRTD
962,DVIDDFTNESSQKTTIDKIS
963,IGNKLSQVTSCNDPNIDIDS
964,KLDEINKQFL
965,KNKLEERANKAMININ
966,SLTDLGAELC
967,SRSFLVNQMINEARKQLLEFDTQ
968,LRYDTEYYLIPLASSSKDVQ
969,DKISDVSSIVPYIGPALNIV
970,TSMKKHSLSIGSGWSVSLKG
971,LKTYTVQLKLYDDKNASLGL
972,DLSGFNSSVITYPDAQLVPG
973,SITFLRDYWGNPLRYDT
974,GTQEYSIISSMKKHSLSIGS
975,FTEIERGKKFNI
976,GEVRQVTFRDLPDKFNAYLANKW
977,LRVGYNAPGIPLYKKMEAVKLKD
978,IYYKAFKITDRIWIVPERYD
979,LLEKIINAIPYLGNSYSLLD
980,ILFLQWVRDIIDDFTNESSN
981,IMQMAFCPEYIP
982,GYIPEITLPVIAALSIADSSTQK
983,GGKGFGLLKAQQEER
984,MEALKLRDLKTYSVQLK
985,IDSFVKSGDFIKLYLSYNNN
986,IYYKAFKITDRIWIVPDRYE
987,KNLDCWVDNEEDIDLILKKSTIL
988,LIPVASSSKDVQLKQITDYM
989,FNNLDRILRVGYNAPGLPLY
990,ILKKSTIRNLDINNDII
991,IKIKNEDVTFIAEKNSFSEE
992,FQILYNSIMYAFTEIELGKK
993,LVPGINGKGIHLVNNESSEV
994,EKLGLPKTHLEL
995,IDIDSYKQIYQQRYQFDKDS
996,DKISDVSTIVPYIGPALNLV
997,NRFQGGKAFALLK
998,PIPFSFSKNLDCWVDNEEDI
999,DLTFIAEKNSFSDEPFQDEI
1000,NIDDNTIYNYLYAQKSPTTL
1001,FNNVDRILRVGYNAPGIPLY
1002,PDKFNAYLANKWVFLTI
1003,NNNEHILGYPKDGNAFNNLD
1004,LQRITMTNSVDEALINSTKI
1005,IKIKNEDLTFIGEKNSFSEE
1006,SLTLGGELCIKIKQEDLTFIAEK
1007,KRVEEINREFL
1008,KNLDCWVDNEEDIDVILKKSTIR
1009,DKISDVSTLVPYIGPALNIV
1010,GVVGTHNGQIGNDPNRDILIASNWYFNHLKDKILGCDWYFVPTDEGWTND
1011,PDKFNAYLANKWIFITI
1012,QKSPTTLQRITMTNSVDDALIQS
1013,KLNKVFSTPIPFSYSKNLDC
1014,GTNEYSIISTMKKHSLSIGS
1015,EERANKAMININIFMRESSRSFL
1016,PSSLIEGASEFYDPNYLRTD
1017,FEGKANESSPKPLGPPPERDIASLP
1018,DPINNDTIIMME
1019,DPNYLRTDSEKDRFLQTMVKLFNRIKN
1020,GTNEYSILSSMKKHSLSIGS
1021,SVDDALINSTKIYSYFPSVISKVQQGAQGIL
1022,NAPSYTNGKLNIYYRKLYNGLKF
1023,NITSLTIGKSKYYQDPALLL
1024,KINKLFSTPIPFSYSKNLDC
1025,ASHLEQYGSNEYSIISSMKK
1026,LPVVAALSIAESSTQKEKII
1027,ANSKYIGITELKKLESKINK
1028,EKVGVPKTHLEL
1029,KRSAILKML
1030,PSSLIEGASEYYDPNFLRTD
1031,QMAFCPEYIPTF
1032,LVPGINGKAIHVVNNESSEV
1033,MGSAEITGLGGIREDNNITL
1034,QEIFMQHTYPISAEELFTFG
1035,ITGLGAIREDNQITLKLDRC
1036,FNLLEQDPSGATTRSAMLTN
1037,LYGMQISSHEIIPSKQEIYM
1038,LRYDTEYYRIPVASSSKDVQ
1039,NEEDIDVILKKSTILNVDIN
1040,KVIGEVSSGSGETF
1041,RTTPVSKGIPYAPEYKSNAA
1042,DPNYLRSDSDKDRFLQTMVKLFNRIKN
1043,EKLIKTIDNFLEKRYEKWIE
1044,KMILMYEEKAREREKPT
1045,ANSKFIGITELRKLESKINK
1046,ANSKFIGITELKKLETKINK
1047,FQILYNSIMYGFTEIEVGKK
1048,LRYDTEYYLIPVASSSKDLQ
1049,SLTLGGELCIKIKNEELTFIAEK
1050,DEDNLPEKL
1051,DKISDVSTIVPYIGPALNII
1052,FNLLDQDPSGATTKSAMLTN
1053,SSTQREKIIKTIDNFLEKRYEKW
1054,LRSEYKGQNMRVNTNAFRNV
1055,IYYKAFKISDRIWIVPERYE
1056,RRYDTEYYLIPVASSSKDVQ
1057,QITSLTIGKSKYFQDPALLL
1058,RAKWLGTVNTQFQKRSYQMY
1059,RIFCKAVNPKEIEKLYT
1060,IWIVPERFEFGT
1061,KRLEEINKEFL
1062,GALETTGVVLLLEFIPEITL
1063,PKEIEKLFTSYLSITFLRDF
1064,DPNYLRTDSDKDRFVQTMVKLFNRIKN
1065,DTQSKNILMQYIKANSKFIGITELKKLETKI
1066,GNAFNNLERILRVGYNA
1067,RYEKWIEVYKLVKGKWLGTVNTQ
1068,SVDDALINSTKIYSYFPSVLSKVNQGAQGIL
1069,YTSRQLPQNF
1070,FLRDFWANPLRYDTEYYLIP
1071,SVDDARINSTKIYSYFPSVISKVNQGAQGIL
1072,LLDKILNAIPYLGNSYSLLD
1073,NEEDVDVILKKSTILNLDIN
1074,LRMMLGKRSAIVK
1075,ISAEDLFTFGGQ
1076,TDYMYLTNAPSYTNGKVNIY
1077,KQLLDFDTQSKNILMQYIKANSKFIGI
1078,FDKDSNGQYIVNEDRFQILY
1079,FNLVEQDPSGATTKSAMLTN
1080,FVKSGDFIKLYVSYNNNEHVVGY
1081,QKSPTTLQRITMSNSVDDALINS
1082,KQLDCWVDNEEDIDVILKKSTIL
1083,NGKGIHLVNNESSEVIVHKAMDI
1084,NQYLSIDKFRIFCKALNPKEIEK
1085,DLTFIAEKNSFSEEPYQDEI
1086,TDYMYLTNAPSYTNGRLNIY
1087,KNLDCWVDNEEDIDVIRKKSTIL
1088,ESSQKTTIEKISDVSTIVPY
1089,NNVTLKLDRCNNNNQYVSID
1090,DISGFNSSIITYPDAQLVPG
1091,DKISDVSTIIPYIGPALNIV
1092,KNASLGLVGTHNGQIGNPPNRDL
1093,DIIDDFTNETSQKTTIDKIS
1094,EANLISIDIKNDLYEKTL
1095,AKKQLLEFDTNSKNILMQYI
1096,GFNSSVITYPEAQLVPGINGKAI
1097,DINNEIISDISGFNSSVITY
1098,LIWTLKDSGGEVRQITF
1099,NLDINNDIISDISGFNSSII
1100,ETTGVVLLLEYIPEVTLPVI
1101,SKPGVLFLTKRSRQVCADPSEEWVQ
1102,NITSLTIGKSKYFQDPALLR
1103,KNASLGLVGTHNGQIANPPNRDI
1104,NITTLTIGKSKYFQDPALLL
1105,SSANLYIQGVLMGSAEITGL
1106,PVTKGIPYAPEYKSNAGSTTEIH
1107,MTNSVDDALIQSTKIYSYFP
1108,PALNIVKQGYEGNFIGALDT
1109,REFLCDQKF
1110,QMAFCPEYVPTY
1111,GALDTTGVVLLLEYIPEITL
1112,CNDPNIDIDTYK
1113,NNNEHIVGYPKDGNGFNNLD
1114,KNKLEEKANRAMININ
1115,KAKWLGTVNTQFQRRSYQMY
1116,LANKWVFITITNDRLSSANVYIN
1117,QRFFAHGAENS
1118,FDKDSNGQFIVNEDKFQILY
1119,KMILMYEDKAREKEKPT
1120,IDIDSYKQIFQQKYQFDKDS
1121,RYEKWIEVFKLVKAKWLGTVNTQ
1122,KNKLEEKGNKAMININ
1123,SMNHDPVKIPNRLDDTIYND
1124,IEYNDMFNNFTISFWLRVPKVSASHLEQYGT
1125,DPNYLRTDSDKDRFLQTMIKLFNRIKN
1126,ESSQKSTIDKISDVSTIVPY
1127,GLLGTHNGQIGNDPNRDILIASNWYFNHLKDKILGCDWYFVPTDEGWTND
1128,IVPERYEYGTKP
1129,NGKAIHLVNNESSEVILHKAMDI
1130,VWIVPERYEFGT
1131,GYIPEITLPVIAGLSIAESSTQK
1132,SSSKDVQLKNITDYMYLTNAPSF
1133,DLIDDFTNESSQKTTIDKIS
1134,AEDLFTFGGQDA
1135,NRFQGGKAYGLLK
1136,DDFTNESSQKTTIDKISDVTTIV
1137,GALETTGVVLRLEYIPEITL
1138,LIWTLKDSAGEVRQISF
1139,EKIIKTIDNFLEKRFEKWIE
1140,SLTELGGELC
1141,SKPGVIFLTKRTRQVCADPSEEWVQ
1142,DNKQYFPCRDGF
1143,SSGSGDTFSYPDFLRMMLGKRSA
1144,DIIDDFTNESSQKTTIDKIT
1145,VKIKNEDLTFIAEKNSFSEE
1146,EKAREKEKPTAPPA
1147,KQLLEFDTQTKNILMQYIKANSKFIGI
1148,GDIDIMSVKRMLEKLGVPK
1149,DLTYIAEKNSFSEEPFQDEI
1150,SSMKKHSLSIGSGWSVTLKG
1151,PEKYEFGTKPEDFNPPSSLI
1152,SKPGLIFLTKRSRQVCADPSEEWVQ
1153,DNKNYFPCREGF
1154,GFCPEYVPTFDNVIENITSL
1155,ILFVQWVRDIIDDFTNESSQ
1156,PIPFSYSKQLDCWVDNEEDI
1157,LIPVASSSKEVQLKNITDYM
1158,PWGNPLRYDTEYYLIPVASTSKD
1159,FEGRANESSPKPVGPPPERDIASLP
1160,GFNSTVITYPDAQLVPGINGKAI
1161,KSTILNLDINNDIVSDISGFNSS
1162,TSANLYINGVLMGSAEITGL
1163,DDFTNESSQKTTIDKISDLSTIV
1164,RYEKWIEVYKLVKAKWLGTVNTN
1165,SLTDRGGELC
1166,DINNDIISDISGFNSSVISY
1167,IDSFVKSGDFIKLYVSFNNN
1168,FQILYNSIMYGFTEIERGKK
1169,FDKDSNGQYVVNEDKFQILY
1170,RIFCKALNPKELEKLYT
1171,DPNIEIDSYKQI
1172,ESSQKTTIDKISDVSTILPY
1173,KMIVMYEEKAREKEKPT
1174,RLDEINKNFL
1175,KQLLEFDTQSKNILMQYIKANSKFVGI
1176,YLRDFWGNPLRYDTEYYLIP
1177,SYNTKNKPLQFNYSLDKIPVTKG
1178,NISSLTIGKSKYFQDPALLL
1179,RDMWRAFSNMR
1180,RESSRSFLVNQMINEARKQL
1181,IKNDLYDKTLNDYKAIANKL
1182,KNKLEEKANKAMIQIN
1183,ELGKKFNIKTRLSYFSMNHE
1184,RIYCKALNPKEIEKLYT
1185,NYSLDKIIVDFNLQSKITLP
1186,QEVYMQHTYPISAEELFTFG
1187,ELKKVESKINKVFSTPIPFS
1188,LANKWVFITITNDRLSSANLYIQ
1189,RVAEINREFL
1190,AIREDNNITLKVDRCNNNNQYVS
1191,SIGSGWSVSLKGNNLIWSLK
1192,GPDKEQIADEINNRKNKLEEKAN
1193,KMISEVTGGL
1194,NLDLNNDIISDISGFNSSVI
1195,SVALTNRFQGGKAF
1196,RRDEINKQFL
1197,SMNHDPVKIPNLRDDTIYND
1198,GLVGTHNGQIGNDPNRDILIASNWYFQHLKDKILGCDWYFVPTDEGWTND
1199,ILFLQWVRDLIDDFTNESSQ
1200,EINNDIISDISGFNSSVITY
1201,AIREDNNITLKLDRCNQNNQYVS
1202,KQASLGLVGTHNGQIGNPPNRDI
1203,DDFTNESSQKTTVDKISDVSTIV
1204,TMNHDPVKIPNLLDDTIYND
1205,NGKAIHLVNNESSEVVVHKAMDI
1206,PVTKGIPYGPEYKSNAASTTEIH
1207,LFTFGGQDGNLISIDIKNDL
1208,AEELFSFGGQDA
1209,SSSKDVQLRNITDYMYLTNAPSY
1210,SVDDALIQSTKIYSYFPSVISKVNQGAQGIL
1211,LDDPKYSSDEDLPSKLEAF
1212,FDKDSNGQYIVNDDKFQILY
1213,GLVGTHNGQIGNDPNRDILVASNWYFNHLKDKILGCDWYFVPTDEGWTND
1214,DRCNNNNQYISIDKFRI
1215,DDFTNESSQKTTIDRISDVSTIV
1216,PDKFNAYVANKWVFITI
1217,DLTFIAEKNSFSEDPFQDEI
1218,ELIHVLHGLFGMQVSS
1219,GLVGTHNGQIGNDPNRDILIASNWYFNHVKDKILGCDWYFVPTDEGWTND
1220,IMQMAYCPEYVP
1221,ELIHVLHGLYAMQVSS
1222,AKKQLREFDTQSKNILMQYI
1223,DDFSNESSQKTTIDKISDVSTIV
1224,AFCPEYVPTFDNVIDNITSL
1225,HIVGYPKDGNAFNNLDRIRRVGY
1226,ASHLENYGTNEYSIISSMKK
1227,KKIIEYEYKIYSGPDKEQIA
1228,LYAMQVSSHEIIPSKQEIYM
1229,AKKQLLEFDTQSKNIVMQYI
1230,TSTQKEKIIKTIDNFLEKRYEKW
1231,LVPGINGKAIHLVNNESSEI
1232,GYIPDITLPVIAALSIAESSTQK
1233,KINKVFSTPIPFTYSKNLDC
1234,SSANLYINGVLMGSAEISGL
1235,ELELGKKFNIKT
1236,TITNDRLSSANLYIQGV
1237,FIAEKNSFSEEPYQDEIVSYNTK
1238,EGFKEKYMEFDLNGNGDLDIM
1239,SRSFLVNQMINEAKKQLLEFDTN
1240,LVPGINGKALHLVNNESSEV
1241,IANKVSQVTSCNDPNIDIDS
1242,TIYNDTEGFNVESKDLKSEY
1243,PVTKAIPYAPEYKSNAASTTEIH
1244,ELIHVLHGLYGMQLSS
1245,SSSQKEKIIKTIDNFLEKRYEKW
1246,FLRDFWGNPLRFDTEYYLIP
1247,RTTPVTRGIPYAPEYKSNAA
1248,LDDPKYSSDDDLPSKLEGF
1249,SLGSGWSVSLKGNNLIWTLK
1250,ILKKSTILNLDLNNDII
1251,PITINNFKYSDPVNNDTIIM
1252,FNAYLANKWVFITLTNDRLS
1253,GDIDIMSLKRMLERLGVPK
1254,GALETTGVVLLLEYIPEITV
1255,NRNEVRGIVLRVDNKNYFPC
1256,SYSEEPFQDEIVSYNTKNKP
1257,ILKKSTILNLDINQDII
1258,LCIKIKNEELTFIAEKNSFS
1259,SMNHDPVKIPNVLDDTIYND
1260,FVKSGDFIKLYVTYNNNEHIVGY
1261,MTNSVDEALINSTKIYSYFP
1262,DIIDDFTNESSQKTTIDKLS
1263,PERYEFGTKPEDFNPPSSLV
1264,RIWTLKDSAGEVRQITF
1265,NAPSYTNGKLNIYYRRLFNGLKF
1266,NRFQGGKAFGLRK
1267,DTIIMMEPPYCKGLDIYYRA
1268,KELEKLYTSYLSITFLRDPWGNP
1269,DLIHVLHGLYGMQVSS
1270,SSEVIIHKAMDIEYNDM
1271,LPKTHLEM
1272,LRVGYNAPGIPLYKKMEAVRLRD
1273,LPNDKTTPVTKG
1274,IDIDSYKQIYQNKYQFDKDS
1275,TIGSGWSVSLKGNNLIWTLK
1276,FIAEKNSFSDEPFQDEIVSYNTK
1277,ELGKKFNIKTRRSYFSMNHD
1278,RKLYDDKNASLGLVGTH
1279,LCKKIIPPTNIRENVYNRTA
1280,SLTFLRDFWGNPLRYDT
1281,DRLTSANLYINGVLMGSAEI
1282,LVPERYEFGTKP
1283,IDIDSYKQLYQQKYQFDKDS
1284,KINKVFSTPLPFSYSKNLDC
1285,DIIDDFTQESSQKTTIDKIS
1286,TDVGGELCIKIK
1287,PITKGIPYAPEYKSNAASTTEIH
1288,LIWTRKDSAGEVRQITF
1289,KAMDIEYNDMFNNFTVSFWRRVP
1290,RRLAEINREY
1291,ETTAVVLLLEYIPEITLPVI
1292,LQRITMTQSVDDALINSTKI
1293,AIREDNNITLKLDRCNNNNQYVT
1294,QAPSYTNGKLNIYYRRLYNGLKF
1295,QDIYMQHTYPISAEELFTFG
1296,RESSRSFLINQMINEAKKQL
1297,DDFTNESSQKTTLDKISDVSTIV
1298,SSMKKHSLSIGSGWSISLKG
1299,GEVRQITFRDLPDKFNGYLANKW
1300,RQIPQNFIAEYF
1301,ERLDGINKHY
1302,KEIEKVYTSYLSITFLRDPWGNP
1303,RTSPVTKGIPYAPEYKSNAA
1304,SKPGVIFLTKRSRQVCAEPSEEWVQ
1305,DRCNNNNQYVSIDKFRL
1306,AQSKFIGITELKKLESKINK
1307,FDKDSNGQYIVNEDKFQILF
1308,DDFTNESSQKTTIDKITDVSTIV
1309,LEYIPEISLPVIAALSIAES
1310,HIVGYPKDGNAFNNLDRILRLGY
1311,QKSPTSLQRITMTNSVDDALINS
1312,FNLLEQDPSGATTKSAMLSN
1313,LRMMLGKRSAVLK
1314,DKISDVSTIVPYIGPALNIL
1315,KEIEKLYTSYLSITFVRDPWGNP
1316,GYIPEITLPVVAALSIAESSTQK
1317,DIIDDFTNESSQKTTIDKVS
1318,KNITDYMYRTNAPSYTNGKL
1319,KAMDIEYNDMFNNFTVSFWLRLP
1320,RTTPVTKGIPYAPEFKSNAA
1321,IWIVPERYDFGT
1322,PALVLMHELIHVLHGLYGMQ
1323,SITNDRLSSANLYINGV
1324,KINKVFSTPVPFSYSKNLDC
1325,RVDEINKQFL
1326,NITSLTIGKSKYFQDPALLV
1327,DKISDLSTIVPYIGPALNIV
1328,EIEVGKKFNIKT
1329,ELGKKFNIRTRLSYFSMNHD
1330,YNNLDRILRVGYNAPGIPLY
1331,KKIIDYDYKIYSGPDKEQIA
1332,DPVNNDTILMME
1333,YSSRQIPQNF
1334,PKEVEKLYTSYLSITFLRDF
1335,LRVGYNAPGLPLYKKMEAVKLRD
1336,DANLISIDIKNDVYEKTL
1337,LIPVASSSRDVQLKNITDYM
1338,ELIHVVHGLYGMQVSS
1339,NAPSFTNGKLNIYYRRLYNGLKF
1340,AKKQLLEFDTQSRNILMQYI
1341,SSSKDVQLKNITDYMYLTNAPTY
1342,KINKVFSTPIPFSYSKQLDC
1343,GELRQITFRDLPDKFNAYLANKW
1344,SVDDALINSTKIYSYFPSVVSKVNQGAQGIL
1345,DKISDVSTIVPYIGPAVNIV
1346,GGRAFGLLKAQQEER
1347,KNLDCWVDNEEDVDVILKKSTIL
1348,NGLKFIIKRYTPNNEIDSFIKSG
1349,KNASLGLIGTHNGQIGNPPNRDI
1350,RRSAILRMIL
1351,REFLCDQRY
1352,LFTFGGQEANLISIDIKNDL
1353,DKLSSANLYINGVLMGSAEI
1354,KINKVFSTPIPYSYSKNLDC
1355,NGLKFILKRYTPNNEIDSFVKSG
1356,EYSIESSMKKHSLSIGTGWSVSL
1357,FLREFWGNPLRYDTEYYLIP
1358,SSGSGETFSYPDFVRMMLGKRSA
1359,IKNDLYEKTLNDYKALANKL
1360,GIPLYKKMEAVKVRDLKTYS
1361,DLTFIAEKNSFSEEPFQEEI
1362,LKLYDDKNASLGLIGTH
1363,DDFTNESSQKSTIDKISDVSTIV
1364,ITGLGAIREDNNITRKLDRC
1365,LKLYDDKNASRGLVGTH
1366,KLIGEISSGSGETF
1367,GLVGTHNGQIGNDPNRDIVIASNWYFNHLKDKILGCDWYFVPTDEGWTND
1368,DTQSKNILMQYIKGNSKFIGITELKKLESKI
1369,AFRNVEGSGLVSKLIG
1370,GYIPEITLPLIAALSIAESSTQK
1371,NDRTTPITKGIP
1372,MTNSVDDALINSTKIYSFFP
1373,AFKNVDGSGLVSKLIG
1374,DDFTNESSQKTTIEKISDVSTIV
1375,LDEINKQFRDDPKYS
1376,MEAVKLRDLKTYSLQLK
1377,RIFCKARNPKEIEKLYT
1378,FNLLEQEPSGATTKSAMLTN
1379,DYNPPSSLIEGA
1380,NLDINNDIISEISGFNSSVI
1381,EQDPSGATTKSAMLTNLIIFGPGPVLQKNEV
1382,SYQMYRSLEYQVDAIKKIVD
1383,NTVYQYLYAQKSPTTLQRIT
1384,FEAKANESSPKPVGPPPERDIASLP
1385,GRVGTHNGQIGNDPNRDILIASNWYFNHLKDKILGCDWYFVPTDEGWTND
1386,MGSAEITGLGAIREDNNVTL
1387,ITGLGAIREDNNITLRLDRC
1388,NYSLDKILVDYNLQSKITLP
1389,IDSFVKSGDFIKLYVSYNNQ
1390,LLKKSTILNLDINNDII
1391,GPDKEQIADEINNLKQKLEEKAN
1392,QKSPTTLQRITMTQSVDDALINS
1393,GLVGTHNGQIGNDPNRDILIASNWYFNHRKDKILGCDWYFVPTDEGWTND
1394,TSEVIVHKAMDIEYNDM
1395,EKAREREKPTGPPA
1396,PSSLIEGASEYYEPNYLRTD
1397,NNDSIIMMEPPY
1398,CNDPNIDIESYK
1399,SSTQKEKIIKTIDNFLEKKYEKW
1400,GIPLYKKMEAVKLRELKTYS
1401,LEKRYEKWIDVYKLVKAKWL
1402,ILRKSTILNLDINNDII
1403,SVDDALINSTKIYSYFPSVISKVNQGAQGLL
1404,ETTGVVLLLDYIPEITLPVI
1405,DANLISLDIKNDLYEKTL
1406,DANLISIDIRNDLYEKTL
1407,GFNSSVITYPDAQLVPGLNGKAI
1408,RQRITMTNSVDDALINSTKI
1409,EQDPSGGTTKSAMLTNLIIFGPGPVLNKNEV
1410,SSTQKEKIIKTIDNFLEKRYDKW
1411,FTEIELGKKFQI
1412,SMNHDPVKIPQLLDDTIYND
1413,SITFVRDFWGNPLRYDT
1414,DPVNNETIIMME
1415,EYSVESSMKKHSLSIGSGWSVSL
1416,LLDKIINAIPFLGNSYSLLD
1417,NTIYQYVYAQKSPTTLQRIT
1418,IVDYNLQSKITRPNDRTTPV
1419,AKKQLLEFDTQSKNILMQYV
1420,QLYINGVLMGSAEITGLGAIRED
1421,AIREDNNITLKLERCNNNNQYVS
1422,MEAVKLRDLRTYSVQLK
1423,SKPGVIYLTKRSRQVCADPSEEWVQ
1424,NLYINGVLMGSAELTGLGAIRED
1425,NIDDNTIYQYRYAQKSPTTL
1426,ILFLQWVRDIIDDFTQESSQ
1427,PALNIVKQGYEGQFIGALET
1428,TAFKEKFMEF
1429,LEYIPEITLPVIAGLSIAES
1430,SLTLGGELCIKLKNEDLTFIAEK
1431,AFRQVDGSGLVSKLIG
1432,LRFDTEYYLIPVASSSKDVQ
1433,KDSAAEVRQITFRDLPD
1434,SSMKKHSLSIGSGWSVSRKG
1435,FNILYNSIMYGFTEIELGKK
1436,NPPTSLIEGASE
1437,EINKQFLDDPKYSSDEDVPS
1438,IKNDLYERTLNDYKAIANKL
1439,KNASVGLVGTHNGQIGNPPNRDI
1440,TDLGGERCIKIK
1441,PITINNFRYSDPVNNDTVIM
1442,LPVIAALSIAESSTQKEKIV
1443,KRSAVLKMI
1444,FVKSGDFIKLYVSYNNQEHIVGY
1445,KQIPQNFIADYF
1446,DKISDVSTIVPYIGPARNIV
1447,DTLIMMEPPYCKGLDIYYKA
1448,LKTYSVQLKLFDDKNASLGL
1449,TITNDRLSSAQLYINGV
1450,KKIIDYEYKVYSGPDKEQIA
1451,LQRITMTNSVDDALLNSTKI
1452,DTQSKNILMQYIKANSKFIGVTELKKLESKI
1453,EEKANKAMININIFMKESSRSFL
1454,NAPSYTNGKLNIYYRRLYNGLRF
1455,YNAYLANKWVFITITNDRLS
1456,IANKLSQVTSCNDPNIDLDS
1457,DISGFNSSVLTYPDAQLVPG
1458,NYFPCRDGFGSVMQMAFCPE
1459,FNAYLANKWVFITITQDRLS
1460,KQLLEFDTQSKNILMQYIKANSKFLGI
1461,DPNIDLDSYKQI
1462,KNKLEEKAQKAMININ
1463,DTQSKNILMQYIKANSKFVGITELKKLESKI
1464,NTIYQYLYAQKSPTTLQRIS
1465,LCIKIKNEDLTFIADKNSFS
1466,NEIYMQHTYPISAEELFTFG
1467,ELKKRIGEV
1468,IAQKLSQVTSCNDPNIDIDS
1469,GEVRQITFRELPDKFNAYLANKW
1470,NLYINGVLMASAEITGLGAIRED
1471,DPQIDIDSYKQI
1472,ETTGVVLLREYIPEITLPVI
1473,GDIDIMSLKRMLEKLGLPK
1474,GALETTGVLLLLEYIPEITL
1475,DISGFQSSVITYPDAQLVPG
1476,PIPFSYSKNLDCWVDNEEDV
1477,KSTIVNLDINNDIISDISGFNSS
1478,LVPGVNGKAIHLVNNESSEV
1479,FQILYNSIMYGFTEIELGRK
1480,EYSIDSSMKKHSLSIGSGWSVSL
1481,NAPSYTNGKLNVYYRRLYNGLKF
1482,PALLLMHELIHVLHALYGMQ
1483,SLTLGGELCIKIKNEDLSFIAEK
1484,LKSEYKGQNMRINTNAFRNV
1485,REIEKLYTSYLSITFLRDPWGNP
1486,IDSFVKSGDFIRLYVSYNNN
1487,RMMEKVGVPK
1488,ESSQKTTIDKISDVSTIIPY
1489,APDKEQIADEINNLKNKLEEKAN
1490,KAMDIEYNDMFQNFTVSFWLRVP
1491,IMQMAFCPEFVP
1492,MGSAEITGLGAIREDNNLTL
1493,DRLSSANLYINGVLMGSAEV
1494,TGFKEKYMEF
1495,NIDDNTIYQYLYAQKTPTTL
1496,EEKGNKAMININIFMRESSRSFL
1497,NIDDNTIYQYLYAQKSPSTL
1498,DDFTNESSQKTSIDKISDVSTIV
1499,NGLKFIIKRYTPNNEVDSFVKSG
1500,ELKKLESKVNKVFSTPIPFS
1501,ANSKFIGITELKKVESKINK
1502,IVEYNLQSKITLPNDRTTPV
1503,TDLGAELCIKIK
1504,FIAEKNSFSEEPFQDEILSYNTK
1505,DQKNYFPCRDGF
1506,DLKKLIGEV
1507,TYQMYRSLEYQVDAIKKIID
1508,GLVGTHNGQIGQDPNRDILIASNWYFNHLKDKILGCDWYFVPTDEGWTND
1509,LRTYSVQLKLYDDKNASLGL
1510,VEYNDMFNNFTVSFWLRVPKVSASHLEQYGT
1511,ALNPKEIEKLFTSYLSI
1512,RMILMYEEKAREKEKPT
1513,RIPVASSSKDVQLKNITDYM
1514,KLIGEVSTGSGETF
1515,MGSAEITGLGAIRDDNNITL
1516,RNASLGLVGTHNGQIGNPPNRDI
1517,QEIYMQHTYPVSAEELFTFG
1518,NYFPCRDGFASIMQMAFCPE
1519,GIPLYKKMEAVKLRDLRTYS
1520,IDSFVKTGDFIKLYVSYNNN
1521,RTTPVTKGIPYAPEYKTNAA
1522,GIPLYRKMEAVKLRDLKTYS
1523,NNNDHIVGYPKDGNAFNNLD
1524,NGKAIHLVNQESSEVIVHKAMDI
1525,SFSEEPFQDEIVSFNTKNKP
1526,GYIPEITLPVIAALSVAESSTQK
1527,NEEDIDIILKKSTILNLDIN
1528,AEELFTFGAQDA
1529,PLPFSYSKNLDCWVDNEEDI
1530,EEKANRAMININIFMRESSRSFL
1531,GDIDLMSLKRMLEKLGVPK
1532,KEFLCDQKY
1533,NITSLTIGRSKYFQDPALLL
1534,SVDDALINSTKIYSYFPSVISKINQGAQGIL
1535,PKEIDKLYTSYLSITFLRDF
1536,GLVGTHNGQIGNDPNRDILIASNWYFNHLKDKILGCDWYFVPTDEGWTNE
1537,DRLSSANLYINGVVMGSAEI
1538,SVDDALINTTKIYSYFPSVISKVNQGAQGIL
1539,RYEKWIEVYKLLKAKWLGTVNTQ
1540,RESSRSFLLNQMINEAKKQL
1541,LVPGINGKAIHLVNQESSEV
1542,DANLISIDIKNDLYEKTR
1543,NITSLTIGKSKYFQDPAVLL
1544,DKISDVSTVVPYIGPALNIV
1545,RESSRSFLVNQMINEAKRQL
1546,RQLPQNFIADYF
1547,HIVGYPKDGNAFNNLDRILKVGY
1548,NNNEHIVGYPKDGNAFNNVD
1549,NMAFCPEYVPTF
1550,DTQSKNILMQYIKANSKFIGITELKKVESKI
1551,DPNYLRTDSDKDRFLNTMVKLFNRIKN
1552,GGKAFGLLKAQQEDR
1553,MTNSVDDALINSSKIYSYFP
1554,ASHLEQYGTNEYSIISSMRK
1555,IVDYQLQSKITLPNDRTTPV
1556,TITNERLSSANLYINGV
1557,ALNPKEIERLYTSYLSI
1558,LKLYDDKNASLGLVGSH
1559,DDFTNESSQKTTIDKISDVSSIV
1560,SIGSGWSVTLKGNNLIWTLK
1561,SMNHDPIKIPNLLDDTIYND
1562,ILKKSTILNRDINNDII
1563,RESSRSFLVNQMIQEAKKQL
1564,NEEDIDVIVKKSTILNLDIN
1565,RKTYSVQLKLYDDKNASLGL
1566,KNITDYMYLTNAPSYTNGRL
1567,NTIYQYLYAQKSPTTLQRVT
1568,NKNEVRGIVRRVDNKNYFPC
1569,RVFCKALNPKEIEKLYT
1570,FIAEKNSFSEEPFNDEIVSYNTK
1571,NDKTTPVTKGIP
1572,PKEIEKLYTSFLSITFLRDF
1573,LEYNDMFNNFTVSFWLRVPKVSASHLEQYGT
1574,IANRLSQVTSCNDPNIDIDS
1575,NYFPCRDAFGSIMQMAFCPE
1576,KDTAGEVRQITFRDLPD
1577,SVDDALVNSTKIYSYFPSVISKVNQGAQGIL
1578,LLDKIINAIPYLGNSYSVLD
1579,ETTGVVLRLEYIPEITLPVI
1580,IVDYNLQTKITLPNDRTTPV
1581,LCKKIIPPTNIREQLYNRTA
1582,NEEDIDVILKKSTIRNLDIN
1583,GLVGTHNGQIGNDPNRDILIASNWYFNHLKDKILGCDWYFLPTDEGWTND
1584,GNAFNNRDRILRVGYNA
1585,ETTGIVLLLEYIPEITLPVI
1586,EYSIESSMKKHSLSIGSGWTVSL
1587,PALLLMHELIHILHGLYGMQ
1588,NGDIDVMSL
1589,RMMEKLAVPK
1590,TAFKDKYMEF
1591,GEELFTFGGQDA
1592,GTNEYSIISSMKRHSLSIGS
1593,LLDKIINAIPYVGNSYSLLD
1594,MGSAEITGLAAIREDNNITL
1595,DISGFNSSVITYPDANLVPG
1596,LKLVMMFEAKANES
1597,KKIIDYEYKIYSGPDKEQLA
1598,DPNLDIDSYKQI
1599,RSTILNLDINNDIISDISGFNSS
1600,KRSAILRMIL
1601,KRSAILKMI
1602,LKLVMMFEGKANES
1603,NRFQGGKAFGLLK
1604,KRLEEINREFL
1605,SVALSNRFQGGKAF
1606,RLAEINREFL
1607,LRMMLGKRSAILK
1608,ERLDGINKHF
1609,KLIGEVSSGSGETF
1610,NGDIDIMSL
1611,SQSKDLQGGKAFGLLKAQ
1612,EKLGVPKTHLEL
1613,ELKKLIGEV
1614,QRFFGHGAENS
1615,RDMWRAYSNMR
1616,FRPAGLPEKY
1617,TKEVQSSLKAQQGLE
1618,RQIPQNFIADYF
1619,YTSRQIPQNF
1620,SKPGVIFLTKRSRQVCADPSEEWVQ
1621,RRLAEINREF
1622,FEGKANESSPKPVGPPPERDIASLP
1623,KMISEVTGGV
1624,REFLCDQKY
1625,TAFKEKYMEF
1626,VPKTHLEM
1627,DEENLPEKL
1628,RMMEKLGVPK
1629,GGKAFGLLKAQQEER
1630,LDDPKYSSDEDLPSKLEGF
1631,EINKQFLDDPKYSSDEDLPS
1632,GDIDIMSLKRMLEKLGVPK
1633,KMILMYEEKAREKEKPT
1634,SSGSGETFSYPDFLRMMLGKRSA
1635,RLDEINKQFL
1636,EGFKEKYMEFDLNGNGDIDIM
1637,EKAREKEKPTGPPA
1638,LDEINKQFLDDPKYS
1639,AEELFTFGGQDA
1640,AFCPEYVPTFDNVIENITSL
1641,AFRNVDGSGLVSKLIG
1642,AGEALLDKIINA
1643,AIREDNNITLKLDRCNNNNQYVS
1644,AKKQLLEFDTQSKNILMQYI
1645,ALNPKEIEKLYTSYLSI
1646,ANSKFIGITELKKLESKINK
1647,ASHLEQYGTNEYSIISSMKK
1648,CNDPNIDIDSYK
1649,DANLISIDIKNDLYEKTL
1650,DDFTNESSQKTTIDKISDVSTIV
1651,DFNPPSSLIEGA
1652,DIIDDFTNESSQKTTIDKIS
1653,DINNDIISDISGFNSSVITY
1654,DISGFNSSVITYPDAQLVPG
1655,DKISDVSTIVPYIGPALNIV
1656,DLTFIAEKNSFSEEPFQDEI
1657,DNKNYFPCRDGF
1658,DPNIDIDSYKQI
1659,DPNYLRTDSDKDRFLQTMVKLFNRIKN
1660,DPVNNDTIIMME
1661,DRCNNNNQYVSIDKFRI
1662,DRLSSANLYINGVLMGSAEI
1663,DTIIMMEPPYCKGLDIYYKA
1664,DTQSKNILMQYIKANSKFIGITELKKLESKI
1665,EALLDKIINAIP
1666,EEKANKAMININIFMRESSRSFL
1667,EIELGKKFNIKT
1668,EKIIKTIDNFLEKRYEKWIE
1669,ELGKKFNIKTRLSYFSMNHD
1670,ELIHVLHGLYGMQVSS
1671,ELKKLESKINKVFSTPIPFS
1672,EQDPSGATTKSAMLTNLIIFGPGPVLNKNEV
1673,ESSQKTTIDKISDVSTIVPY
1674,ETTGVVLLLEYIPEITLPVI
1675,EYSIESSMKKHSLSIGSGWSVSL
1676,FDKDSNGQYIVNEDKFQILY
1677,FIAEKNSFSEEPFQDEIVSYNTK
1678,FLRDFWGNPLRYDTEYYLIP
1679,FNAYLANKWVFITITNDRLS
1680,FNLLEQDPSGATTKSAMLTN
1681,FNNLDRILRVGYNAPGIPLY
1682,FQILYNSIMYGFTEIELGKK
1683,FTEIELGKKFNI
1684,FVKSGDFIKLYVSYNNNEHIVGY
1685,GALETTGVVLLLEYIPEITL
1686,GEVRQITFRDLPDKFNAYLANKW
1687,GFNSSVITYPDAQLVPGINGKAI
1688,GIPLYKKMEAVKLRDLKTYS
1689,GLVGTHNGQIGNDPNRDILIASNWYFNHLKDKILGCDWYFVPTDEGWTND
1690,GNAFNNLDRILRVGYNA
1691,GPDKEQIADEINNLKNKLEEKAN
1692,GTNEYSIISSMKKHSLSIGS
1693,GYIPEITLPVIAALSIAESSTQK
1694,HIVGYPKDGNAFNNLDRILRVGY
1695,IANKLSQVTSCNDPNIDIDS
1696,IDIDSYKQIYQQKYQFDKDS
1697,IDSFVKSGDFIKLYVSYNNN
1698,IEYNDMFNNFTVSFWLRVPKVSASHLEQYGT
1699,IISDISGFNSSVITYPD
1700,IKIKNEDLTFIAEKNSFSEE
1701,IKNDLYEKTLNDYKAIANKL
1702,ILFLQWVRDIIDDFTNESSQ
1703,ILKKSTILNLDINNDII
1704,IMQMAFCPEYVP
1705,ISAEELFTFGGQ
1706,ITGLGAIREDNNITLKLDRC
1707,IVDYNLQSKITLPNDRTTPV
1708,IVPERYEFGTKP
1709,IWIVPERYEFGT
1710,IYYKAFKITDRIWIVPERYE
1711,KAKWLGTVNTQFQKRSYQMY
1712,KAMDIEYNDMFNNFTVSFWLRVP
1713,KDSAGEVRQITFRDLPD
1714,KEIEKLYTSYLSITFLRDPWGNP
1715,KINKVFSTPIPFSYSKNLDC
1716,KKIIDYEYKIYSGPDKEQIA
1717,KNASLGLVGTHNGQIGNPPNRDI
1718,KNITDYMYLTNAPSYTNGKL
1719,KNKLEEKANKAMININ
1720,KNLDCWVDNEEDIDVILKKSTIL
1721,KQLLEFDTQSKNILMQYIKANSKFIGI
1722,KSNAASTIEIHNIDDNTIYQ
1723,KSTILNLDINNDIISDISGFNSS
1724,LANKWVFITITNDRLSSANLYIN
1725,LCIKIKNEDLTFIAEKNSFS
1726,LCKKIIPPTNIRENLYNRTA
1727,LEKRYEKWIEVYKLVKAKWL
1728,LEYIPEITLPVIAALSIAES
1729,LFTFGGQDANLISIDIKNDL
1730,LIPVASSSKDVQLKNITDYM
1731,LIWTLKDSAGEVRQITF
1732,LKLYDDKNASLGLVGTH
1733,LKSEYKGQNMRVNTNAFRNV
1734,LKTYSVQLKLYDDKNASLGL
1735,LLDKIINAIPYLGNSYSLLD
1736,LPNDRTTPVTKG
1737,LPVIAALSIAESSTQKEKII
1738,LQRITMTNSVDDALINSTKI
1739,LRVGYNAPGIPLYKKMEAVKLRD
1740,LRYDTEYYLIPVASSSKDVQ
1741,LVPGINGKAIHLVNNESSEV
1742,LYGMQVSSHEIIPSKQEIYM
1743,MEAVKLRDLKTYSVQLK
1744,MGSAEITGLGAIREDNNITL
1745,MTNSVDDALINSTKIYSYFP
1746,NAPSYTNGKLNIYYRRLYNGLKF
1747,NDRTTPVTKGIP
1748,NEEDIDVILKKSTILNLDIN
1749,NGKAIHLVNNESSEVIVHKAMDI
1750,NGLKFIIKRYTPNNEIDSFVKSG
1751,NIDDNTIYQYLYAQKSPTTL
1752,NITSLTIGKSKYFQDPALLL
1753,NKNEVRGIVLRVDNKNYFPC
1754,NLDINNDIISDISGFNSSVI
1755,NLYINGVLMGSAEITGLGAIRED
1756,NNDTIIMMEPPY
1757,NNITLKLDRCNNNNQYVSID
1758,NNNEHIVGYPKDGNAFNNLD
1759,NPPSSLIEGASE
1760,NQYVSIDKFRIFCKALNPKEIEK
1761,NTIYQYLYAQKSPTTLQRIT
1762,NYFPCRDGFGSIMQMAFCPE
1763,NYSLDKIIVDYNLQSKITLP
1764,PALLLMHELIHVLHGLYGMQ
1765,PALNIVKQGYEGNFIGALET
1766,PDKFNAYLANKWVFITI
1767,PERYEFGTKPEDFNPPSSLI
1768,PIPFSYSKNLDCWVDNEEDI
1769,PITINNFRYSDPVNNDTIIM
1770,PKEIEKLYTSYLSITFLRDF
1771,PSSLIEGASEYYDPNYLRTD
1772,PVTKGIPYAPEYKSNAASTTEIH
1773,PWGNPLRYDTEYYLIPVASSSKD
1774,QEIYMQHTYPISAEELFTFG
1775,QKSPTTLQRITMTNSVDDALINS
1776,QMAFCPEYVPTF
1777,RESSRSFLVNQMINEAKKQL
1778,RIFCKALNPKEIEKLYT
1779,RTTPVTKGIPYAPEYKSNAA
1780,RYEKWIEVYKLVKAKWLGTVNTQ
1781,SFSEEPFQDEIVSYNTKNKP
1782,SIGSGWSVSLKGNNLIWTLK
1783,SITFLRDFWGNPLRYDT
1784,SLTDLGGELC
1785,SLTLGGELCIKIKNEDLTFIAEK
1786,SMNHDPVKIPNLLDDTIYND
1787,SRSFLVNQMINEAKKQLLEFDTQ
1788,SSANLYINGVLMGSAEITGL
1789,SSEVIVHKAMDIEYNDM
1790,SSMKKHSLSIGSGWSVSLKG
1791,SSSKDVQLKNITDYMYLTNAPSY
1792,SSTQKEKIIKTIDNFLEKRYEKW
1793,SVDDALINSTKIYSYFPSVISKVNQGAQGIL
1794,SYNTKNKPLNFNYSLDKIPVTKG
1795,SYQMYRSLEYQVDAIKKIID
1796,TDLGGELCIKIK
1797,TDYMYLTNAPSYTNGKLNIY
1798,TITNDRLSSANLYINGV
1799,TIYNDTEGFNIESKDLKSEY
