,0
0,QKSPTTLQRITMTNSIDDALINS
1,EALRDKIINAIP
2,TGFKEKYMEF
3,IVPERYEYGTKP
4,KNRLEEKANKAMININ
5,LDEINKQFVDDPKYS
6,NEEDIDVILKKSTILNRDIN
7,SIGSGWSVSLKGNQLIWTLK
8,IKIKQEDLTFIAEKNSFSEE
9,SKPGVIFLTKRSRQVCADPTEEWVQ
10,FDKDSNGQYIVNEDKFQLLY
11,NNNEHLVGYPKDGNAFNNLD
12,ERKKLESKINKVFSTPIPFS
13,LVPGINGKAIHLVQNESSEV
14,ITGLGAIREDNQITLKLDRC
15,SSMKKHSLSVGSGWSVSLKG
16,KNKLEEKANKAMLNIN
17,LCIKIKNDDLTFIAEKNSFS
18,NKNELRGIVLRVDNKNYFPC
19,DPNYLRTDSDKDRFLQTMVKLFNRIRN
20,FVKSGDFIKLYVSYNNNEHVVGY
21,LRMMLGKRSGILK
22,LEKKYEKWIEVYKLVKAKWL
23,NGLRFIIKRYTPNNEIDSFVKSG
24,RESSRSFLINQMINEAKKQL
25,DISGFNSSLITYPDAQLVPG
26,MEAVKLRDLKTYSVQRK
27,TITNDRLSSANVYINGV
28,LKSEYKGQNMRVNSNAFRNV
29,GALETTGVVLRLEYIPEITL
30,FQILYQSIMYGFTEIELGKK
31,FIAERNSFSEEPFQDEIVSYNTK
32,IISDLSGFNSSVITYPD
33,SLTLGGEVCIKIKNEDLTFIAEK
34,DRLSSANLYINGVLMGSAEL
35,AFCPEYVPTFDNVLENITSL
36,SSGNLYINGVLMGSAEITGL
37,LIPVASSSKDVQLKNITEYM
38,IYYKAFKITDRIWIVPERFE
39,SYQMYRSLEYQVDAIKRIID
40,ESSQKTTIEKISDVSTIVPY
41,LQRLTMTNSVDDALINSTKI
42,LCIKLKNEDLTFIAEKNSFS
43,RDMWRAYTNMR
44,PARNIVKQGYEGNFIGALET
45,FNAYLANKWVFITITNDKLS
46,DIIDEFTNESSQKTTIDKIS
47,RMMEKLGIPK
48,SYQMYRSLEYQLDAIKKIID
49,KESAGEVRQITFRDLPD
50,REYLCDQKY
51,SSMKKHSLSIGSGWSISLKG
52,PSSVIEGASEYYDPNYLRTD
53,PERYEFGTKPEDFNPPSSVI
54,GLVGTHNGQIGNDPNRDILIASNWYFNHLKDKILACDWYFVPTDEGWTND
55,NDRTTPVTKAIP
56,IDSFVKSGDFIKLYLSYNNN
57,EINKQFLDDPRYSSDEDLPS
58,SSSKDVQRKNITDYMYLTNAPSY
59,LVPGINGKAIHLVNNETSEV
60,GALETTGVVLLLEYIPEVTL
61,DDFTNESSNKTTIDKISDVSTIV
62,GLVGTHQGQIGNDPNRDILIASNWYFNHLKDKILGCDWYFVPTDEGWTND
63,FIAEKNSFSEEPFQDEIISYNTK
64,QAPSYTNGKLNIYYRRLYNGLKF
65,LVPGINGKAIHLINNESSEV
66,SRSFVVNQMINEAKKQLLEFDTQ
67,PDKFNAYLANKWVFLTI
68,LFTFGGQDANLISVDIKNDL
69,RIFCKALNPKEVEKLYT
70,LKTYSVQLKLFDDKNASLGL
71,SSTQKEKIIKTIDNFLEKRYDKW
72,NNITLKLDRCNNNNQYVSVD
73,SSMKKHSLTIGSGWSVSLKG
74,SYQMYRTLEYQVDAIKKIID
75,GYIPEITLPVIAALSIADSSTQK
76,MGSAEITGLAAIREDNNITL
77,KQLVEFDTQSKNILMQYIKANSKFIGI
78,LRYDTDYYLIPVASSSKDVQ
79,DANLISIDIKNDLYEKTV
80,AFRNIDGSGLVSKLIG
81,DPNYLRTDSDKDRFLQTMVKLYNRIKN
82,KQLLEFDTQSKNIRMQYIKANSKFIGI
83,SKPGVIFLTKRSRQVCADPSEEWVN
84,LANKWVFITITNDRLSTANLYIN
85,DPNYLKTDSDKDRFLQTMVKLFNRIKN
86,GFCPEYVPTFDNVIENITSL
87,KKIIDYEYKIYSGPEKEQIA
88,MTNSVDDALINSTKIYSFFP
89,KNISDYMYLTNAPSYTNGKL
90,LKLYDDKNASLGRVGTH
91,KNKLEEKANKAMINLN
92,GLVGTHNGQIGNDPNRDIVIASNWYFNHLKDKILGCDWYFVPTDEGWTND
93,ILFLQWVRDIIDDFSNESSQ
94,AFRQVDGSGLVSKLIG
95,LPQDRTTPVTKG
96,KRSAILRMIR
97,HIVGYPKEGNAFNNLDRILRVGY
98,GALETTGIVLLLEYIPEITL
99,IEYNDMFNNFTVSYWLRVPKVSASHLEQYGT
100,ADIDIMSLKRMLEKLGVPK
101,EQDPSGGTTKSAMLTNLIIFGPGPVLNKNEV
102,PVTKGIPYAPEYKSNAASSTEIH
103,QKSPTTLQRITMTNTVDDALINS
104,FDKDSNAQYIVNEDKFQILY
105,SLSDLGGELC
106,MTNSVDDALINSTKIFSYFP
107,AGEALLDKIVNA
108,AFCPEFVPTFDNVIENITSL
109,ANSKFIGITELKKLESKIQK
110,GNAFNNLDRIRRVGYNA
111,PWGNPLRFDTEYYLIPVASSSKD
112,AFCPEYVPTFDNVIENITTL
113,NLDINNDIISDISGFNSSVL
114,LIWTLRDSAGEVRQITF
115,NTIYQYRYAQKSPTTLQRIT
116,DTQSKNILMNYIKANSKFIGITELKKLESKI
117,EEENLPEKL
118,NYFPCRDGFGSIMNMAFCPE
119,DPNYLRTDSDKDKFLQTMVKLFNRIKN
120,DRCNNNNQYLSIDKFRI
121,NAPSYTNGKLNIYYRRLYNGLKY
122,DTIIMMDPPYCKGLDIYYKA
123,RYEKWIDVYKLVKAKWLGTVNTQ
124,SRSFLVNQMIQEAKKQLLEFDTQ
125,KSTILNLEINNDIISDISGFNSS
126,AKKQLLEFDTQSKNILMQFI
127,EQDPSGATTKSAMLTNLIIFGPGPLLNKNEV
128,ETSGVVLLLEYIPEITLPVI
129,NAPTYTNGKLNIYYRRLYNGLKF
130,RQIPQNFIGDYF
131,IEYNDMFNNFTVSFWLRVPKLSASHLEQYGT
132,GYIPEITLPLIAALSIAESSTQK
133,LPVIAALSIADSSTQKEKII
134,LYGMQVSSHEIIPSRQEIYM
135,REFLCDNKY
136,DPNYLRTDSDKDRFLQTMVRLFNRIKN
137,KAMDIEYNDMYNNFTVSFWLRVP
138,KQLLEFDTQSKNILMQYIKANSRFIGI
139,LPVIAALSIAESSSQKEKII
140,NYFPCRDAFGSIMQMAFCPE
141,NGLKFIIKRFTPNNEIDSFVKSG
142,FVKSGDFVKLYVSYNNNEHIVGY
143,NITSLTIGKSRYFQDPALLL
144,ANSKFVGITELKKLESKINK
145,NNQEHIVGYPKDGNAFNNLD
146,LFTFGGQDANLISIDLKNDL
147,PALLRMHELIHVLHGLYGMQ
148,GALETTGVVRLLEYIPEITL
149,DLTFIAEKNSFSEDPFQDEI
150,LIPVASSTKDVQLKNITDYM
151,FTEIELGKKFQI
152,KINKVFSTPIPFSYSKQLDC
153,TIYNDTEAFNIESKDLKSEY
154,GLVGTHNGQIGNDPNRDILIASNWFFNHLKDKILGCDWYFVPTDEGWTND
155,LRMMRGKRSAILK
156,NGKAIHLVNQESSEVIVHKAMDI
157,ALQPKEIEKLYTSYLSI
158,PKEIEKLYTSYLTITFLRDF
159,SRSFLVNQMVNEAKKQLLEFDTQ
160,ELGKRFNIKTRLSYFSMNHD
161,VISDISGFNSSVITYPD
162,ALVGTHNGQIGNDPNRDILIASNWYFNHLKDKILGCDWYFVPTDEGWTND
163,SYNTKNKPLNFNYSVDKIPVTKG
164,LIPLASSSKDVQLKNITDYM
165,SKPGVIFLTRRSRQVCADPSEEWVQ
166,GEVRQITFRDLPDKFNAYLAQKW
167,RESSRSFLVNQMINEAKKQR
168,DTIIMMEPPYCKALDIYYKA
169,TISNDRLSSANLYINGV
170,MGSAEITGLGALREDNNITL
171,DRLSSGNLYINGVLMGSAEI
172,SIGSGWSVSLKGNNLLWTLK
173,MGSAEITGLGAIREDNNITR
174,LLDKIINAIPYLANSYSLLD
175,PALLLMHELLHVLHGLYGMQ
176,FEGKANESSPKPVGPPPERDIASVP
177,AFRNVDGSGVVSKLIG
178,LQRISMTNSVDDALINSTKI
179,NIDDNTIYQYLYAQKTPTTL
180,PVTKGIPYAPEYKSNGASTTEIH
181,AIREENNITLKLDRCNNNNQYVS
182,RRLAELNREF
183,GLVGTHNGQIGNDPNRDILIASNWYFNHLKDKIVGCDWYFVPTDEGWTND
184,LKTYSVQLKLYDDKNASLGR
185,SSSKDVQLKNITDYMYRTNAPSY
186,EEKANKAMINVNIFMRESSRSFL
187,GFNSSVITYPDAQLVPGINGRAI
188,SIGSGWSVSLKGNNVIWTLK
189,KQLREFDTQSKNILMQYIKANSKFIGI
190,NLDINNDIISDISGFNTSVI
191,ETTGVVLLLEYIPEITLPLI
192,ITALGAIREDNNITLKLDRC
193,LEKRYDKWIEVYKLVKAKWL
194,LQRVTMTNSVDDALINSTKI
195,GDIDIMSLKRMLERLGVPK
196,EQDPSGATTKSAMLTNLIIFGPAPVLNKNEV
197,PDKFNAYLANKWVFITV
198,NGEIDIMSL
199,LKTYSLQLKLYDDKNASLGL
200,KRSAILRMIL
201,KRSAILKMI
202,LKLVMMFEGKANES
203,NRFQGGKAFGLLK
204,KRLEEINREFL
205,SVALSNRFQGGKAF
206,RLAEINREFL
207,LRMMLGKRSAILK
208,ERLDGINKHF
209,KLIGEVSSGSGETF
210,NGDIDIMSL
211,SQSKDLQGGKAFGLLKAQ
212,EKLGVPKTHLEL
213,ELKKLIGEV
214,QRFFGHGAENS
215,RDMWRAYSNMR
216,FRPAGLPEKY
217,TKEVQSSLKAQQGLE
218,RQIPQNFIADYF
219,YTSRQIPQNF
220,SKPGVIFLTKRSRQVCADPSEEWVQ
221,RRLAEINREF
222,FEGKANESSPKPVGPPPERDIASLP
223,KMISEVTGGV
224,REFLCDQKY
225,TAFKEKYMEF
226,VPKTHLEM
227,DEENLPEKL
228,RMMEKLGVPK
229,GGKAFGLLKAQQEER
230,LDDPKYSSDEDLPSKLEGF
231,EINKQFLDDPKYSSDEDLPS
232,GDIDIMSLKRMLEKLGVPK
233,KMILMYEEKAREKEKPT
234,SSGSGETFSYPDFLRMMLGKRSA
235,RLDEINKQFL
236,EGFKEKYMEFDLNGNGDIDIM
237,EKAREKEKPTGPPA
238,LDEINKQFLDDPKYS
239,AEELFTFGGQDA
240,AFCPEYVPTFDNVIENITSL
241,AFRNVDGSGLVSKLIG
242,AGEALLDKIINA
243,AIREDNNITLKLDRCNNNNQYVS
244,AKKQLLEFDTQSKNILMQYI
245,ALNPKEIEKLYTSYLSI
246,ANSKFIGITELKKLESKINK
247,ASHLEQYGTNEYSIISSMKK
248,CNDPNIDIDSYK
249,DANLISIDIKNDLYEKTL
250,DDFTNESSQKTTIDKISDVSTIV
251,DFNPPSSLIEGA
252,DIIDDFTNESSQKTTIDKIS
253,DINNDIISDISGFNSSVITY
254,DISGFNSSVITYPDAQLVPG
255,DKISDVSTIVPYIGPALNIV
256,DLTFIAEKNSFSEEPFQDEI
257,DNKNYFPCRDGF
258,DPNIDIDSYKQI
259,DPNYLRTDSDKDRFLQTMVKLFNRIKN
260,DPVNNDTIIMME
261,DRCNNNNQYVSIDKFRI
262,DRLSSANLYINGVLMGSAEI
263,DTIIMMEPPYCKGLDIYYKA
264,DTQSKNILMQYIKANSKFIGITELKKLESKI
265,EALLDKIINAIP
266,EEKANKAMININIFMRESSRSFL
267,EIELGKKFNIKT
268,EKIIKTIDNFLEKRYEKWIE
269,ELGKKFNIKTRLSYFSMNHD
270,ELIHVLHGLYGMQVSS
271,ELKKLESKINKVFSTPIPFS
272,EQDPSGATTKSAMLTNLIIFGPGPVLNKNEV
273,ESSQKTTIDKISDVSTIVPY
274,ETTGVVLLLEYIPEITLPVI
275,EYSIESSMKKHSLSIGSGWSVSL
276,FDKDSNGQYIVNEDKFQILY
277,FIAEKNSFSEEPFQDEIVSYNTK
278,FLRDFWGNPLRYDTEYYLIP
279,FNAYLANKWVFITITNDRLS
280,FNLLEQDPSGATTKSAMLTN
281,FNNLDRILRVGYNAPGIPLY
282,FQILYNSIMYGFTEIELGKK
283,FTEIELGKKFNI
284,FVKSGDFIKLYVSYNNNEHIVGY
285,GALETTGVVLLLEYIPEITL
286,GEVRQITFRDLPDKFNAYLANKW
287,GFNSSVITYPDAQLVPGINGKAI
288,GIPLYKKMEAVKLRDLKTYS
289,GLVGTHNGQIGNDPNRDILIASNWYFNHLKDKILGCDWYFVPTDEGWTND
290,GNAFNNLDRILRVGYNA
291,GPDKEQIADEINNLKNKLEEKAN
292,GTNEYSIISSMKKHSLSIGS
293,GYIPEITLPVIAALSIAESSTQK
294,HIVGYPKDGNAFNNLDRILRVGY
295,IANKLSQVTSCNDPNIDIDS
296,IDIDSYKQIYQQKYQFDKDS
297,IDSFVKSGDFIKLYVSYNNN
298,IEYNDMFNNFTVSFWLRVPKVSASHLEQYGT
299,IISDISGFNSSVITYPD
300,IKIKNEDLTFIAEKNSFSEE
301,IKNDLYEKTLNDYKAIANKL
302,ILFLQWVRDIIDDFTNESSQ
303,ILKKSTILNLDINNDII
304,IMQMAFCPEYVP
305,ISAEELFTFGGQ
306,ITGLGAIREDNNITLKLDRC
307,IVDYNLQSKITLPNDRTTPV
308,IVPERYEFGTKP
309,IWIVPERYEFGT
310,IYYKAFKITDRIWIVPERYE
311,KAKWLGTVNTQFQKRSYQMY
312,KAMDIEYNDMFNNFTVSFWLRVP
313,KDSAGEVRQITFRDLPD
314,KEIEKLYTSYLSITFLRDPWGNP
315,KINKVFSTPIPFSYSKNLDC
316,KKIIDYEYKIYSGPDKEQIA
317,KNASLGLVGTHNGQIGNPPNRDI
318,KNITDYMYLTNAPSYTNGKL
319,KNKLEEKANKAMININ
320,KNLDCWVDNEEDIDVILKKSTIL
321,KQLLEFDTQSKNILMQYIKANSKFIGI
322,KSNAASTIEIHNIDDNTIYQ
323,KSTILNLDINNDIISDISGFNSS
324,LANKWVFITITNDRLSSANLYIN
325,LCIKIKNEDLTFIAEKNSFS
326,LCKKIIPPTNIRENLYNRTA
327,LEKRYEKWIEVYKLVKAKWL
328,LEYIPEITLPVIAALSIAES
329,LFTFGGQDANLISIDIKNDL
330,LIPVASSSKDVQLKNITDYM
331,LIWTLKDSAGEVRQITF
332,LKLYDDKNASLGLVGTH
333,LKSEYKGQNMRVNTNAFRNV
334,LKTYSVQLKLYDDKNASLGL
335,LLDKIINAIPYLGNSYSLLD
336,LPNDRTTPVTKG
337,LPVIAALSIAESSTQKEKII
338,LQRITMTNSVDDALINSTKI
339,LRVGYNAPGIPLYKKMEAVKLRD
340,LRYDTEYYLIPVASSSKDVQ
341,LVPGINGKAIHLVNNESSEV
342,LYGMQVSSHEIIPSKQEIYM
343,MEAVKLRDLKTYSVQLK
344,MGSAEITGLGAIREDNNITL
345,MTNSVDDALINSTKIYSYFP
346,NAPSYTNGKLNIYYRRLYNGLKF
347,NDRTTPVTKGIP
348,NEEDIDVILKKSTILNLDIN
349,NGKAIHLVNNESSEVIVHKAMDI
350,NGLKFIIKRYTPNNEIDSFVKSG
351,NIDDNTIYQYLYAQKSPTTL
352,NITSLTIGKSKYFQDPALLL
353,NKNEVRGIVLRVDNKNYFPC
354,NLDINNDIISDISGFNSSVI
355,NLYINGVLMGSAEITGLGAIRED
356,NNDTIIMMEPPY
357,NNITLKLDRCNNNNQYVSID
358,NNNEHIVGYPKDGNAFNNLD
359,NPPSSLIEGASE
360,NQYVSIDKFRIFCKALNPKEIEK
361,NTIYQYLYAQKSPTTLQRIT
362,NYFPCRDGFGSIMQMAFCPE
363,NYSLDKIIVDYNLQSKITLP
364,PALLLMHELIHVLHGLYGMQ
365,PALNIVKQGYEGNFIGALET
366,PDKFNAYLANKWVFITI
367,PERYEFGTKPEDFNPPSSLI
368,PIPFSYSKNLDCWVDNEEDI
369,PITINNFRYSDPVNNDTIIM
370,PKEIEKLYTSYLSITFLRDF
371,PSSLIEGASEYYDPNYLRTD
372,PVTKGIPYAPEYKSNAASTTEIH
373,PWGNPLRYDTEYYLIPVASSSKD
374,QEIYMQHTYPISAEELFTFG
375,QKSPTTLQRITMTNSVDDALINS
376,QMAFCPEYVPTF
377,RESSRSFLVNQMINEAKKQL
378,RIFCKALNPKEIEKLYT
379,RTTPVTKGIPYAPEYKSNAA
380,RYEKWIEVYKLVKAKWLGTVNTQ
381,SFSEEPFQDEIVSYNTKNKP
382,SIGSGWSVSLKGNNLIWTLK
383,SITFLRDFWGNPLRYDT
384,SLTDLGGELC
385,SLTLGGELCIKIKNEDLTFIAEK
386,SMNHDPVKIPNLLDDTIYND
387,SRSFLVNQMINEAKKQLLEFDTQ
388,SSANLYINGVLMGSAEITGL
389,SSEVIVHKAMDIEYNDM
390,SSMKKHSLSIGSGWSVSLKG
391,SSSKDVQLKNITDYMYLTNAPSY
392,SSTQKEKIIKTIDNFLEKRYEKW
393,SVDDALINSTKIYSYFPSVISKVNQGAQGIL
394,SYNTKNKPLNFNYSLDKIPVTKG
395,SYQMYRSLEYQVDAIKKIID
396,TDLGGELCIKIK
397,TDYMYLTNAPSYTNGKLNIY
398,TITNDRLSSANLYINGV
399,TIYNDTEGFNIESKDLKSEY
