,0
0,KQLLEFDTQSKNLLMQYIKANSKFIGI
1,ILKKSTIRNLDINNDII
2,HIVGYPKDGNAFNNLDRIRRVGY
3,LCKKIIPPTQIRENLYNRTA
4,DANLISIDIKQDLYEKTL
5,KAKWLGTVNTNFQKRSYQMY
6,PSSRIEGASEYYDPNYLRTD
7,FQILYNSIMYGFTEIELGKR
8,IISDISGYNSSVITYPD
9,HIVGYPRDGNAFNNLDRILRVGY
10,LANKWVFITITNDKLSSANLYIN
11,GNGFNNLDRILRVGYNA
12,DISGFNSSVITYPDAQVVPG
13,GQAFNNLDRILRVGYNA
14,DRLSSANLYINGLLMGSAEI
15,IVDYNRQSKITLPNDRTTPV
16,GYIPEITLPVIAALSIGESSTQK
17,EQDPTGATTKSAMLTNLIIFGPGPVLNKNEV
18,LKLVMMFEAKANES
19,SSMKRHSLSIGSGWSVSLKG
20,NKNEVRGIVLRVDNKNFFPC
21,FNAYLANKWVFLTITNDRLS
22,FNLLEQDPSGATTKSGMLTN
23,KSTIRNLDINNDIISDISGFNSS
24,EKIIKTIDNFLEKRYEKWLE
25,RYEKWIEVYKLVKAKWLATVNTQ
26,GGKAFGLLKAQQEEK
27,LKTYSVQLKLYDDKQASLGL
28,ASHLEQFGTNEYSIISSMKK
29,LFTFGGQDANLISIDIKNDV
30,ALNPKEIEKLYSSYLSI
31,SVDDALINSTKIYSYFPSIISKVNQGAQGIL
32,SYQMFRSLEYQVDAIKKIID
33,DRCNNNNNYVSIDKFRI
34,IEYNDMFNNFTVSFWLRLPKVSASHLEQYGT
35,SSTQKEKIIKTIENFLEKRYEKW
36,IYYKAFKITDRIWIVPERYD
37,LEYIPEITLPVIAALSVAES
38,LFSFGGQDANLISIDIKNDL
39,SRSFLVNQMINEAKKQLREFDTQ
40,FQILYNSIMYGFTEIELGRK
41,LDDPKYSSDEDLPSKVEGF
42,NGKAIHLVNNESSEVIVHKAMDV
43,GIPLYKKMEAVKVRDLKTYS
44,NLDINNDIISDISGFNSSII
45,RIFCRALNPKEIEKLYT
46,LLWTLKDSAGEVRQITF
47,KNLDCWVDNEEDLDVILKKSTIL
48,EIDLGKKFNIKT
49,GGKAFGLVKAQQEER
50,DTIIMMDPPYCKGLDIYYKA
51,EEKANKAMVNINIFMRESSRSFL
52,GIPVYKKMEAVKLRDLKTYS
53,DPVNNDSIIMME
54,AFRNIDGSGLVSKLIG
55,LKSEFKGQNMRVNTNAFRNV
56,EYSIESSMKRHSLSIGSGWSVSL
57,AKKQLLEFETQSKNILMQYI
58,FNAYLANKWVFITITNDRVS
59,PERFEFGTKPEDFNPPSSLI
60,KNKLEEKANKAMVNIN
61,LPVVAALSIAESSTQKEKII
62,LEYIPEITVPVIAALSIAES
63,LVPGINGKAIHLVNQESSEV
64,KMISEVTGGI
65,MGSAEITGRGAIREDNNITL
66,ESSQKTTIDKISDVSTIIPY
67,IEYNDMFNNFTISFWLRVPKVSASHLEQYGT
68,AGKAFGLLKAQQEER
69,DDFTNESSQKTTIDRISDVSTIV
70,NKNELRGIVLRVDNKNYFPC
71,GFNSSVITYPDAQLVPGINGRAI
72,ALNPKEIEKLYTSYLSL
73,DPVNNDTVIMME
74,NIDDNTIFQYLYAQKSPTTL
75,RYEKWIEIYKLVKAKWLGTVNTQ
76,NDRTTPITKGIP
77,NTIYQYLYAQKTPTTLQRIT
78,KNASLGLVGTHQGQIGNPPNRDI
79,QRFFGHGAENT
80,IEYNDMFNNFTVSFWLRVPKVSASHLENYGT
81,AIREDNNITLKLDRCNNNQQYVS
82,GYIPEVTLPVIAALSIAESSTQK
83,DIIDDFTNESSNKTTIDKIS
84,NTIYQYRYAQKSPTTLQRIT
85,LKSEYKGQNMRVNTNAFKNV
86,AGEALLDRIINA
87,FLKSGDFIKLYVSYNNNEHIVGY
88,AGEALLDKIVNA
89,SYQMYRSLEYQVDAIKKIIE
90,MGSAEITGLAAIREDNNITL
91,KRSAILKML
92,ALNPKEVEKLYTSYLSI
93,AIREDNNITLKLDRCNNNNQYIS
94,IDSFVKSGDFLKLYVSYNNN
95,DTIVMMEPPYCKGLDIYYKA
96,IKIKNEDLTFIAERNSFSEE
97,NPPSSLIEAASE
98,LEYIPEITLPVVAALSIAES
99,TREVQSSLKAQQGLE
100,LCKKIIPPTNIRENLYNKTA
101,FVKSGDFIKLFVSYNNNEHIVGY
102,EYTIESSMKKHSLSIGSGWSVSL
103,AFRNVDGSALVSKLIG
104,HIVGYPKDANAFNNLDRILRVGY
105,IDVDSYKQIYQQKYQFDKDS
106,LRVGYNAPGIPLYKKMEGVKLRD
107,KNITDYMYRTNAPSYTNGKL
108,EQDPSGATTKSAMLTNLIIFAPGPVLNKNEV
109,VDIDSYKQIYQQKYQFDKDS
110,ILYLQWVRDIIDDFTNESSQ
111,SLTVGGELCIKIKNEDLTFIAEK
112,ETTGVILLLEYIPEITLPVI
113,AGEARLDKIINA
114,ERKKLESKINKVFSTPIPFS
115,GYIPEITLPIIAALSIAESSTQK
116,SLDDALINSTKIYSYFPSVISKVNQGAQGIL
117,SMNHDPVRIPNLLDDTIYND
118,LPVIAALSIADSSTQKEKII
119,NTIYQYLFAQKSPTTLQRIT
120,QYSLDKIIVDYNLQSKITLP
121,LKTYSVQLKLFDDKNASLGL
122,KMILMYDEKAREKEKPT
123,ITGLGAIREDNNITLKLERC
124,LEKRYEKWIEVYKLVRAKWL
125,EKLGVPKSHLEL
126,LRVGYNAPGIPLYKKMEAVKLRE
127,PVTKGLPYAPEYKSNAASTTEIH
128,SYNTKNKPLNFNYTLDKIPVTKG
129,DANLISLDIKNDLYEKTL
130,AIREDNQITLKLDRCNNNNQYVS
131,ILFLQWVRDVIDDFTNESSQ
132,KTTILNLDINNDIISDISGFNSS
133,ITGLGAIREDNNISLKLDRC
134,AGEALVDKIINA
135,PWGNPLRYDTEYYLLPVASSSKD
136,IEYNDMFNNFTVSFWLRVPKVSASHLEQYAT
137,SIGSGWSVSLKGNQLIWTLK
138,KQLVEFDTQSKNILMQYIKANSKFIGI
139,IKNDLYEKTLNDYKAIAQKL
140,SSGSGETFSYPDFLRMMLAKRSA
141,GYIPEITVPVIAALSIAESSTQK
142,ELGKKFNIKTRLSYYSMNHD
143,DTIIMMEPPYCKGLDIFYKA
144,LRYDSEYYLIPVASSSKDVQ
145,RSTPVTKGIPYAPEYKSNAA
146,LKLVMMFEGKANET
147,LDEINKQFVDDPKYS
148,KKIIDYEYKIYSGPDREQIA
149,NNQEHIVGYPKDGNAFNNLD
150,SSSKDVQLKQITDYMYLTNAPSY
151,MEAVKLRDLKTYSVQRK
152,EQDPSGATTKSAMLTNLIIFGPAPVLNKNEV
153,FVKSGDFIKLYISYNNNEHIVGY
154,KRLAEINREF
155,SVDDALINTTKIYSYFPSVISKVNQGAQGIL
156,NLDINNDIISDISGFNSSVL
157,RIFCKALNPKEVEKLYT
158,ITGLGAIRDDNNITLKLDRC
159,IEYNDMFNQFTVSFWLRVPKVSASHLEQYGT
160,SVDDALINSTKIYSYFPSVISKVNQGAQGVL
161,NAPSYTQGKLNIYYRRLYNGLKF
162,IDIDSYKQIYQQKFQFDKDS
163,LANKWVFITITNDRLSSANLYVN
164,EKLAVPKTHLEL
165,FVRDFWGNPLRYDTEYYLIP
166,RMMEKLGLPK
167,SLTLAGELCIKIKNEDLTFIAEK
168,EQDPSGATTKSAMLTNRIIFGPGPVLNKNEV
169,DANLISIDIKNDLYEKTR
170,ANAFNNLDRILRVGYNA
171,IDYNDMFNNFTVSFWLRVPKVSASHLEQYGT
172,SFSDEPFQDEIVSYNTKNKP
173,SFSEEPFQEEIVSYNTKNKP
174,DKISDLSTIVPYIGPALNIV
175,EEKANKAMININIFMRESSRSFR
176,DTQSKNILMQYIKGNSKFIGITELKKLESKI
177,KRTAILRMIL
178,VEYNDMFNNFTVSFWLRVPKVSASHLEQYGT
179,IWLVPERYEFGT
180,LIPVASSSKDVQLKNITDFM
181,SLTLGGEVCIKIKNEDLTFIAEK
182,KSTLLNLDINNDIISDISGFNSS
183,EKLGVPKTHREL
184,FEGKANESSPRPVGPPPERDIASLP
185,TITNDRLSSAQLYINGV
186,RYEKWIEVYKLVKAKWLGSVNTQ
187,DTQTKNILMQYIKANSKFIGITELKKLESKI
188,LLDKIINAIPYLGNTYSLLD
189,GYIPEITLPVIAALSIAESSTQR
190,LKSEYKGNNMRVNTNAFRNV
191,KLIGEVSSASGETF
192,KNASLGLVGSHNGQIGNPPNRDI
193,SITFLRDFWANPLRYDT
194,RYDKWIEVYKLVKAKWLGTVNTQ
195,NTIYQYLYAQKSPSTLQRIT
196,SAFKEKYMEF
197,MGTAEITGLGAIREDNNITL
198,FQIVYNSIMYGFTEIELGKK
199,MGSAEITGLGAIREDNNITR
200,RLDEINKQYL
201,LIWTLKDSAGEVRQISF
202,SRSFLVNQMINEAKKQLLEFDTN
203,LKSEYKGQNMRVQTNAFRNV
204,CNDPNIDIDTYK
205,LKTYSVQLKLYDDKNGSLGL
206,LIPVASSSKDVNLKNITDYM
207,SSTNKEKIIKTIDNFLEKRYEKW
208,AFCPEYVPTFDNVIENVTSL
209,NNITLKLDRCNNNQQYVSID
210,VDEINKQFLDDPKYS
211,KEIEKLYSSYLSITFLRDPWGNP
212,SIGSGWSVSVKGNNLIWTLK
213,MDAVKLRDLKTYSVQLK
214,RESSRSFLLNQMINEAKKQL
215,GGKAYGLLKAQQEER
216,ELGKKFNIKSRLSYFSMNHD
217,VPKTHREM
218,SYQMYKSLEYQVDAIKKIID
219,GNAFNNVDRILRVGYNA
220,FEGKANESSPKPVGPPPERDIATLP
221,GLVGTHNGQIGNDPNRDILIASNWYFNHRKDKILGCDWYFVPTDEGWTND
222,PALNIVKQGFEGNFIGALET
223,FDKDSNGQYIINEDKFQILY
224,SYQTKNKPLNFNYSLDKIPVTKG
225,GPDKEQIADEINNLRNKLEEKAN
226,ANSKFIGITELKKLESKVNK
227,SFSEEPFQDELVSYNTKNKP
228,KQLLEFDTQSKNILMQYLKANSKFIGI
229,DANLISIDIKNDLFEKTL
230,KNLDCWVDNEEDIDVILKKSSIL
231,NGKAIHLVNNESSEVVVHKAMDI
232,KKIIDYEYKIYSGPEKEQIA
233,IDSFVRSGDFIKLYVSYNNN
234,ERLDGLNKHF
235,LIWTLKDSAGDVRQITF
236,KAKWVGTVNTQFQKRSYQMY
237,SYQMYRSLEYNVDAIKKIID
238,LRMMLGKKSAILK
239,KRLDEINREFL
240,GNAFNNLDRIRRVGYNA
241,SSANLYINGVLMGSAEITGR
242,RNITDYMYLTNAPSYTNGKL
243,ETTGVLLLLEYIPEITLPVI
244,IANKLSQLTSCNDPNIDIDS
245,LPVIAALSIAESSSQKEKII
246,LLDKIINAIPYVGNSYSLLD
247,KSNAASTIEIHNIDDNTLYQ
248,PWGNPVRYDTEYYLIPVASSSKD
249,SYNTKNKPLNFNYSLDKLPVTKG
250,FLRDFWGNPVRYDTEYYLIP
251,RRVAEINREF
252,KEIEKLYTSYLSITFLRDPWGQP
253,PVTKGIPYAPEYRSNAASTTEIH
254,IDSFVKSADFIKLYVSYNNN
255,MASAEITGLGAIREDNNITL
256,DKITDVSTIVPYIGPALNIV
257,NITTLTIGKSKYFQDPALLL
258,SMNHDPVKIPNVLDDTIYND
259,NYFPCREGFGSIMQMAFCPE
260,KRSAVLKMI
261,FNLLEQDPSGASTKSAMLTN
262,IMQMGFCPEYVP
263,LCKKLIPPTNIRENLYNRTA
264,GPDKEQIAEEINNLKNKLEEKAN
265,IYYKAFKITERIWIVPERYE
266,LCIKIKNEDLTFIAEKNSFT
267,DKISDVSTIIPYIGPALNIV
268,SRSFLVNQMINEAKRQLLEFDTQ
269,GDLDIMSLKRMLEKLGVPK
270,SSSKDIQLKNITDYMYLTNAPSY
271,DANLVSIDIKNDLYEKTL
272,FNNLDRILRVGYNAPGIPRY
273,FNNLDRVLRVGYNAPGIPLY
274,NLDDNTIYQYLYAQKSPTTL
275,NGKAIHLVNNESSEVLVHKAMDI
276,SYQMYRSLEYQVDAIKKILD
277,KQIPQNFIADYF
278,SVALSQRFQGGKAF
279,DPNIDIDSYKQV
280,FDKDSQGQYIVNEDKFQILY
281,TIYNDTEGFNIDSKDLKSEY
282,NDRTTPVTKGVP
283,DPNYLRTDSDKDRFLQTMVKLFNRLKN
284,GARETTGVVLLLEYIPEITL
285,SSTKDVQLKNITDYMYLTNAPSY
286,PALLLMHELIHVLHGLYAMQ
287,NKNEVRGLVLRVDNKNYFPC
288,GFNSSVISYPDAQLVPGINGKAI
289,IDSFVKSGDFIKLYISYNNN
290,PVTKGIPYAPEYKTNAASTTEIH
291,LNRITMTNSVDDALINSTKI
292,SYNTKNKPLNFNYSLDRIPVTKG
293,EYSIESSMKKHSLSIGSGWSVSV
294,RYEKWIEVYKLVKAKWVGTVNTQ
295,FTEVELGKKFNI
296,SSSKDVQLKNITDYMYRTNAPSY
297,RNASLGLVGTHNGQIGNPPNRDI
298,NYFPCRDGFGTIMQMAFCPE
299,RYEKWIEVYRLVKAKWLGTVNTQ
300,HIVGYPKDGNAFNNLDRILRLGY
301,PWGNPLRYDTEYYRIPVASSSKD
302,DPNYLRTDSDKDRFLQTMVKLFQRIKN
303,GEVRQITFRDLPEKFNAYLANKW
304,DPNYLRSDSDKDRFLQTMVKLFNRIKN
305,SVAVSNRFQGGKAF
306,DFNPPSSLLEGA
307,SVDDALINSTKIYSYFPSLISKVNQGAQGIL
308,QGKAIHLVNNESSEVIVHKAMDI
309,PWGNPRRYDTEYYLIPVASSSKD
310,EAVLDKIINAIP
311,FNAYVANKWVFITITNDRLS
312,IEYNDMFNNFTVSFWVRVPKVSASHLEQYGT
313,SVDDALINSTKIYSYFPSVISKVNQGAQGIR
314,SMNHDPVKIPNLLDDSIYND
315,NQYVSIDRFRIFCKALNPKEIEK
316,AFRNVDGSGLVSKLIA
317,KNVTDYMYLTNAPSYTNGKL
318,LEYIPEITLPVIAARSIAES
319,PKEIEKLYTTYLSITFLRDF
320,VEKRYEKWIEVYKLVKAKWL
321,SYNTKNKPLNFNYSLDKIPVTKA
322,PLTINNFRYSDPVNNDTIIM
323,ALNPKEIEKLFTSYLSI
324,DIIDDFTNESTQKTTIDKIS
325,ILKKSTILNLDINNEII
326,PWGNPLRYDTEYYLIPVASSSRD
327,KINRVFSTPIPFSYSKNLDC
328,SMNHDPVKVPNLLDDTIYND
329,ETTGVVLLLEYIPEITLPLI
330,KRSAIRRMIL
331,YQILYNSIMYGFTEIELGKK
332,SMNHDPVKIPNLRDDTIYND
333,ARKQLLEFDTQSKNILMQYI
334,FDKDSNGQYIVNEDKFQIVY
335,ALNPKEIEKLYTTYLSI
336,RTTPVTKGLPYAPEYKSNAA
337,GNAFNNLERILRVGYNA
338,DIIDDFTNESSQRTTIDKIS
339,MEAVKLKDLKTYSVQLK
340,DGNLISIDIKNDLYEKTL
341,FLAEKNSFSEEPFQDEIVSYNTK
342,GEVRQITFKDLPDKFNAYLANKW
343,KQLLEFDTQSKNILMQYIKANSKFIGL
344,DINNDIISEISGFNSSVITY
345,GALETTGVVLLLEYIPDITL
346,LKSEYRGQNMRVNTNAFRNV
347,DRCNNNNQYVSIDRFRI
348,IESFVKSGDFIKLYVSYNNN
349,MGSAEITGLGAIREDQNITL
350,EQDPSGATTKSAMLTNLIIYGPGPVLNKNEV
351,AIREDNNVTLKLDRCNNNNQYVS
352,ESTGVVLLLEYIPEITLPVI
353,ANSKFIGITELKKVESKINK
354,IKNDLYEKTLNDYKGIANKL
355,ELKKVIGEV
356,FNAYLANKWVFITITNERLS
357,TIYNDTEGFQIESKDLKSEY
358,AKKQLLEFDTQTKNILMQYI
359,DKISDVSTILPYIGPALNIV
360,GPDKEQIADEINNLKNRLEEKAN
361,DTQSKNILMQYIKANSKFIGLTELKKLESKI
362,LVPGINGKAIHLVNNETSEV
363,PDKYNAYLANKWVFITI
364,NKNEVRGIVVRVDNKNYFPC
365,TDYMYLTNAPSYTNGRLNIY
366,MEAVKLRDVKTYSVQLK
367,KNKLDEKANKAMININ
368,KNITDYMYLTNAPSFTNGKL
369,KEIERLYTSYLSITFLRDPWGNP
370,NNNEHIVGYPKDGNGFNNLD
371,SIGSGWSVSLKGNNLIWTRK
372,LIPVASSSKDVQLRNITDYM
373,GLVGTHNGQIGNDPNRDLLIASNWYFNHLKDKILGCDWYFVPTDEGWTND
374,IKNDLYEKTLNDYKAIANRL
375,LKLYDDKNASLGVVGTH
376,GALETTGVVLLLDYIPEITL
377,RIFCKALNPREIEKLYT
378,LEKRYEKWIEVYKLIKAKWL
379,SVDDALINSTKIYSYFPSVISKVNQGAQGIV
380,NGKAIHLVNNESSEVIVHKAMDL
381,LRVGYNAPGIPLYKKMEAVRLRD
382,PALLLMHELIHVLHGVYGMQ
383,KNATLGLVGTHNGQIGNPPNRDI
384,KAKWLGTVNSQFQKRSYQMY
385,RTTPVTKGIPYAPEYRSNAA
386,QIDDNTIYQYLYAQKSPTTL
387,NGDVDIMSL
388,KRLEEIQREFL
389,NQYVSIDKFRVFCKALNPKEIEK
390,NTIYQYVYAQKSPTTLQRIT
391,SSEVIVHKAMEIEYNDM
392,SRSFLLNQMINEAKKQLLEFDTQ
393,ETTGVVLLLEYIPEITLPII
394,KNITDYMFLTNAPSYTNGKL
395,ELIHVLHGRYGMQVSS
396,GSNEYSIISSMKKHSLSIGS
397,LRMMLGKRTAILK
398,GTNEYSIISSMRKHSLSIGS
399,IKIKNEELTFIAEKNSFSEE
400,KRSAILRMIL
401,KRSAILKMI
402,LKLVMMFEGKANES
403,NRFQGGKAFGLLK
404,KRLEEINREFL
405,SVALSNRFQGGKAF
406,RLAEINREFL
407,LRMMLGKRSAILK
408,ERLDGINKHF
409,KLIGEVSSGSGETF
410,NGDIDIMSL
411,SQSKDLQGGKAFGLLKAQ
412,EKLGVPKTHLEL
413,ELKKLIGEV
414,QRFFGHGAENS
415,RDMWRAYSNMR
416,FRPAGLPEKY
417,TKEVQSSLKAQQGLE
418,RQIPQNFIADYF
419,YTSRQIPQNF
420,SKPGVIFLTKRSRQVCADPSEEWVQ
421,RRLAEINREF
422,FEGKANESSPKPVGPPPERDIASLP
423,KMISEVTGGV
424,REFLCDQKY
425,TAFKEKYMEF
426,VPKTHLEM
427,DEENLPEKL
428,RMMEKLGVPK
429,GGKAFGLLKAQQEER
430,LDDPKYSSDEDLPSKLEGF
431,EINKQFLDDPKYSSDEDLPS
432,GDIDIMSLKRMLEKLGVPK
433,KMILMYEEKAREKEKPT
434,SSGSGETFSYPDFLRMMLGKRSA
435,RLDEINKQFL
436,EGFKEKYMEFDLNGNGDIDIM
437,EKAREKEKPTGPPA
438,LDEINKQFLDDPKYS
439,AEELFTFGGQDA
440,AFCPEYVPTFDNVIENITSL
441,AFRNVDGSGLVSKLIG
442,AGEALLDKIINA
443,AIREDNNITLKLDRCNNNNQYVS
444,AKKQLLEFDTQSKNILMQYI
445,ALNPKEIEKLYTSYLSI
446,ANSKFIGITELKKLESKINK
447,ASHLEQYGTNEYSIISSMKK
448,CNDPNIDIDSYK
449,DANLISIDIKNDLYEKTL
450,DDFTNESSQKTTIDKISDVSTIV
451,DFNPPSSLIEGA
452,DIIDDFTNESSQKTTIDKIS
453,DINNDIISDISGFNSSVITY
454,DISGFNSSVITYPDAQLVPG
455,DKISDVSTIVPYIGPALNIV
456,DLTFIAEKNSFSEEPFQDEI
457,DNKNYFPCRDGF
458,DPNIDIDSYKQI
459,DPNYLRTDSDKDRFLQTMVKLFNRIKN
460,DPVNNDTIIMME
461,DRCNNNNQYVSIDKFRI
462,DRLSSANLYINGVLMGSAEI
463,DTIIMMEPPYCKGLDIYYKA
464,DTQSKNILMQYIKANSKFIGITELKKLESKI
465,EALLDKIINAIP
466,EEKANKAMININIFMRESSRSFL
467,EIELGKKFNIKT
468,EKIIKTIDNFLEKRYEKWIE
469,ELGKKFNIKTRLSYFSMNHD
470,ELIHVLHGLYGMQVSS
471,ELKKLESKINKVFSTPIPFS
472,EQDPSGATTKSAMLTNLIIFGPGPVLNKNEV
473,ESSQKTTIDKISDVSTIVPY
474,ETTGVVLLLEYIPEITLPVI
475,EYSIESSMKKHSLSIGSGWSVSL
476,FDKDSNGQYIVNEDKFQILY
477,FIAEKNSFSEEPFQDEIVSYNTK
478,FLRDFWGNPLRYDTEYYLIP
479,FNAYLANKWVFITITNDRLS
480,FNLLEQDPSGATTKSAMLTN
481,FNNLDRILRVGYNAPGIPLY
482,FQILYNSIMYGFTEIELGKK
483,FTEIELGKKFNI
484,FVKSGDFIKLYVSYNNNEHIVGY
485,GALETTGVVLLLEYIPEITL
486,GEVRQITFRDLPDKFNAYLANKW
487,GFNSSVITYPDAQLVPGINGKAI
488,GIPLYKKMEAVKLRDLKTYS
489,GLVGTHNGQIGNDPNRDILIASNWYFNHLKDKILGCDWYFVPTDEGWTND
490,GNAFNNLDRILRVGYNA
491,GPDKEQIADEINNLKNKLEEKAN
492,GTNEYSIISSMKKHSLSIGS
493,GYIPEITLPVIAALSIAESSTQK
494,HIVGYPKDGNAFNNLDRILRVGY
495,IANKLSQVTSCNDPNIDIDS
496,IDIDSYKQIYQQKYQFDKDS
497,IDSFVKSGDFIKLYVSYNNN
498,IEYNDMFNNFTVSFWLRVPKVSASHLEQYGT
499,IISDISGFNSSVITYPD
500,IKIKNEDLTFIAEKNSFSEE
501,IKNDLYEKTLNDYKAIANKL
502,ILFLQWVRDIIDDFTNESSQ
503,ILKKSTILNLDINNDII
504,IMQMAFCPEYVP
505,ISAEELFTFGGQ
506,ITGLGAIREDNNITLKLDRC
507,IVDYNLQSKITLPNDRTTPV
508,IVPERYEFGTKP
509,IWIVPERYEFGT
510,IYYKAFKITDRIWIVPERYE
511,KAKWLGTVNTQFQKRSYQMY
512,KAMDIEYNDMFNNFTVSFWLRVP
513,KDSAGEVRQITFRDLPD
514,KEIEKLYTSYLSITFLRDPWGNP
515,KINKVFSTPIPFSYSKNLDC
516,KKIIDYEYKIYSGPDKEQIA
517,KNASLGLVGTHNGQIGNPPNRDI
518,KNITDYMYLTNAPSYTNGKL
519,KNKLEEKANKAMININ
520,KNLDCWVDNEEDIDVILKKSTIL
521,KQLLEFDTQSKNILMQYIKANSKFIGI
522,KSNAASTIEIHNIDDNTIYQ
523,KSTILNLDINNDIISDISGFNSS
524,LANKWVFITITNDRLSSANLYIN
525,LCIKIKNEDLTFIAEKNSFS
526,LCKKIIPPTNIRENLYNRTA
527,LEKRYEKWIEVYKLVKAKWL
528,LEYIPEITLPVIAALSIAES
529,LFTFGGQDANLISIDIKNDL
530,LIPVASSSKDVQLKNITDYM
531,LIWTLKDSAGEVRQITF
532,LKLYDDKNASLGLVGTH
533,LKSEYKGQNMRVNTNAFRNV
534,LKTYSVQLKLYDDKNASLGL
535,LLDKIINAIPYLGNSYSLLD
536,LPNDRTTPVTKG
537,LPVIAALSIAESSTQKEKII
538,LQRITMTNSVDDALINSTKI
539,LRVGYNAPGIPLYKKMEAVKLRD
540,LRYDTEYYLIPVASSSKDVQ
541,LVPGINGKAIHLVNNESSEV
542,LYGMQVSSHEIIPSKQEIYM
543,MEAVKLRDLKTYSVQLK
544,MGSAEITGLGAIREDNNITL
545,MTNSVDDALINSTKIYSYFP
546,NAPSYTNGKLNIYYRRLYNGLKF
547,NDRTTPVTKGIP
548,NEEDIDVILKKSTILNLDIN
549,NGKAIHLVNNESSEVIVHKAMDI
550,NGLKFIIKRYTPNNEIDSFVKSG
551,NIDDNTIYQYLYAQKSPTTL
552,NITSLTIGKSKYFQDPALLL
553,NKNEVRGIVLRVDNKNYFPC
554,NLDINNDIISDISGFNSSVI
555,NLYINGVLMGSAEITGLGAIRED
556,NNDTIIMMEPPY
557,NNITLKLDRCNNNNQYVSID
558,NNNEHIVGYPKDGNAFNNLD
559,NPPSSLIEGASE
560,NQYVSIDKFRIFCKALNPKEIEK
561,NTIYQYLYAQKSPTTLQRIT
562,NYFPCRDGFGSIMQMAFCPE
563,NYSLDKIIVDYNLQSKITLP
564,PALLLMHELIHVLHGLYGMQ
565,PALNIVKQGYEGNFIGALET
566,PDKFNAYLANKWVFITI
567,PERYEFGTKPEDFNPPSSLI
568,PIPFSYSKNLDCWVDNEEDI
569,PITINNFRYSDPVNNDTIIM
570,PKEIEKLYTSYLSITFLRDF
571,PSSLIEGASEYYDPNYLRTD
572,PVTKGIPYAPEYKSNAASTTEIH
573,PWGNPLRYDTEYYLIPVASSSKD
574,QEIYMQHTYPISAEELFTFG
575,QKSPTTLQRITMTNSVDDALINS
576,QMAFCPEYVPTF
577,RESSRSFLVNQMINEAKKQL
578,RIFCKALNPKEIEKLYT
579,RTTPVTKGIPYAPEYKSNAA
580,RYEKWIEVYKLVKAKWLGTVNTQ
581,SFSEEPFQDEIVSYNTKNKP
582,SIGSGWSVSLKGNNLIWTLK
583,SITFLRDFWGNPLRYDT
584,SLTDLGGELC
585,SLTLGGELCIKIKNEDLTFIAEK
586,SMNHDPVKIPNLLDDTIYND
587,SRSFLVNQMINEAKKQLLEFDTQ
588,SSANLYINGVLMGSAEITGL
589,SSEVIVHKAMDIEYNDM
590,SSMKKHSLSIGSGWSVSLKG
591,SSSKDVQLKNITDYMYLTNAPSY
592,SSTQKEKIIKTIDNFLEKRYEKW
593,SVDDALINSTKIYSYFPSVISKVNQGAQGIL
594,SYNTKNKPLNFNYSLDKIPVTKG
595,SYQMYRSLEYQVDAIKKIID
596,TDLGGELCIKIK
597,TDYMYLTNAPSYTNGKLNIY
598,TITNDRLSSANLYINGV
599,TIYNDTEGFNIESKDLKSEY
