,0
0,EKLGVPRTHLEL
1,DRLSSANLYLNGVLMGSAEI
2,LPVIAALSIAESSTQKEKLI
3,GDIDIMSLKRMREKLGVPK
4,LKLYDDKNASRGLVGTH
5,FRPAGRPEKY
6,SFSEEPFQDEIVSYNTKQKP
7,NLDINNDIISDISGFNSTVI
8,FNLLEQDPSGATTKSAMLSN
9,SKPGVVFLTKRSRQVCADPSEEWVQ
10,IVDYNLQSKITLPNDKTTPV
11,DFNPPSSLVEGA
12,SRPGVIFLTKRSRQVCADPSEEWVQ
13,ISADELFTFGGQ
14,EEKANKAMININIFMRESSRTFL
15,NIDDNTIYQYLYGQKSPTTL
16,FTEVELGKKFNI
17,EKLGVPKTHVEL
18,PWGNPLRYDTEYYLIPLASSSKD
19,KSTILNLDINNDIVSDISGFNSS
20,IVDYNLQSKITLPNDRTTPL
21,RIWTLKDSAGEVRQITF
22,PKEIEKVYTSYLSITFLRDF
23,DKIIKTIDNFLEKRYEKWIE
24,ETSQKTTIDKISDVSTIVPY
25,QKNEVRGIVLRVDNKNYFPC
26,QKSPTTLQRITMTNSVDDGLINS
27,DTQSRNILMQYIKANSKFIGITELKKLESKI
28,FIAEKNSFSEDPFQDEIVSYNTK
29,DISGFNSSVITFPDAQLVPG
30,GLVGTHNGQIGNDPNRDILIASNWYFNHLKDKIRGCDWYFVPTDEGWTND
31,LPLIAALSIAESSTQKEKII
32,LEYVPEITLPVIAALSIAES
33,KIQKVFSTPIPFSYSKNLDC
34,PDKFNGYLANKWVFITI
35,KKIIDYEYKIYSGPDKEQIG
36,DTQSKQILMQYIKANSKFIGITELKKLESKI
37,KLIGEVSSGSGDTF
38,KNLDCWVDNEEDIDVILKRSTIL
39,IIPERYEFGTKP
40,NQYVSLDKFRIFCKALNPKEIEK
41,PDKYNAYLANKWVFITI
42,LEKRYEKWIEVYKLVKARWL
43,IDIDSYKQIYNQKYQFDKDS
44,FLRDFWGQPLRYDTEYYLIP
45,FNLLEQDPSAATTKSAMLTN
46,SSSKDVQLKNITDFMYLTNAPSY
47,KNASLGLVGTHNGQIGNPPNREI
48,KVNKVFSTPIPFSYSKNLDC
49,KNITDFMYLTNAPSYTNGKL
50,GALETTGVVLLLEYIPEVTL
51,SIASGWSVSLKGNNLIWTLK
52,NNQEHIVGYPKDGNAFNNLD
53,GEVRQITFRDLPDKFQAYLANKW
54,SVALSQRFQGGKAF
55,SFSEEPFQDEILSYNTKNKP
56,IWIVPEKYEFGT
57,DPQYLRTDSDKDRFLQTMVKLFNRIKN
58,YTSRQIPNNF
59,PALNIVKQGYEGNFVGALET
60,FVKSGDFIKLYVTYNNNEHIVGY
61,QKTPTTLQRITMTNSVDDALINS
62,IDIDSYKQIYQQKYQFEKDS
63,KDSAGEVRNITFRDLPD
64,LCKKIIPPTNLRENLYNRTA
65,SYNTKNKPLQFNYSLDKIPVTKG
66,AKKQLLDFDTQSKNILMQYI
67,FDKDSNGQYILNEDKFQILY
68,DPNYLRTDSDKDKFLQTMVKLFNRIKN
69,SAFKEKYMEF
70,LANKWVFITISNDRLSSANLYIN
71,RYEKWIEVYKLVKAKWLGTVNSQ
72,DTIIMMEPPYCKGRDIYYKA
73,AGEALLDKILNA
74,SRSFLVNQMINEAKKQLREFDTQ
75,VPRTHLEM
76,GPDKEQIADEINNLKNKREEKAN
77,MGSAEITGLGAIREDNQITL
78,LFTFGGQDANLITIDIKNDL
79,PVTKGLPYAPEYKSNAASTTEIH
80,KDSAGEVRQITFKDLPD
81,MTNSLDDALINSTKIYSYFP
82,PIPFSYSKNLDCWIDNEEDI
83,LPNDRTTPVTRG
84,ILFRQWVRDIIDDFTNESSQ
85,MGSAEITGLGAVREDNNITL
86,KDSAGEVRQITFRELPD
87,STGSGETFSYPDFLRMMLGKRSA
88,TVTNDRLSSANLYINGV
89,PERYEFGTKPEDFNPPSSLL
90,SFSEEPFQDEIVSYNTRNKP
91,NTLYQYLYAQKSPTTLQRIT
92,LIPVATSSKDVQLKNITDYM
93,SSEVIVHKAMDIEYQDM
94,FTEIELGKKFNV
95,GFNSSVITYPDANLVPGINGKAI
96,IDSFVKSGDFIKLYVSFNNN
97,EKIIKTIDQFLEKRYEKWIE
98,QEIYMQHTYPISAEEVFTFG
99,GPDKEQIGDEINNLKNKLEEKAN
100,VPKTHVEM
101,IWIIPERYEFGT
102,KSTILNLDVNNDIISDISGFNSS
103,RMMEKLAVPK
104,NNDTIVMMEPPY
105,ESSQKSTIDKISDVSTIVPY
106,DTIIMMEPPYCKGLDVYYKA
107,FNLLEQDPSGATTKSGMLTN
108,IDSFVKSGDFIKRYVSYNNN
109,PALNIVRQGYEGNFIGALET
110,NYFPCRDGFGSIMNMAFCPE
111,SSSKDVQRKNITDYMYLTNAPSY
112,FTEIERGKKFNI
113,LANKWVYITITNDRLSSANLYIN
114,PKEIEKLYTSYLSITFLRDY
115,NLDINNDVISDISGFNSSVI
116,REFRCDQKY
117,KQLLEFDTQTKNILMQYIKANSKFIGI
118,SLTLGGELCIKIKNEDLTFIADK
119,KLIAEVSSGSGETF
120,NQYVSIDKFRLFCKALNPKEIEK
121,NRFQGGRAFGLLK
122,QGLKFIIKRYTPNNEIDSFVKSG
123,LQRLTMTNSVDDALINSTKI
124,LANKWVFITITNDRLSSANVYIN
125,KNLDCWIDNEEDIDVILKKSTIL
126,RESSRTFLVNQMINEAKKQL
127,KSTILNLDINNDIISDISAFNSS
128,KNLDCWVDNEEEIDVILKKSTIL
129,PVTKGIPFAPEYKSNAASTTEIH
130,RMMEKLGIPK
131,IYYKAFKITDRIWIVPEKYE
132,DKVSDVSTIVPYIGPALNIV
133,SMNHDPLKIPNLLDDTIYND
134,GDLDIMSLKRMLEKLGVPK
135,KMISDVTGGV
136,KNITDYMYLTNAPSYTNGKR
137,RESSRSFLVNQMIQEAKKQL
138,NNITLKLDRCNNNNQYVSIE
139,GYLPEITLPVIAALSIAESSTQK
140,LIPVGSSSKDVQLKNITDYM
141,LKVVMMFEGKANES
142,LEYIPEITLPVLAALSIAES
143,GFNSSVITYPDAQLVPGINGKGI
144,KSNAGSTIEIHNIDDNTIYQ
145,SIYNDTEGFNIESKDLKSEY
146,AFRNVDGSGLLSKLIG
147,IKIKNEDVTFIAEKNSFSEE
148,DKISDVSTIVPYVGPALNIV
149,SYNTKNKPLNFNYSLEKIPVTKG
150,DIIDDFTNESSQKTSIDKIS
151,NGKAIHVVNNESSEVIVHKAMDI
152,DDFTNESSQKTTVDKISDVSTIV
153,PWGNPLRYDTEYYLIPVATSSKD
154,ANSKFIGLTELKKLESKINK
155,SVDDALINSTKIYSYFPSVISKVNQGAQGIR
156,SVDDALINTTKIYSYFPSVISKVNQGAQGIL
157,KNKREEKANKAMININ
158,SDYMYLTNAPSYTNGKLNIY
159,FNNLDRILRVGYNAPGIPRY
160,EYSIESSMKKHSLSIGSGWSVSR
161,GYIPEITLPVIAGLSIAESSTQK
162,FVKSGDFIKRYVSYNNNEHIVGY
163,DIIDDFTNESSQKTTIEKIS
164,ISAEELFSFGGQ
165,IMNMAFCPEYVP
166,FVKSGDFIRLYVSYNNNEHIVGY
167,RYEKWIEVYKLVKAKWLGTLNTQ
168,SITFVRDFWGNPLRYDT
169,NGLKFIIKRYTPNNEVDSFVKSG
170,EYSIESSMKKHSLSLGSGWSVSL
171,TAFKEKYMEY
172,LLDKIIQAIPYLGNSYSLLD
173,NYFPCRDGFGSIMQMGFCPE
174,FNLLDQDPSGATTKSAMLTN
175,LKYDTEYYLIPVASSSKDVQ
176,ADELFTFGGQDA
177,KINKVFSSPIPFSYSKNLDC
178,SSANLYINGILMGSAEITGL
179,NLDINNDIISDISGFNSSVL
180,KNKLEEKANKAMLNIN
181,VPVIAALSIAESSTQKEKII
182,GGKAFGLLKAQQDER
183,KARWLGTVNTQFQKRSYQMY
184,EGFKEKYMEFDLNGNADIDIM
185,DTQTKNILMQYIKANSKFIGITELKKLESKI
186,PVTKGIPYAPEYKSNAASTSEIH
187,GLVGTHNGQIGNDPNRDIRIASNWYFNHLKDKILGCDWYFVPTDEGWTND
188,ALNPKEIEKLYTSYLSV
189,NNNEHIVGYPKDGQAFNNLD
190,DPNYLRTDSDKDRFLQTMVKLFNRVKN
191,IMQMAFCPEFVP
192,EINKQFLDDPRYSSDEDLPS
193,MGSAEITGLGAIREDNNITR
194,DDFTNESTQKTTIDKISDVSTIV
195,DKLGVPKTHLEL
196,LKLVMMFEGRANES
197,SSMKKHSLSIGSGWSVSLKA
198,GGLETTGVVLLLEYIPEITL
199,PVTKGIPYAPDYKSNAASTTEIH
200,ELKKVIGEV
201,LEYIPDITLPVIAALSIAES
202,NGKALHLVNNESSEVIVHKAMDI
203,PDKFNAYLANKWLFITI
204,GTNEYSIISSMRKHSLSIGS
205,NRFQGGKAFGLLR
206,LANKWVFITITNDRLSTANLYIN
207,SLTLGGEVCIKIKNEDLTFIAEK
208,GALETTAVVLLLEYIPEITL
209,LRMMLGRRSAILK
210,EGFKEKYMEFDLNGNGEIDIM
211,SSEVIVHKGMDIEYNDM
212,GALETTGVVLLLEFIPEITL
213,GNAFNNLDRILRLGYNA
214,NKNEVRGIVLRVENKNYFPC
215,FQILYNSIMYGFTEVELGKK
216,DANLISIDIKNDRYEKTL
217,GTNEYSIISSMKRHSLSIGS
218,TDYMYLTNAPSYSNGKLNIY
219,ETTGVVLLLEFIPEITLPVI
220,IISDISGFNTSVITYPD
221,LQRITMTNSVDDGLINSTKI
222,TITNDRLSSANLFINGV
223,NDRTTPITKGIP
224,LQRITMTNSVDDALINSTKL
225,SYQMYRSLEYQVDAIKKILD
226,FVKSGDFIKLYVSYNNNEHIVGF
227,LFTFGGQDGNLISIDIKNDL
228,SSSKDVQLKNITDYMYLTNAPSF
229,QRFFGHGADNS
230,FTEIELGKRFNI
231,FQILYNSVMYGFTEIELGKK
232,LDEINKQFLEDPKYS
233,LKTYSVNLKLYDDKNASLGL
234,NYSLDKIIVDYNLQSRITLP
235,DKISDVSTIVPYIGPGLNIV
236,PWGNPVRYDTEYYLIPVASSSKD
237,GLVGTHNGQIGNDPNRDIVIASNWYFNHLKDKILGCDWYFVPTDEGWTND
238,ISAEELFTFGAQ
239,GLVGTHNGNIGNDPNRDILIASNWYFNHLKDKILGCDWYFVPTDEGWTND
240,GYIPEITLPVIAALSLAESSTQK
241,ETTGIVLLLEYIPEITLPVI
242,HIVGYPKDGNAFNNLDRLLRVGY
243,SQSKDLQGGKAFGLLKAN
244,VDSFVKSGDFIKLYVSYNNN
245,LPVIAGLSIAESSTQKEKII
246,IANKRSQVTSCNDPNIDIDS
247,IKNDRYEKTLNDYKAIANKL
248,EQDPSGATTKTAMLTNLIIFGPGPVLNKNEV
249,ALNPKEIERLYTSYLSI
250,SYQMYRSLEYQIDAIKKIID
251,LFTFGGQDANLISVDIKNDL
252,EGFKERYMEFDLNGNGDIDIM
253,KRLEEINREFV
254,SSMKKHSLSIASGWSVSLKG
255,EALLDRIINAIP
256,ELKKLIGEL
257,EQDPSGATTKSAMLTNLIIFGPGPVLNKNEI
258,NYTLDKIIVDYNLQSKITLP
259,LDEINRQFLDDPKYS
260,GEVRQITYRDLPDKFNAYLANKW
261,GLVGTHNGQIGNDPNRDLLIASNWYFNHLKDKILGCDWYFVPTDEGWTND
262,SRSFLVNQMINEAKKQLLEYDTQ
263,DPNYLRTDSDKDRFLQTMVRLFNRIKN
264,RNIPQNFIADYF
265,SIGSGWSVSLKGNNLIWTVK
266,ELKKRIGEV
267,GLVGTHNGQIGNDPNRDILIGSNWYFNHLKDKILGCDWYFVPTDEGWTND
268,DALLDKIINAIP
269,SYQMYRSLEFQVDAIKKIID
270,AFRNVDGSALVSKLIG
271,DLIHVLHGLYGMQVSS
272,NNITLKLDRCNNNNQYLSID
273,LKSEYKGQNMRLNTNAFRNV
274,ERLDGINRHF
275,NGDIDIMSR
276,ELKKLDSKINKVFSTPIPFS
277,TKEIQSSLKAQQGLE
278,EKIIKTLDNFLEKRYEKWIE
279,LMQMAFCPEYVP
280,GGEALLDKIINA
281,SIGSGWSVSRKGNNLIWTLK
282,DLKKLESKINKVFSTPIPFS
283,DDYTNESSQKTTIDKISDVSTIV
284,RQIPQNFIADYY
285,IVDYNLQSKVTLPNDRTTPV
286,ILKKSSILNLDINNDII
287,MTNSVDDARINSTKIYSYFP
288,FSEIELGKKFNI
289,SVDDALINSTKIYSYFPSVISKVNQGAQGVL
290,SVALSNRFNGGKAF
291,SYNTKNKPLNFNYSLDKIPLTKG
292,LIWTLKDSAGDVRQITF
293,GTNEYSIISSMKKHSLSVGS
294,SRSFLVNQMINDAKKQLLEFDTQ
295,ILKKSTILNLDINNDIV
296,LYGMQVSSHELIPSKQEIYM
297,DISGFNSTVITYPDAQLVPG
298,LCIKIKNEDLTFIAEKNSYS
299,RIPVASSSKDVQLKNITDYM
300,FQILYNSIMYGYTEIELGKK
301,SLTDLGAELC
302,IKNDLYEKTLNDYKAIGNKL
303,LKSEYKGQNMRVNTNAFRNI
304,LIWTLKDSAGEVRNITF
305,TITNDRRSSANLYINGV
306,LANKWVFITITNDRVSSANLYIN
307,KQLLEFDTQSRNILMQYIKANSKFIGI
308,SLTLGGELCIKIKNEDLTFLAEK
309,IEYNDMFNNFTISFWLRVPKVSASHLEQYGT
310,DNKNYFPCKDGF
311,LRVGYNAPGIPLYKKMEAVKRRD
312,IDSFLKSGDFIKLYVSYNNN
313,IEYNDMFNNFTVSFWRRVPKVSASHLEQYGT
314,IDSFVKSGDFIKLYVSYNNQ
315,IVPERYDFGTKP
316,GLVGTHNGQIGNDPNRDILIASNWYFNHLKDKILGCDWYFVPTDEGWTQD
317,LEYIPEISLPVIAALSIAES
318,AKKQLLEFDTQTKNILMQYI
319,NYFPCRDGFGSLMQMAFCPE
320,EEKANKAMININIFMRDSSRSFL
321,KNLDCWVDQEEDIDVILKKSTIL
322,ETTGVVLLVEYIPEITLPVI
323,SLTLGGERCIKIKNEDLTFIAEK
324,SQSKDLQGGKAFGLLKGQ
325,NIEDNTIYQYLYAQKSPTTL
326,GYNSSVITYPDAQLVPGINGKAI
327,NPPSSLIEGATE
328,VISDISGFNSSVITYPD
329,QQYVSIDKFRIFCKALNPKEIEK
330,SVDEALINSTKIYSYFPSVISKVNQGAQGIL
331,DTIIMMEPPYCKGLDIYYKG
332,KQLLDFDTQSKNILMQYIKANSKFIGI
333,STSKDVQLKNITDYMYLTNAPSY
334,LEYIPEITLPVIAALSLAES
335,LCIKIKNDDLTFIAEKNSFS
336,ILKKSTIVNLDINNDII
337,DDFTNESSQKTTIDKISDVSTVV
338,EKRGVPKTHLEL
339,FQILYNSIMYGFTELELGKK
340,RTTPVTKGIPYAPEYKTNAA
341,RMMEKRGVPK
342,SSMKKHSRSIGSGWSVSLKG
343,AKKQLLEFDTQSKNILMQYL
344,ANSKFIGITELKKLDSKINK
345,LEKRYEKWIEVYRLVKAKWL
346,KTTPVTKGIPYAPEYKSNAA
347,PALNIVKQGYEGNFIAALET
348,AIREDNNITLKLERCNNNNQYVS
349,NGLKFIIKRFTPNNEIDSFVKSG
350,EINRQFLDDPKYSSDEDLPS
351,QELYMQHTYPISAEELFTFG
352,ELIHVLHGRYGMQVSS
353,ILFLQWVRDIIDDFTNESTQ
354,DDFTNESSQKTTLDKISDVSTIV
355,ETSGVVLLLEYIPEITLPVI
356,ESSQKTTIDKISDVSTIIPY
357,AGEALRDKIINA
358,QDRTTPVTKGIP
359,FDKDSNGQYLVNEDKFQILY
360,DIIDDFTNESSNKTTIDKIS
361,KLIGEVTSGSGETF
362,RMILMYEEKAREKEKPT
363,EGFKEKYMEFDLNGQGDIDIM
364,SSMKKHSLSIGSGWSISLKG
365,DDFTNESSQKTTIEKISDVSTIV
366,LCIKIKNEDLTFIAEKNTFS
367,NEEDIDVILRKSTILNLDIN
368,KNASLGLVGTHNGQIGNPPNRDV
369,RRLAEINRDF
370,DPNYLRTDSDKERFLQTMVKLFNRIKN
371,GEVRQITFRDLPDKYNAYLANKW
372,PARNIVKQGYEGNFIGALET
373,LIPGINGKAIHLVNNESSEV
374,IEYNDMFQNFTVSFWLRVPKVSASHLEQYGT
375,GDIDLMSLKRMLEKLGVPK
376,GLVGTHNGQIGNDPNRDILIASNWYFNHLKDKILGCDWYFLPTDEGWTND
377,TVALSNRFQGGKAF
378,PVPFSYSKNLDCWVDNEEDI
379,SYQMYRSVEYQVDAIKKIID
380,SLTLGGDLCIKIKNEDLTFIAEK
381,IDSFVKSGDFIKLYISYNNN
382,DPNIDIESYKQI
383,SYQMYRSREYQVDAIKKIID
384,NLDVNNDIISDISGFNSSVI
385,IVPERYEFGSKP
386,MGSAEITGLGAIREDNNLTL
387,RINKVFSTPIPFSYSKNLDC
388,NGLKFIIKRYTPNNEIESFVKSG
389,HIVGYPKDGNGFNNLDRILRVGY
390,DKISDVTTIVPYIGPALNIV
391,TQSKDLQGGKAFGLLKAQ
392,FNAYLANKWVFITISNDRLS
393,DANLISIDIKNELYEKTL
394,FLRDFWGNPLKYDTEYYLIP
395,TIYNDTDGFNIESKDLKSEY
396,AIREDNNITRKLDRCNNNNQYVS
397,FQILYNSIMYGFTEIERGKK
398,LANKWVFITITNDRLSSANLFIN
399,NYFPCRDGFGSVMQMAFCPE
400,RKLYDDKNASLGLVGTH
401,AIREDNNITLKLDRCQNNNQYVS
402,MEGVKLRDLKTYSVQLK
403,SITFLRDFWGNPLRFDT
404,FNLLEQDPSGATSKSAMLTN
405,SSTNKEKIIKTIDNFLEKRYEKW
406,GALETTGLVLLLEYIPEITL
407,SYNTKNKPLNFNYSLDKLPVTKG
408,GFNSSVITYPDAQLVPGVNGKAI
409,KRSAILRMI
410,PKELEKLYTSYLSITFLRDF
411,ANSKFIGITELRKLESKINK
412,LKLYDDKNASLGLLGTH
413,DINNDVISDISGFNSSVITY
414,FRRDFWGNPLRYDTEYYLIP
415,SSSKDIQLKNITDYMYLTNAPSY
416,LEYNDMFNNFTVSFWLRVPKVSASHLEQYGT
417,DISGFNSSVITYPDAQVVPG
418,NKNEVRGIVLRVDNRNYFPC
419,TLYNDTEGFNIESKDLKSEY
420,PDKFNAYLANKWVYITI
421,EKIIKTIDNFLEKRYEKWID
422,RQRITMTNSVDDALINSTKI
423,LVPGINAKAIHLVNNESSEV
424,KRLEDINREFL
425,KNASLGLVGTHNGQIANPPNRDI
426,RKLVMMFEGKANES
427,LLDKIINAVPYLGNSYSLLD
428,NQYVSIEKFRIFCKALNPKEIEK
429,AEERFTFGGQDA
430,SLTLGGELCIKIKNEDLTFVAEK
431,KINKVFSTPVPFSYSKNLDC
432,NGKAIHLVNNDSSEVIVHKAMDI
433,EKIIKTIDNFLERRYEKWIE
434,SMQHDPVKIPNLLDDTIYND
435,SVDDALINSTKLYSYFPSVISKVNQGAQGIL
436,KNITDYMYLTNAPSFTNGKL
437,DANLISIDIKNDLYEKSL
438,EQDPTGATTKSAMLTNLIIFGPGPVLNKNEV
439,QEIYMQHSYPISAEELFTFG
440,PWGNPLRYDTEYYLIPIASSSKD
441,LEKRYERWIEVYKLVKAKWL
442,QEVYMQHTYPISAEELFTFG
443,ISGLGAIREDNNITLKLDRC
444,SLTLGGELCIKIKNEDLTYIAEK
445,EEENLPEKL
446,DLNNDIISDISGFNSSVITY
447,KSNAASTLEIHNIDDNTIYQ
448,CNDPNIDIDSFK
449,GTNEYSIISSMKKHTLSIGS
450,ISAEELFTYGGQ
451,NGKAIHLVNNESSEVIVHKAMEI
452,NLDLNNDIISDISGFNSSVI
453,RDMWRAFSNMR
454,LCKKIIPPTNIKENLYNRTA
455,NTIYQYLYAQKTPTTLQRIT
456,TDLGAELCIKIK
457,LVPGLNGKAIHLVNNESSEV
458,LKLYDDKNGSLGLVGTH
459,NRNEVRGIVLRVDNKNYFPC
460,GFNSTVITYPDAQLVPGINGKAI
461,SYNTKNKPVNFNYSLDKIPVTKG
462,RRLADINREF
463,SFSEEPFQEEIVSYNTKNKP
464,QRFYGHGAENS
465,RVAEINREFL
466,ASHLEQYGTNDYSIISSMKK
467,SVTFLRDFWGNPLRYDT
468,SSANLYINGVLMGSAELTGL
469,SSTQKEKILKTIDNFLEKRYEKW
470,LPVIGALSIAESSTQKEKII
471,PKEIEKLYTSYLSITYLRDF
472,DPNIDIDTYKQI
473,QKSPTTLQRITMSNSVDDALINS
474,KMILMYEEKGREKEKPT
475,DINNDIISDVSGFNSSVITY
476,KNASLGLLGTHNGQIGNPPNRDI
477,LPNERTTPVTKG
478,PIPFSYSKNLDCWVDQEEDI
479,LCIKIKNEDLTFIAERNSFS
480,AFRQVDGSGLVSKLIG
481,ILYLQWVRDIIDDFTNESSQ
482,EKLGVPKSHLEL
483,AKKQLLEFDTQSRNILMQYI
484,LQRITMSNSVDDALINSTKI
485,LGNKWVFITITNDRLSSANLYIN
486,LRSEYKGQNMRVNTNAFRNV
487,LPVIAALSLAESSTQKEKII
488,SVDDALINSTKIFSYFPSVISKVNQGAQGIL
489,PITINNFRYTDPVNNDTIIM
490,HIVGYPKDGNAFNNVDRILRVGY
491,ELKKLETKINKVFSTPIPFS
492,EINKQFLDDPKFSSDEDLPS
493,EQDPSGATTKSAMLTNLIIFGPGPVRNKNEV
494,GIREDNNITLKLDRCNNNNQYVS
495,IKIKNEDLTFIAERNSFSEE
496,GLVGTHNGQIGNDPNRDILIASNWYFNHLKDKVLGCDWYFVPTDEGWTND
497,KSTIVNLDINNDIISDISGFNSS
498,LCVKIKNEDLTFIAEKNSFS
499,ALREDNNITLKLDRCNNNNQYVS
500,EGFKEKYMEFDLNGNGDIDVM
501,PSSLIEGASEYYDPNYRRTD
502,DKISDVSTIVPYIGPALNII
503,DINNDIITDISGFNSSVITY
504,SRSFLLNQMINEAKKQLLEFDTQ
505,PITINNFRYSDPVNNETIIM
506,TKEVQSSLRAQQGLE
507,IEYNDMFNNFTVSFWLRVPKVSASHLDQYGT
508,DTQSKNILMNYIKANSKFIGITELKKLESKI
509,AKRQLLEFDTQSKNILMQYI
510,GYIPEITLPVIAALSIAESSSQK
511,LKSEYRGQNMRVNTNAFRNV
512,GDIEIMSLKRMLEKLGVPK
513,DDFTNESSQKTTIDKISEVSTIV
514,DRCQNNNQYVSIDKFRI
515,NGKAIHLVNNESSEVIVHKAMDL
516,IISDISGFQSSVITYPD
517,NYFPCRDGFASIMQMAFCPE
518,SSELIVHKAMDIEYNDM
519,MTNSVDDALINSTKIFSYFP
520,NGDIEIMSL
521,LLDKIINAIPYLGNSYSLVD
522,DRCNNNNQYVSIEKFRI
523,GPDKEQIADEINNVKNKLEEKAN
524,VKIKNEDLTFIAEKNSFSEE
525,ETTGVVLLREYIPEITLPVI
526,LANKLSQVTSCNDPNIDIDS
527,IEYNDMFNNFTVSFWLKVPKVSASHLEQYGT
528,HIVGYPKDGNAFNNLERILRVGY
529,PDKFNAYLANKWVFVTI
530,KEIEKLYTSYVSITFLRDPWGNP
531,LCIRIKNEDLTFIAEKNSFS
532,SVDDAVINSTKIYSYFPSVISKVNQGAQGIL
533,GYIPELTLPVIAALSIAESSTQK
534,AFCPEYVPTFDNIIENITSL
535,KSTILNLDINNDIITDISGFNSS
536,DRLTSANLYINGVLMGSAEI
537,LVPGINGKAIHLINNESSEV
538,FQILYNSIMFGFTEIELGKK
539,KSTILNLDIQNDIISDISGFNSS
540,YLRDFWGNPLRYDTEYYLIP
541,GNGFNNLDRILRVGYNA
542,PERFEFGTKPEDFNPPSSLI
543,GSHLEQYGTNEYSIISSMKK
544,KNASRGLVGTHNGQIGNPPNRDI
545,SIGTGWSVSLKGNNLIWTLK
546,GLIGTHNGQIGNDPNRDILIASNWYFNHLKDKILGCDWYFVPTDEGWTND
547,KLIGEVSSGSGESF
548,NNDTIIMMDPPY
549,GFNSSLITYPDAQLVPGINGKAI
550,ELKKLESKINKVFTTPIPFS
551,RQIPQNFIAEYF
552,TIYNDTEGFNIESKDLKSDY
553,ELGRKFNIKTRLSYFSMNHD
554,GFNSSIITYPDAQLVPGINGKAI
555,LFTFGGQDANLISIEIKNDL
556,NLYINGVLMGSAEITGRGAIRED
557,DISGFQSSVITYPDAQLVPG
558,FEGKANESSPKPVGPPPERDIGSLP
559,DTQSKNILMQYIKANSKFIGITDLKKLESKI
560,LKTYSVQLKLYDDKQASLGL
561,SFSEEPFQDEIVTYNTKNKP
562,NRFQGGKAFALLK
563,AFRNVDGSGLVSKRIG
564,ELIHVLHGLYGMQVST
565,LRYDTEYYLIPVGSSSKDVQ
566,GPDKDQIADEINNLKNKLEEKAN
567,NKNEVRGIVLRIDNKNYFPC
568,EGFKEKYMEFDRNGNGDIDIM
569,KRLEEINRDFL
570,FNVLEQDPSGATTKSAMLTN
571,SRSFLVNQMINEAKKQLLEFDTN
572,NEEDIDVILKKSTVLNLDIN
573,IDIDSYKQIYQNKYQFDKDS
574,GLVGTHNGQIGNDPNRDILLASNWYFNHLKDKILGCDWYFVPTDEGWTND
575,GEVRQVTFRDLPDKFNAYLANKW
576,GIPLYKKMEAIKLRDLKTYS
577,ITGRGAIREDNNITLKLDRC
578,LDDPRYSSDEDLPSKLEGF
579,LKLVMMFDGKANES
580,QLYINGVLMGSAEITGLGAIRED
581,NKNEVRGIVRRVDNKNYFPC
582,MGSAEITALGAIREDNNITL
583,IKIKQEDLTFIAEKNSFSEE
584,DDFTQESSQKTTIDKISDVSTIV
585,LEYIPEITLPVIAALSIAET
586,KGMDIEYNDMFNNFTVSFWLRVP
587,DRLSSANLYINGILMGSAEI
588,IDSFVRSGDFIKLYVSYNNN
589,SIALSNRFQGGKAF
590,GEVKQITFRDLPDKFNAYLANKW
591,MGSAEVTGLGAIREDNNITL
592,GFNSSVITFPDAQLVPGINGKAI
593,EKVIKTIDNFLEKRYEKWIE
594,SDLGGELCIKIK
595,YDKDSNGQYIVNEDKFQILY
596,QMAYCPEYVPTF
597,LKSEYKGQNMRVNTNAFKNV
598,KNLDCWVDNEEDVDVILKKSTIL
599,GALETTGVVVLLEYIPEITL
600,RTTPVTKGIPYAPEYKSNAG
601,FLKDFWGNPLRYDTEYYLIP
602,QIDDNTIYQYLYAQKSPTTL
603,EIELGRKFNIKT
604,SYNTKNKPLNFQYSLDKIPVTKG
605,NLDINNDIISDISGFNTSVI
606,TFSEEPFQDEIVSYNTKNKP
607,LKSDYKGQNMRVNTNAFRNV
608,GGKGFGLLKAQQEER
609,IANKLSQVTSCQDPNIDIDS
610,NYSLDRIIVDYNLQSKITLP
611,GEVRQITFRDLPDKFNAYLAQKW
612,NNNEHLVGYPKDGNAFNNLD
613,KMISEVTGAV
614,LANKWVFITVTNDRLSSANLYIN
615,DEENLPDKL
616,NKNDVRGIVLRVDNKNYFPC
617,DSQSKNILMQYIKANSKFIGITELKKLESKI
618,ELIHVVHGLYGMQVSS
619,IANKLSQVTSCNDPNIEIDS
620,PIPYSYSKNLDCWVDNEEDI
621,SSSKDVQLKNITDYMYLTNAPTY
622,SQSKDLQAGKAFGLLKAQ
623,IVSDISGFNSSVITYPD
624,SSSKDVQLKNITEYMYLTNAPSY
625,SVDDALINSTKIYSYFPSVISRVNQGAQGIL
626,IYYKAFKITDRIWIIPERYE
627,IEYNDMFNNFTVSYWLRVPKVSASHLEQYGT
628,FNLLEQDPTGATTKSAMLTN
629,PALLLMHELIHVLHGLYAMQ
630,SSTQKEKIIKTIDNFVEKRYEKW
631,LKIKNEDLTFIAEKNSFSEE
632,NITSLTIGKSKYFQDPGLLL
633,ASHLEQYGTNEFSIISSMKK
634,RLFCKALNPKEIEKLYT
635,AYIPEITLPVIAALSIAESSTQK
636,KSTILQLDINNDIISDISGFNSS
637,TKEVQTSLKAQQGLE
638,GARETTGVVLLLEYIPEITL
639,EQDPSGATTKSAMLTNLIIFGPGPLLNKNEV
640,RYEKWIEVYKLLKAKWLGTVNTQ
641,AKKQLVEFDTQSKNILMQYI
642,SYNTKNKPLNFNYSRDKIPVTKG
643,RIFCKGLNPKEIEKLYT
644,LRLVMMFEGKANES
645,NLDINNEIISDISGFNSSVI
646,FNAYLANKWVFITITNDRRS
647,NYSLDKIIVDYNLQSKISLP
648,SRSFRVNQMINEAKKQLLEFDTQ
649,DIIDDFTNESSQKTTIDRIS
650,EKIIKTIDNFVEKRYEKWIE
651,IEYNDMFNNFTVSFWLRVPKVSASHREQYGT
652,FLRDFWANPLRYDTEYYLIP
653,SITFLRDYWGNPLRYDT
654,DLTFIGEKNSFSEEPFQDEI
655,EEKANKAMININIFMRETSRSFL
656,VQRITMTNSVDDALINSTKI
657,SRSFLVNQMVNEAKKQLLEFDTQ
658,DRLSSANLYINGVVMGSAEI
659,KDSAGEVRQITFRDVPD
660,IDIDSYKNIYQQKYQFDKDS
661,EGFKEKYMEFDLNGNGDIDLM
662,QKSPTTRQRITMTNSVDDALINS
663,LIWTVKDSAGEVRQITF
664,DDFTNESSQKTTIDKISDISTIV
665,KQLVEFDTQSKNILMQYIKANSKFIGI
666,KEIDKLYTSYLSITFLRDPWGNP
667,GYIPEITLPVIGALSIAESSTQK
668,IEYNDMFNNFTVSFWLRVPKVTASHLEQYGT
669,ESTQKTTIDKISDVSTIVPY
670,ASHLEQYGTNEYSIVSSMKK
671,ELIHVRHGLYGMQVSS
672,IRIKNEDLTFIAEKNSFSEE
673,QNITLKLDRCNNNNQYVSID
674,KRSAIRRMIL
675,RESTRSFLVNQMINEAKKQL
676,KKIIDYEYKIFSGPDKEQIA
677,IVDFNLQSKITLPNDRTTPV
678,IKIKNEDLTFIAEKNSFSED
679,LRVGYNAPGIPRYKKMEAVKLRD
680,PITINNFRYSDPVNQDTIIM
681,DVSGFNSSVITYPDAQLVPG
682,RRLAEVNREF
683,LQRITMTNSVDDALINSTKV
684,AFCPEYVPTFDNVIENITTL
685,KAMDIEYNDMYNNFTVSFWLRVP
686,KKIIDYEYKIYSGPEKEQIA
687,ELLHVLHGLYGMQVSS
688,FNNVDRILRVGYNAPGIPLY
689,RIFCKALNPKEIEKRYT
690,KSTILNLDINNDIISDISGFNST
691,ANSKFIGITELKKLESKIQK
692,IVDYNLQSKITLPNDRTSPV
693,ESSQKTTIEKISDVSTIVPY
694,RDEINKQFLDDPKYS
695,GPDKEQIADEINNLKNRLEEKAN
696,FIAEKNSFSDEPFQDEIVSYNTK
697,LEYIPEITVPVIAALSIAES
698,SLTLGGELCIKLKNEDLTFIAEK
699,LDDINKQFLDDPKYS
700,FNAYLANKWVFITITNERLS
701,GIPLYKKMEAVKLKDLKTYS
702,SSTQKEKIIKTIDNFLERRYEKW
703,TELGGELCIKIK
704,NGLKFIIKRYTPNNELDSFVKSG
705,SMNHDPVKIPNLLDDSIYND
706,DTQSKNILMQYIKANSKFIGITEVKKLESKI
707,FDKDSNGQYIVNEEKFQILY
708,FQIVYNSIMYGFTEIELGKK
709,FNAYLANKWLFITITNDRLS
710,GFQSSVITYPDAQLVPGINGKAI
711,KRVEEINREFL
712,IEYNEMFNNFTVSFWLRVPKVSASHLEQYGT
713,LIWTLKDSGGEVRQITF
714,ELKKLVGEV
715,KAKWLGTVNTNFQKRSYQMY
716,SFSEEPFQDELVSYNTKNKP
717,KINKVFSTPIPFSYSKNLEC
718,IYYKAFKITDRIWIVPERYD
719,PALLLMHELVHVLHGLYGMQ
720,LRYDTDYYLIPVASSSKDVQ
721,KQVLEFDTQSKNILMQYIKANSKFIGI
722,EGFKEKFMEFDLNGNGDIDIM
723,RQIPNNFIADYF
724,IISDISGFNSSVITFPD
725,HIVGYPKDGNAFNNLDRIVRVGY
726,RYEKWIEVYKLVKGKWLGTVNTQ
727,DRCNNNNNYVSIDKFRI
728,ESSQKTSIDKISDVSTIVPY
729,GFNSSVITYPDAQLVPGINGRAI
730,LANKWVFITITNDKLSSANLYIN
731,NGLKFLIKRYTPNNEIDSFVKSG
732,ELGKKFNIKTRLTYFSMNHD
733,KNATLGLVGTHNGQIGNPPNRDI
734,AKKQLLEFDTQSKNILMNYI
735,NEEDLDVILKKSTILNLDIN
736,ELGKKFNIKTRLSYYSMNHD
737,DANLLSIDIKNDLYEKTL
738,GFNSSVITYPDAQLVPGLNGKAI
739,GAVETTGVVLLLEYIPEITL
740,AEELYTFGGQDA
741,RKLAEINREF
742,ERKKLIGEV
743,KKIIDFEYKIYSGPDKEQIA
744,SLTLAGELCIKIKNEDLTFIAEK
745,LEKRYEKWIELYKLVKAKWL
746,DEKANKAMININIFMRESSRSFL
747,LRYDTEYYLLPVASSSKDVQ
748,ELIHVLHGVYGMQVSS
749,KDSAGEVKQITFRDLPD
750,YEGKANESSPKPVGPPPERDIASLP
751,DTIIMMEPPYCKGLDIFYKA
752,SITYLRDFWGNPLRYDT
753,LEKRYEKWIEVYKLIKAKWL
754,PVTKGVPYAPEYKSNAASTTEIH
755,KRSAILKMV
756,DTQSKNILMQYIKANSKFIGITELKRLESKI
757,TDLGGELCIRIK
758,DLTFIAEKNSFSEEPYQDEI
759,PALNIVKQGYEGNFIGALDT
760,NAPSYTNGKLNIYYRRLYNGVKF
761,PKEIEKLYTSYLSVTFLRDF
762,QEIYMQHTYPISAEDLFTFG
763,SMNHDPVRIPNLLDDTIYND
764,NNYVSIDKFRIFCKALNPKEIEK
765,NNNEHIVGYPKDGNAFQNLD
766,AKKQLLEFETQSKNILMQYI
767,SSANLYINGVRMGSAEITGL
768,ERLDAINKHF
769,LQRITMTNSVDDALIQSTKI
770,GEVRQISFRDLPDKFNAYLANKW
771,LCKKIIPPTNIRENLYQRTA
772,AFCPDYVPTFDNVIENITSL
773,GGKAFGLLKGQQEER
774,LANKWVFITLTNDRLSSANLYIN
775,EEKANKAMININIFMRESSKSFL
776,NGKAIHLVNNESSEVIVHKAMDV
777,FDKDSNGNYIVNEDKFQILY
778,EYSIESSMKKHTLSIGSGWSVSL
779,FLRDFWGNPLRYDTEFYLIP
780,GNAFNNVDRILRVGYNA
781,GFNSSVITYPEAQLVPGINGKAI
782,PWGNPLRYDTEYYRIPVASSSKD
783,SLTDLGGERC
784,SFQMYRSLEYQVDAIKKIID
785,NITSRTIGKSKYFQDPALLL
786,ELKKLESKINKVFSTPLPFS
787,NEEDIDVILKKSSILNLDIN
788,STMKKHSLSIGSGWSVSLKG
789,EEKANKAMININIFMRESTRSFL
790,VPKTHLDM
791,NIDDNTIYQYRYAQKSPTTL
792,LEYIPEITLPIIAALSIAES
793,NGLKFIIKRYTPNQEIDSFVKSG
794,KRSAILRMIR
795,NRFQGGKAFGLRK
796,KKVIDYEYKIYSGPDKEQIA
797,RTTPVTKGIPYAPEYKSQAA
798,LKSEYKGQNMRVNTNAFRNL
799,LRVGYNAPGIPLYRKMEAVKLRD
800,ALNPKEIEKLYSSYLSI
801,IKLKNEDLTFIAEKNSFSEE
802,LQRITMTNSVDDALVNSTKI
803,SMNHDPVKIPNVLDDTIYND
804,LKTYSVQLKLYDDKNASLGR
805,PWGNPLRYDTEYYLIPVASSTKD
806,KRREEINREFL
807,EIELGKKFNLKT
808,NNITLKLDRCNNQNQYVSID
809,ILKKSTILQLDINNDII
810,ERLEGINKHF
811,DIIDDFTNDSSQKTTIDKIS
812,FIAEKNSYSEEPFQDEIVSYNTK
813,IISDISGFNSSVLTYPD
814,SSANLYINGVLMGSGEITGL
815,NQYVSIDKFRVFCKALNPKEIEK
816,KKIIDYEYKIYSAPDKEQIA
817,RIFCKALNPKELEKLYT
818,DTIIMMEPPFCKGLDIYYKA
819,LEYIPEITLPVIAALSIGES
820,IISDISGFNSSLITYPD
821,DPNIDVDSYKQI
822,TIYNETEGFNIESKDLKSEY
823,DTQSKNILMQYIKANSKFLGITELKKLESKI
824,SSANLYINGVVMGSAEITGL
825,IRNDLYEKTLNDYKAIANKL
826,TLTDLGGELC
827,ELKKRESKINKVFSTPIPFS
828,PITLNNFRYSDPVNNDTIIM
829,GIPVYKKMEAVKLRDLKTYS
830,REMWRAYSNMR
831,LKVGYNAPGIPLYKKMEAVKLRD
832,DNKNYYPCRDGF
833,NQYVSIDKFRIFCKAVNPKEIEK
834,SYQMYRSLEYNVDAIKKIID
835,PALVLMHELIHVLHGLYGMQ
836,LTGLGAIREDNNITLKLDRC
837,FQAYLANKWVFITITNDRLS
838,EPVNNDTIIMME
839,NGKAIHLVNNESSDVIVHKAMDI
840,DTQSKNILMQYIKANTKFIGITELKKLESKI
841,FNLLEQDPSGATTRSAMLTN
842,TDYMYLTNAPSYTNGKLNLY
843,SVDDALINSTKIYSYFPTVISKVNQGAQGIL
844,FIGEKNSFSEEPFQDEIVSYNTK
845,KRSAVLKMI
846,DDFTNESSQKTTIDKISDVTTIV
847,KNASLGLVGTHNGQVGNPPNRDI
848,FLRDFWGNPLRYDTEYYLVP
849,SLTLGGELCVKIKNEDLTFIAEK
850,NEEDIDVILKKSTILNLDIQ
851,LIWTLKDSAGEVRQISF
852,HIVGYPKDGNAFNNLDKILRVGY
853,ETTGVVLLLEYIPEITRPVI
854,HIVGYPKDGNAFNNRDRILRVGY
855,LLDKIINAIPYVGNSYSLLD
856,DDFTNETSQKTTIDKISDVSTIV
857,GFNSSVITYPDGQLVPGINGKAI
858,AIREDNNITLKVDRCNNNNQYVS
859,ASHLEQYGTNEYSILSSMKK
860,GIPLYKKMEAVRLRDLKTYS
861,KKSAILKMI
862,ASHLEQYGTNEYSIISTMKK
863,SVDDGLINSTKIYSYFPSVISKVNQGAQGIL
864,SLTLGGELCIKIKNEDLTFIGEK
865,KNLDCWVDNEEDIDVLLKKSTIL
866,PDKFNAYRANKWVFITI
867,GDIDIMSLKRMLEKLGIPK
868,GNAFNNRDRILRVGYNA
869,TDYMYLTNAPSYTNGKRNIY
870,NNNEHIVGYPKDGNAYNNLD
871,MTNSVDDALINSSKIYSYFP
872,SITFLRDFWGNPLRYDS
873,LEKRYEKWLEVYKLVKAKWL
874,NLDINNDILSDISGFNSSVI
875,DPNYLRTDSDRDRFLQTMVKLFNRIKN
876,SVDDALINSTKIYSYYPSVISKVNQGAQGIL
877,SFSEEPFQDDIVSYNTKNKP
878,PVTKGIPYAPEYKSNAASTTDIH
879,FVAEKNSFSEEPFQDEIVSYNTK
880,QGKAIHLVNNESSEVIVHKAMDI
881,DIIDDFTQESSQKTTIDKIS
882,PITIQNFRYSDPVNNDTIIM
883,NTIYQYLYAQKSPTSLQRIT
884,NDRTTPVTKGVP
885,TIYNDTEAFNIESKDLKSEY
886,RLDEINKNFL
887,SQSKDLQGGRAFGLLKAQ
888,KMILMYEEKAREREKPT
889,GYIPEITRPVIAALSIAESSTQK
890,FRPAGLPDKY
891,AKKQLLEFDTQSKNILMQFI
892,LDDPKYSSDEDLPSRLEGF
893,QEIYMQHTYPLSAEELFTFG
894,RYEKWIEVYKLVKAKWLGTINTQ
895,PSSLIDGASEYYDPNYLRTD
896,DKISEVSTIVPYIGPALNIV
897,VANKLSQVTSCNDPNIDIDS
898,FLRDFWGNPRRYDTEYYLIP
899,KQRLEFDTQSKNILMQYIKANSKFIGI
900,GTNEFSIISSMKKHSLSIGS
901,SVDDALINSTKVYSYFPSVISKVNQGAQGIL
902,PDRFNAYLANKWVFITI
903,ELIHVLHALYGMQVSS
904,IVDYNLQSKISLPNDRTTPV
905,ESSQKTTIDKISDISTIVPY
906,EYTIESSMKKHSLSIGSGWSVSL
907,KIFCKALNPKEIEKLYT
908,FLKSGDFIKLYVSYNNNEHIVGY
909,HVVGYPKDGNAFNNLDRILRVGY
910,IKIKNEDLSFIAEKNSFSEE
911,LRYDTEYYLIPVATSSKDVQ
912,HIVGYPKDGNAYNNLDRILRVGY
913,LKTYSVQLKLYDDKNGSLGL
914,ILFLQWVRDIIDDFTQESSQ
915,FNNLDRILRVGYNAPAIPLY
916,VCIKIKNEDLTFIAEKNSFS
917,KAMDIEYNDMFQNFTVSFWLRVP
918,NGEIDIMSL
919,LRIGYNAPGIPLYKKMEAVKLRD
920,LYGMQVSSHEIVPSKQEIYM
921,LIWTLKDSAAEVRQITF
922,LKRYDDKNASLGLVGTH
923,LIPVASSSKDVQLKQITDYM
924,DLTFIADKNSFSEEPFQDEI
925,GYIPEITLPVIAALSIAETSTQK
926,SSMKKHSVSIGSGWSVSLKG
927,EINKQFLDEPKYSSDEDLPS
928,LLDKIINALPYLGNSYSLLD
929,SIGSGWSVSLKGNNLIWTRK
930,DLTFIAEKNSFSEEPFQDEV
931,KNASLGLVGTHNGQIGNPPQRDI
932,NRYQGGKAFGLLK
933,QKSPTTVQRITMTNSVDDALINS
934,FNLLEQDPSGASTKSAMLTN
935,NDRTTPVTKGLP
936,PKEIEKLYTSYVSITFLRDF
937,KNASLGLVATHNGQIGNPPNRDI
938,LEKRYEKWVEVYKLVKAKWL
939,DPNYLRSDSDKDRFLQTMVKLFNRIKN
940,KSTILNLDINNDLISDISGFNSS
941,YTSRQLPQNF
942,KSNAASTIEIHNIDDNTIYN
943,DIIDDFTNESSQKSTIDKIS
944,EALLDKIINAVP
945,ELGKKFNLKTRLSYFSMNHD
946,SYNTKNKPLNFNFSLDKIPVTKG
947,AIREDNQITLKLDRCNNNNQYVS
948,LRYDTEYYLIPVASSSKDIQ
949,GIPRYKKMEAVKLRDLKTYS
950,GEIDIMSLKRMLEKLGVPK
951,MTNSVDDGLINSTKIYSYFP
952,NAPSYTNGKLNIYYRRVYNGLKF
953,SSMKKHSLSIGSGWTVSLKG
954,EINKQYLDDPKYSSDEDLPS
955,GYIPEITLPVLAALSIAESSTQK
956,VPNDRTTPVTKG
957,LVPERYEFGTKP
958,LVPGINGKGIHLVNNESSEV
959,LCKKIIPPTNIRENLFNRTA
960,FNNRDRILRVGYNAPGIPLY
961,FQIRYNSIMYGFTEIELGKK
962,GDIDIMSLKRMLERLGVPK
963,KSNAASTIEIHNIEDNTIYQ
964,GTNEYSLISSMKKHSLSIGS
965,KNLDCWVDNEDDIDVILKKSTIL
966,FEGKANESTPKPVGPPPERDIASLP
967,DISAFNSSVITYPDAQLVPG
968,FKPAGLPEKY
969,SITFLRDFWGNPLKYDT
970,PALLLMHELIHVLHGLYGMN
971,ANTKFIGITELKKLESKINK
972,KDSAGELRQITFRDLPD
973,KAMDIEYNDMFNNFSVSFWLRVP
974,DKLSDVSTIVPYIGPALNIV
975,NLDINNDIISDVSGFNSSVI
976,PSSRIEGASEYYDPNYLRTD
977,KMVLMYEEKAREKEKPT
978,EAVLDKIINAIP
979,AGEAVLDKIINA
980,GLVGTHNGQIGNDPNRDILIATNWYFNHLKDKILGCDWYFVPTDEGWTND
981,PITINQFRYSDPVNNDTIIM
982,DPVNNDTILMME
983,PIPFSYSKNLDCWVDNEEDL
984,ELKKLLGEV
985,FEAKANESSPKPVGPPPERDIASLP
986,EQDPSGGTTKSAMLTNLIIFGPGPVLNKNEV
987,EQDPSGATTKSAMLTNLLIFGPGPVLNKNEV
988,LVPGVNGKAIHLVNNESSEV
989,PALNILKQGYEGNFIGALET
990,PSSLIEGASEYYDPNFLRTD
991,SYQMYKSLEYQVDAIKKIID
992,SRSFLVNQMINEGKKQLLEFDTQ
993,TIYNDSEGFNIESKDLKSEY
994,ELKKVESKINKVFSTPIPFS
995,GTNDYSIISSMKKHSLSIGS
996,DKISDVSTIVPYIGPAVNIV
997,SSTQKEKIIKTIDQFLEKRYEKW
998,QEIYMQHTYPISAEELFSFG
999,FVKSGDFIKLYVSYNNNEHIIGY
1000,MGSAEISGLGAIREDNNITL
1001,KMLSEVTGGV
1002,LANKWLFITITNDRLSSANLYIN
1003,LFTFGGQDANLISIDIKNDR
1004,DLGKKFNIKTRLSYFSMNHD
1005,RRMMLGKRSAILK
1006,IYYKAFKITDRIWIVPDRYE
1007,ERKKLESKINKVFSTPIPFS
1008,QNNEHIVGYPKDGNAFNNLD
1009,KTTILNLDINNDIISDISGFNSS
1010,QRFQGGKAFGLLK
1011,FVKSGDFIKLYVSFNNNEHIVGY
1012,RLEEINKQFL
1013,PERYEFGTKPEDFQPPSSLI
1014,SSANLYINGVLMGSAEITGV
1015,DKISDVSTIVPYIGPALNLV
1016,EYSIESSMKKHSLSIASGWSVSL
1017,NNITLKLDRCNNNNQYISID
1018,DLTFIAEKNSFSEEPFQDDI
1019,SRSYLVNQMINEAKKQLLEFDTQ
1020,GALETTGVVLLLEYIPEITV
1021,EKLGVPKTHREL
1022,PKEIEKLYTSYLSITFRRDF
1023,KEIEKLYTSYLSITFVRDPWGNP
1024,SITFLRDFWANPLRYDT
1025,LEDPKYSSDEDLPSKLEGF
1026,RQLPQNFIADYF
1027,KQLREFDTQSKNILMQYIKANSKFIGI
1028,PDKFNAYLANKWVFISI
1029,NITSVTIGKSKYFQDPALLL
1030,DISGFNTSVITYPDAQLVPG
1031,KQKLEEKANKAMININ
1032,KNITDYMYLTNAPSYTNGKV
1033,GFNSSVITYPDAQLVPGIQGKAI
1034,NEEDIDVILKKSTIRNLDIN
1035,SVDDALINSTKIYSYFPSVISKVNQGAQAIL
1036,GPDKEQIADEINNLRNKLEEKAN
1037,FDKDSNGQYIVNEDKFNILY
1038,NLDINNDIISDISGFNSSII
1039,NLEINNDIISDISGFNSSVI
1040,NAPSYTNGKLNIYYRRLYNGLRF
1041,KNISDYMYLTNAPSYTNGKL
1042,TITNDKLSSANLYINGV
1043,ELKKLESRINKVFSTPIPFS
1044,DIIDDFTNESSQKTTVDKIS
1045,DTNSKNILMQYIKANSKFIGITELKKLESKI
1046,CNDPNIDVDSYK
1047,KNASLALVGTHNGQIGNPPNRDI
1048,NAPSYTNGKLNIYYRRLYQGLKF
1049,SSMKKHSLSIGSGWSVTLKG
1050,LDEINKQFLDDPRYS
1051,GLVGTHNGQIGNDPNRDILIASNWYFQHLKDKILGCDWYFVPTDEGWTND
1052,LPNDRTSPVTKG
1053,NYSLDKIIVDYNLQSKVTLP
1054,NTIYQYLYAQKSPSTLQRIT
1055,SIGSGWSVSLKANNLIWTLK
1056,EKIIKTIDNFLEKRYDKWIE
1057,RPVIAALSIAESSTQKEKII
1058,LPVIAALTIAESSTQKEKII
1059,DISGFNSSVLTYPDAQLVPG
1060,FDRDSNGQYIVNEDKFQILY
1061,IDYNDMFNNFTVSFWLRVPKVSASHLEQYGT
1062,PDKFNAYLANKWIFITI
1063,LRVGFNAPGIPLYKKMEAVKLRD
1064,PWGNPRRYDTEYYLIPVASSSKD
1065,IFYKAFKITDRIWIVPERYE
1066,FNAYRANKWVFITITNDRLS
1067,ESSQKTTIDKISDVSTIVPF
1068,LCIKIKNEDLTFIADKNSFS
1069,RYEKWIEVYRLVKAKWLGTVNTQ
1070,KKIIDYEYKIYSGPDKDQIA
1071,SSANLYLNGVLMGSAEITGL
1072,IKIKNEDRTFIAEKNSFSEE
1073,ESSQKTTIDKISDVSTVVPY
1074,ELGKRFNIKTRLSYFSMNHD
1075,KKIVDYEYKIYSGPDKEQIA
1076,PALNIVKQGYEGNFIGGLET
1077,LRMMVGKRSAILK
1078,MEAVKLRDLKTYSVQVK
1079,ELNKQFLDDPKYSSDEDLPS
1080,FLREFWGNPLRYDTEYYLIP
1081,AVNPKEIEKLYTSYLSI
1082,FNLREQDPSGATTKSAMLTN
1083,VYYKAFKITDRIWIVPERYE
1084,QEIYMQHTYPISAEELFTFA
1085,KAKWLGTINTQFQKRSYQMY
1086,NLYINGVRMGSAEITGLGAIRED
1087,TSMKKHSLSIGSGWSVSLKG
1088,LDEINKQYLDDPKYS
1089,PDKFNAFLANKWVFITI
1090,RYEKWLEVYKLVKAKWLGTVNTQ
1091,KNKLDEKANKAMININ
1092,LIPVASSSKDVQLRNITDYM
1093,PSSLIEGATEYYDPNYLRTD
1094,QKSPTTLQRITMTNSLDDALINS
1095,GNAFNNLDRILRVGFNA
1096,SRSFLVNQMINEAKKQLVEFDTQ
1097,NGKAIHLVNNESSEVIVHKGMDI
1098,EGFKEKYMEFELNGNGDIDIM
1099,NFFPCRDGFGSIMQMAFCPE
1100,NAPSYTNGKLNLYYRRLYNGLKF
1101,SVDDALINSTKIYSYFPSVISKLNQGAQGIL
1102,SITFLKDFWGNPLRYDT
1103,DINNDIISDISGFNSSVISY
1104,TKDVQSSLKAQQGLE
1105,KAKWVGTVNTQFQKRSYQMY
1106,SSGSGETFSYPDFLRMMLGRRSA
1107,RIFCKARNPKEIEKLYT
1108,GNAFNNLDKILRVGYNA
1109,DANRISIDIKNDLYEKTL
1110,TITNDRLSSANLYLNGV
1111,LLDRIINAIPYLGNSYSLLD
1112,KLIGEVSSGTGETF
1113,TIYNDTEGFNIESKDLKSEF
1114,SKPGVIFRTKRSRQVCADPSEEWVQ
1115,ANSKFIGVTELKKLESKINK
1116,LEKRYEKWIEVYKLVKAKWV
1117,LRVAYNAPGIPLYKKMEAVKLRD
1118,KLIGEVSSGSGETY
1119,PWGNPLRFDTEYYLIPVASSSKD
1120,GFNSSVITYPDAQRVPGINGKAI
1121,IKIKNEDLTFIAEKNTFSEE
1122,TDYMYLTNGPSYTNGKLNIY
1123,KNITDYMYLTNAPSYTNAKL
1124,LEYIPEITLPVVAALSIAES
1125,DNRNYFPCRDGF
1126,NTIYQYLYANKSPTTLQRIT
1127,RLADINREFL
1128,FDKDSNGQYIVNEDKFQVLY
1129,PALLLMHELIHVLHGRYGMQ
1130,PERYEFGTRPEDFNPPSSLI
1131,TITNDRVSSANLYINGV
1132,AGEALLEKIINA
1133,LDEINKQFVDDPKYS
1134,GLVGTHNGQIGNDPNRDILIASNWYFNHLKDKILGCDWYFVPTDDGWTND
1135,IANKVSQVTSCNDPNIDIDS
1136,QRYFGHGAENS
1137,LKLYDDKNASLALVGTH
1138,IYYKAFKISDRIWIVPERYE
1139,IDSFVKSGDFIKLYVSYNQN
1140,GTNEYSIITSMKKHSLSIGS
1141,SSANVYINGVLMGSAEITGL
1142,KTNAASTIEIHNIDDNTIYQ
1143,KAMDVEYNDMFNNFTVSFWLRVP
1144,GTNEYSIISSMKKHSLSIAS
1145,AKKQLLEFDTQSKNIVMQYI
1146,SFSDEPFQDEIVSYNTKNKP
1147,DPNIDIDSYKQV
1148,EKIIKTIENFLEKRYEKWIE
1149,IITDISGFNSSVITYPD
1150,LCKKIIPPTQIRENLYNRTA
1151,SKPGVIFVTKRSRQVCADPSEEWVQ
1152,RLGEINREFL
1153,GLVGTHNGQIGNDPNRDILIASNWYFNHLKDKLLGCDWYFVPTDEGWTND
1154,SSSKDVQLKNITDYMFLTNAPSY
1155,LDEPKYSSDEDLPSKLEGF
1156,LAQKWVFITITNDRLSSANLYIN
1157,LYGMQVSSHEILPSKQEIYM
1158,LLFLQWVRDIIDDFTNESSQ
1159,RTTPVTKGIPYGPEYKSNAA
1160,IISDVSGFNSSVITYPD
1161,RLDKIINAIPYLGNSYSLLD
1162,DPNYLRTDSDKDRFRQTMVKLFNRIKN
1163,RIFCKALNPKEIEKLFT
1164,KLAEINREFL
1165,RTTPITKGIPYAPEYKSNAA
1166,NLYINAVLMGSAEITGLGAIRED
1167,ELAKKFNIKTRLSYFSMNHD
1168,AGDALLDKIINA
1169,NAPSYTNGKLNIYFRRLYNGLKF
1170,GLVGTHNGQIGNDPNRDILIASQWYFNHLKDKILGCDWYFVPTDEGWTND
1171,EYSLESSMKKHSLSIGSGWSVSL
1172,YTSRQIPQNY
1173,LFTFGGQDANLVSIDIKNDL
1174,DPNYLRTDSDKDRFLQTMVKLFNKIKN
1175,KQLLEYDTQSKNILMQYIKANSKFIGI
1176,SRSFLINQMINEAKKQLLEFDTQ
1177,KEIEKLYTSYLSVTFLRDPWGNP
1178,FEGKGNESSPKPVGPPPERDIASLP
1179,ELGKKFNIKTRLSYFTMNHD
1180,DTQSKNILMQYIKANSKYIGITELKKLESKI
1181,SIGSGWSVSLKGQNLIWTLK
1182,IKNDLYEKTLNDYRAIANKL
1183,EQDPSGATTKSAMLTNLIIFGPGPVVNKNEV
1184,SYNTKNKPLNFNYSLDKIPITKG
1185,NGLKFIIKRYTPNNEIDSFLKSG
1186,EIEVGKKFNIKT
1187,RNLDCWVDNEEDIDVILKKSTIL
1188,AFCPEYLPTFDNVIENITSL
1189,QNDTIIMMEPPY
1190,DINQDIISDISGFNSSVITY
1191,LPVIAALSIAESSTQKEKIL
1192,LRVGYNAPGVPLYKKMEAVKLRD
1193,SQSRDLQGGKAFGLLKAQ
1194,IKIKNEDLTFIAEKNSYSEE
1195,KNLDCWLDNEEDIDVILKKSTIL
1196,RQIPQNFVADYF
1197,SFSEEPYQDEIVSYNTKNKP
1198,AGEALVDKIINA
1199,SLTLGGELCIKIKNDDLTFIAEK
1200,SSGSGETFSYPDFLRMMLAKRSA
1201,GALETTGVVLLVEYIPEITL
1202,GIPLYKKMEGVKLRDLKTYS
1203,KSSILNLDINNDIISDISGFNSS
1204,IMQMGFCPEYVP
1205,SSSKDVQLKNITDYMYRTNAPSY
1206,NGKGIHLVNNESSEVIVHKAMDI
1207,SSANLYINGVLMGSADITGL
1208,YRPAGLPEKY
1209,DDFTNDSSQKTTIDKISDVSTIV
1210,NPPSSLIEGASD
1211,QYFPCRDGFGSIMQMAFCPE
1212,DFNPPSSLIEAA
1213,FRPGGLPEKY
1214,HIVAYPKDGNAFNNLDRILRVGY
1215,FQILYNSIMYGFTEIDLGKK
1216,LYYKAFKITDRIWIVPERYE
1217,GALETTGVVLVLEYIPEITL
1218,KAMDIEFNDMFNNFTVSFWLRVP
1219,SRTLGGELCIKIKNEDLTFIAEK
1220,IVDYNLQSKITVPNDRTTPV
1221,ANSRFIGITELKKLESKINK
1222,RQIPQNFLADYF
1223,FIAEKNSFSEEPYQDEIVSYNTK
1224,RLAELNREFL
1225,AIRDDNNITLKLDRCNNNNQYVS
1226,NNITRKLDRCNNNNQYVSID
1227,KRSAILRMIV
1228,ILKKSTIRNLDINNDII
1229,KNKLEDKANKAMININ
1230,TYQMYRSLEYQVDAIKKIID
1231,KNLECWVDNEEDIDVILKKSTIL
1232,GFIPEITLPVIAALSIAESSTQK
1233,ESSQKTTIDKITDVSTIVPY
1234,IDSFVKTGDFIKLYVSYNNN
1235,ITGLGAIREDNNITLKRDRC
1236,GGKAFGLLKANQEER
1237,SSMKKHSLTIGSGWSVSLKG
1238,MTNSVDDALINSTKIYSFFP
1239,SVTLGGELCIKIKNEDLTFIAEK
1240,SIGSGWSVSLKGNNLLWTLK
1241,PALLLMHELLHVLHGLYGMQ
1242,DTIIMMEPPYCKGLDIYYRA
1243,SKPGVIFLTKRSRQVCADPSEDWVQ
1244,LEEINKQFLDDPKYS
1245,TIYNDTEGFNVESKDLKSEY
1246,RMMERLGVPK
1247,DDFTNESSQRTTIDKISDVSTIV
1248,DRLSSANLYINGVLMGSGEI
1249,NSIYQYLYAQKSPTTLQRIT
1250,SQSKDLQGGKAFGVLKAQ
1251,IISEISGFNSSVITYPD
1252,SVALSNKFQGGKAF
1253,KRSAIVRMIL
1254,SRSFLVNQMINEARKQLLEFDTQ
1255,LKSEYKGQNMRINTNAFRNV
1256,SLTLGGELCIKIKNEELTFIAEK
1257,RESSRSFLVNQMINEAKKQV
1258,SSSKDVQLKNITDYMYVTNAPSY
1259,TITNDRLSSANLYINGL
1260,ELKKLESKINKVFSTPVPFS
1261,FNNLDRILRVGYNAPGLPLY
1262,PWGQPLRYDTEYYLIPVASSSKD
1263,LLDKIINAIPYLGNSYSRLD
1264,TKEVNSSLKAQQGLE
1265,SVDDALLNSTKIYSYFPSVISKVNQGAQGIL
1266,IEYQDMFNNFTVSFWLRVPKVSASHLEQYGT
1267,TKEVQSTLKAQQGLE
1268,AGEALLDKLINA
1269,QAPSYTNGKLNIYYRRLYNGLKF
1270,LRLYDDKNASLGLVGTH
1271,TDLGGERCIKIK
1272,KNLDCWVDNEEDIEVILKKSTIL
1273,VCKKIIPPTNIRENLYNRTA
1274,AFCPEYVPTFDNVIENVTSL
1275,NDRTTPLTKGIP
1276,YIAEKNSFSEEPFQDEIVSYNTK
1277,RKSEYKGQNMRVNTNAFRNV
1278,FVKSGDFIKLYVSYNQNEHIVGY
1279,GDVRQITFRDLPDKFNAYLANKW
1280,HIVGYPKDGNAFNQLDRILRVGY
1281,EKLDGINKHF
1282,FQILYQSIMYGFTEIELGKK
1283,SIGSGWSVSLKGNNLVWTLK
1284,ERLSSANLYINGVLMGSAEI
1285,EKAREKERPTGPPA
1286,NYSLDKIIVDYNLQSKLTLP
1287,MDAVKLRDLKTYSVQLK
1288,AEELFTFGGQDG
1289,KNKLEEKANKAMINLN
1290,APDKEQIADEINNLKNKLEEKAN
1291,RDDPKYSSDEDLPSKLEGF
1292,SMNHDPVKIPNRLDDTIYND
1293,SKPGVIFLTKKSRQVCADPSEEWVQ
1294,IISDISGFNSSVVTYPD
1295,EKIIKTIDNFLEKRYEKWVE
1296,PWGNPLRYDTEYYLIPVASTSKD
1297,LRVGYNAPGIPLYKKMEAVKVRD
1298,ITGLGAIREDNNITVKLDRC
1299,ELKKLESKINRVFSTPIPFS
1300,MEAIKLRDLKTYSVQLK
1301,LIWTLKDTAGEVRQITF
1302,PALLLMHELIHLLHGLYGMQ
1303,FEGKANESSPKPVAPPPERDIASLP
1304,DTQSKNILMQYIKANSKFIGITELKKLETKI
1305,KSNGASTIEIHNIDDNTIYQ
1306,IKNDLFEKTLNDYKAIANKL
1307,EALLEKIINAIP
1308,ELIHLLHGLYGMQVSS
1309,NEEDIDVILKKSTILNVDIN
1310,NQNEHIVGYPKDGNAFNNLD
1311,DIIDDFTNESSQKTTIDKIT
1312,SMNHDPVKIPNLLDETIYND
1313,ISAEEVFTFGGQ
1314,LEKKYEKWIEVYKLVKAKWL
1315,GDIDIMSLKKMLEKLGVPK
1316,FLRDFWGNPVRYDTEYYLIP
1317,SVDDALINSTKIYSYFPSVISKVNQAAQGIL
1318,LDKRYEKWIEVYKLVKAKWL
1319,NNITLKLERCNNNNQYVSID
1320,NYSLDKIIVDYNVQSKITLP
1321,NKNEVRGIVLKVDNKNYFPC
1322,SRSFLVQQMINEAKKQLLEFDTQ
1323,GIPLYKKMEAVKLRDLRTYS
1324,ITGLGAIREDNQITLKLDRC
1325,PITINNFRYSDPVNNDTVIM
1326,SSTKDVQLKNITDYMYLTNAPSY
1327,LEYIPEVTLPVIAALSIAES
1328,NQYVSIDKFRIFCKARNPKEIEK
1329,NYSLDKIIVDYNLQSKITVP
1330,LPNDRTTPITKG
1331,ILFLQWVRDLIDDFTNESSQ
1332,SSTQKDKIIKTIDNFLEKRYEKW
1333,DPNYLRTDSDKDRFLQTMVKVFNRIKN
1334,GLVGSHNGQIGNDPNRDILIASNWYFNHLKDKILGCDWYFVPTDEGWTND
1335,KQLLEFDTQSKNILMQYLKANSKFIGI
1336,FTEIELGKKFQI
1337,SKPGVIFLTKRSRQVCGDPSEEWVQ
1338,GLVGTHNGQIGNDPNRDILIASNWYFNHLKDKILGCDWFFVPTDEGWTND
1339,RDSAGEVRQITFRDLPD
1340,EQDPSGATTKSAMLTNRIIFGPGPVLNKNEV
1341,EKIIKTIDNYLEKRYEKWIE
1342,PIPFSYSKNLDCWVDNEEDV
1343,HIVGYPKDGNAFNNLDRILRVGF
1344,EQDPSGATTKSAMLTNLIIFGPGPVLQKNEV
1345,SQSKDLQGGKAFGLLRAQ
1346,SSEVVVHKAMDIEYNDM
1347,ANSKFIGITELKRLESKINK
1348,PALLLMHELIHVLHGVYGMQ
1349,LRYDTEFYLIPVASSSKDVQ
1350,NLDINNDIISDITGFNSSVI
1351,SSTQKEKIIKTIENFLEKRYEKW
1352,ELGKKYNIKTRLSYFSMNHD
1353,ETTGVVVLLEYIPEITLPVI
1354,DTQSKNILMQYIKANSRFIGITELKKLESKI
1355,KMILMYEERAREKEKPT
1356,LIPVASSSKDVQLKNLTDYM
1357,KAKWLGTLNTQFQKRSYQMY
1358,NIDDNTIYQYLYAQKSPTTV
1359,TDYMYLTNAPSYTQGKLNIY
1360,LVDKIINAIPYLGNSYSLLD
1361,SLTLGGELCIKIKNEDVTFIAEK
1362,NQFVSIDKFRIFCKALNPKEIEK
1363,NITSLTIGKSKYFQDPALLR
1364,RKTYSVQLKLYDDKNASLGL
1365,TDYMYLSNAPSYTNGKLNIY
1366,DLTFIAEKNSFSEEPFQEEI
1367,LQRVTMTNSVDDALINSTKI
1368,AIREDNNITLKLDKCNNNNQYVS
1369,KAMDIEYNDMFNNFTLSFWLRVP
1370,DTQSKNILMQYIKANSKFIGITERKKLESKI
1371,AEELFTFGGQEA
1372,GLVGTHNGQIGNDPQRDILIASNWYFNHLKDKILGCDWYFVPTDEGWTND
1373,TAFKEKYMDF
1374,KKLEEINREFL
1375,TDYMYLTNAPSYTNAKLNIY
1376,DKISDVSTIIPYIGPALNIV
1377,LKTYSIQLKLYDDKNASLGL
1378,KQLLEFDTQSKQILMQYIKANSKFIGI
1379,DIIDDFTNESSQKTTIDKLS
1380,NIDDNTIYQYVYAQKSPTTL
1381,EYSIDSSMKKHSLSIGSGWSVSL
1382,LYGMQVTSHEIIPSKQEIYM
1383,KAMDIEYNDMFNNFTVTFWLRVP
1384,IDVDSYKQIYQQKYQFDKDS
1385,NLDDNTIYQYLYAQKSPTTL
1386,DPVNNDSIIMME
1387,EEKANKAMVNINIFMRESSRSFL
1388,EALRDKIINAIP
1389,IANKLSQVTSCNDPNLDIDS
1390,TKEVQSSLKAQNGLE
1391,EEKANKAMININIFMRESSRSYL
1392,TYNTKNKPLNFNYSLDKIPVTKG
1393,DEDNLPEKL
1394,ETTGVVLLLEYIPEITLPLI
1395,ITGLGAIKEDNNITLKLDRC
1396,SLTLGGELCIKIKQEDLTFIAEK
1397,KRSGILRMIL
1398,FQILYNTIMYGFTEIELGKK
1399,IYYKAFKITDKIWIVPERYE
1400,KRSAILRMIL
1401,KRSAILKMI
1402,LKLVMMFEGKANES
1403,NRFQGGKAFGLLK
1404,KRLEEINREFL
1405,SVALSNRFQGGKAF
1406,RLAEINREFL
1407,LRMMLGKRSAILK
1408,ERLDGINKHF
1409,KLIGEVSSGSGETF
1410,NGDIDIMSL
1411,SQSKDLQGGKAFGLLKAQ
1412,EKLGVPKTHLEL
1413,ELKKLIGEV
1414,QRFFGHGAENS
1415,RDMWRAYSNMR
1416,FRPAGLPEKY
1417,TKEVQSSLKAQQGLE
1418,RQIPQNFIADYF
1419,YTSRQIPQNF
1420,SKPGVIFLTKRSRQVCADPSEEWVQ
1421,RRLAEINREF
1422,FEGKANESSPKPVGPPPERDIASLP
1423,KMISEVTGGV
1424,REFLCDQKY
1425,TAFKEKYMEF
1426,VPKTHLEM
1427,DEENLPEKL
1428,RMMEKLGVPK
1429,GGKAFGLLKAQQEER
1430,LDDPKYSSDEDLPSKLEGF
1431,EINKQFLDDPKYSSDEDLPS
1432,GDIDIMSLKRMLEKLGVPK
1433,KMILMYEEKAREKEKPT
1434,SSGSGETFSYPDFLRMMLGKRSA
1435,RLDEINKQFL
1436,EGFKEKYMEFDLNGNGDIDIM
1437,EKAREKEKPTGPPA
1438,LDEINKQFLDDPKYS
1439,AEELFTFGGQDA
1440,AFCPEYVPTFDNVIENITSL
1441,AFRNVDGSGLVSKLIG
1442,AGEALLDKIINA
1443,AIREDNNITLKLDRCNNNNQYVS
1444,AKKQLLEFDTQSKNILMQYI
1445,ALNPKEIEKLYTSYLSI
1446,ANSKFIGITELKKLESKINK
1447,ASHLEQYGTNEYSIISSMKK
1448,CNDPNIDIDSYK
1449,DANLISIDIKNDLYEKTL
1450,DDFTNESSQKTTIDKISDVSTIV
1451,DFNPPSSLIEGA
1452,DIIDDFTNESSQKTTIDKIS
1453,DINNDIISDISGFNSSVITY
1454,DISGFNSSVITYPDAQLVPG
1455,DKISDVSTIVPYIGPALNIV
1456,DLTFIAEKNSFSEEPFQDEI
1457,DNKNYFPCRDGF
1458,DPNIDIDSYKQI
1459,DPNYLRTDSDKDRFLQTMVKLFNRIKN
1460,DPVNNDTIIMME
1461,DRCNNNNQYVSIDKFRI
1462,DRLSSANLYINGVLMGSAEI
1463,DTIIMMEPPYCKGLDIYYKA
1464,DTQSKNILMQYIKANSKFIGITELKKLESKI
1465,EALLDKIINAIP
1466,EEKANKAMININIFMRESSRSFL
1467,EIELGKKFNIKT
1468,EKIIKTIDNFLEKRYEKWIE
1469,ELGKKFNIKTRLSYFSMNHD
1470,ELIHVLHGLYGMQVSS
1471,ELKKLESKINKVFSTPIPFS
1472,EQDPSGATTKSAMLTNLIIFGPGPVLNKNEV
1473,ESSQKTTIDKISDVSTIVPY
1474,ETTGVVLLLEYIPEITLPVI
1475,EYSIESSMKKHSLSIGSGWSVSL
1476,FDKDSNGQYIVNEDKFQILY
1477,FIAEKNSFSEEPFQDEIVSYNTK
1478,FLRDFWGNPLRYDTEYYLIP
1479,FNAYLANKWVFITITNDRLS
1480,FNLLEQDPSGATTKSAMLTN
1481,FNNLDRILRVGYNAPGIPLY
1482,FQILYNSIMYGFTEIELGKK
1483,FTEIELGKKFNI
1484,FVKSGDFIKLYVSYNNNEHIVGY
1485,GALETTGVVLLLEYIPEITL
1486,GEVRQITFRDLPDKFNAYLANKW
1487,GFNSSVITYPDAQLVPGINGKAI
1488,GIPLYKKMEAVKLRDLKTYS
1489,GLVGTHNGQIGNDPNRDILIASNWYFNHLKDKILGCDWYFVPTDEGWTND
1490,GNAFNNLDRILRVGYNA
1491,GPDKEQIADEINNLKNKLEEKAN
1492,GTNEYSIISSMKKHSLSIGS
1493,GYIPEITLPVIAALSIAESSTQK
1494,HIVGYPKDGNAFNNLDRILRVGY
1495,IANKLSQVTSCNDPNIDIDS
1496,IDIDSYKQIYQQKYQFDKDS
1497,IDSFVKSGDFIKLYVSYNNN
1498,IEYNDMFNNFTVSFWLRVPKVSASHLEQYGT
1499,IISDISGFNSSVITYPD
1500,IKIKNEDLTFIAEKNSFSEE
1501,IKNDLYEKTLNDYKAIANKL
1502,ILFLQWVRDIIDDFTNESSQ
1503,ILKKSTILNLDINNDII
1504,IMQMAFCPEYVP
1505,ISAEELFTFGGQ
1506,ITGLGAIREDNNITLKLDRC
1507,IVDYNLQSKITLPNDRTTPV
1508,IVPERYEFGTKP
1509,IWIVPERYEFGT
1510,IYYKAFKITDRIWIVPERYE
1511,KAKWLGTVNTQFQKRSYQMY
1512,KAMDIEYNDMFNNFTVSFWLRVP
1513,KDSAGEVRQITFRDLPD
1514,KEIEKLYTSYLSITFLRDPWGNP
1515,KINKVFSTPIPFSYSKNLDC
1516,KKIIDYEYKIYSGPDKEQIA
1517,KNASLGLVGTHNGQIGNPPNRDI
1518,KNITDYMYLTNAPSYTNGKL
1519,KNKLEEKANKAMININ
1520,KNLDCWVDNEEDIDVILKKSTIL
1521,KQLLEFDTQSKNILMQYIKANSKFIGI
1522,KSNAASTIEIHNIDDNTIYQ
1523,KSTILNLDINNDIISDISGFNSS
1524,LANKWVFITITNDRLSSANLYIN
1525,LCIKIKNEDLTFIAEKNSFS
1526,LCKKIIPPTNIRENLYNRTA
1527,LEKRYEKWIEVYKLVKAKWL
1528,LEYIPEITLPVIAALSIAES
1529,LFTFGGQDANLISIDIKNDL
1530,LIPVASSSKDVQLKNITDYM
1531,LIWTLKDSAGEVRQITF
1532,LKLYDDKNASLGLVGTH
1533,LKSEYKGQNMRVNTNAFRNV
1534,LKTYSVQLKLYDDKNASLGL
1535,LLDKIINAIPYLGNSYSLLD
1536,LPNDRTTPVTKG
1537,LPVIAALSIAESSTQKEKII
1538,LQRITMTNSVDDALINSTKI
1539,LRVGYNAPGIPLYKKMEAVKLRD
1540,LRYDTEYYLIPVASSSKDVQ
1541,LVPGINGKAIHLVNNESSEV
1542,LYGMQVSSHEIIPSKQEIYM
1543,MEAVKLRDLKTYSVQLK
1544,MGSAEITGLGAIREDNNITL
1545,MTNSVDDALINSTKIYSYFP
1546,NAPSYTNGKLNIYYRRLYNGLKF
1547,NDRTTPVTKGIP
1548,NEEDIDVILKKSTILNLDIN
1549,NGKAIHLVNNESSEVIVHKAMDI
1550,NGLKFIIKRYTPNNEIDSFVKSG
1551,NIDDNTIYQYLYAQKSPTTL
1552,NITSLTIGKSKYFQDPALLL
1553,NKNEVRGIVLRVDNKNYFPC
1554,NLDINNDIISDISGFNSSVI
1555,NLYINGVLMGSAEITGLGAIRED
1556,NNDTIIMMEPPY
1557,NNITLKLDRCNNNNQYVSID
1558,NNNEHIVGYPKDGNAFNNLD
1559,NPPSSLIEGASE
1560,NQYVSIDKFRIFCKALNPKEIEK
1561,NTIYQYLYAQKSPTTLQRIT
1562,NYFPCRDGFGSIMQMAFCPE
1563,NYSLDKIIVDYNLQSKITLP
1564,PALLLMHELIHVLHGLYGMQ
1565,PALNIVKQGYEGNFIGALET
1566,PDKFNAYLANKWVFITI
1567,PERYEFGTKPEDFNPPSSLI
1568,PIPFSYSKNLDCWVDNEEDI
1569,PITINNFRYSDPVNNDTIIM
1570,PKEIEKLYTSYLSITFLRDF
1571,PSSLIEGASEYYDPNYLRTD
1572,PVTKGIPYAPEYKSNAASTTEIH
1573,PWGNPLRYDTEYYLIPVASSSKD
1574,QEIYMQHTYPISAEELFTFG
1575,QKSPTTLQRITMTNSVDDALINS
1576,QMAFCPEYVPTF
1577,RESSRSFLVNQMINEAKKQL
1578,RIFCKALNPKEIEKLYT
1579,RTTPVTKGIPYAPEYKSNAA
1580,RYEKWIEVYKLVKAKWLGTVNTQ
1581,SFSEEPFQDEIVSYNTKNKP
1582,SIGSGWSVSLKGNNLIWTLK
1583,SITFLRDFWGNPLRYDT
1584,SLTDLGGELC
1585,SLTLGGELCIKIKNEDLTFIAEK
1586,SMNHDPVKIPNLLDDTIYND
1587,SRSFLVNQMINEAKKQLLEFDTQ
1588,SSANLYINGVLMGSAEITGL
1589,SSEVIVHKAMDIEYNDM
1590,SSMKKHSLSIGSGWSVSLKG
1591,SSSKDVQLKNITDYMYLTNAPSY
1592,SSTQKEKIIKTIDNFLEKRYEKW
1593,SVDDALINSTKIYSYFPSVISKVNQGAQGIL
1594,SYNTKNKPLNFNYSLDKIPVTKG
1595,SYQMYRSLEYQVDAIKKIID
1596,TDLGGELCIKIK
1597,TDYMYLTNAPSYTNGKLNIY
1598,TITNDRLSSANLYINGV
1599,TIYNDTEGFNIESKDLKSEY
