,0
0,EALLDKIIQAIP
1,LGNKWVFITITNDRLSSANLYIN
2,PDRYEFGTKPEDFNPPSSLI
3,ELIHVLHALYGMQVSS
4,SSMKKHSLSIGTGWSVSLKG
5,LANKWVFITITNDRLSSAQLYIN
6,NDRTTPLTKGIP
7,NNNEHVVGYPKDGNAFNNLD
8,ELIHVLHGLYGMQLSS
9,VPVIAALSIAESSTQKEKII
10,NNITLKLDRCNQNNQYVSID
11,TDYMYLTQAPSYTNGKLNIY
12,ILFLQWVRDIVDDFTNESSQ
13,FVKSGEFIKLYVSYNNNEHIVGY
14,ELKKLIAEV
15,IKIKQEDLTFIAEKNSFSEE
16,NITSLTIGKSKYYQDPALLL
17,HIVAYPKDGNAFNNLDRILRVGY
18,IANKVSQVTSCNDPNIDIDS
19,ESSQKTTIDKLSDVSTIVPY
20,DPVNNDTILMME
21,KEIEKLYTTYLSITFLRDPWGNP
22,SSGSGETFSYPDFLRMMLGKRSG
23,TLTDLGGELC
24,GFNSSVITYPDAQLLPGINGKAI
25,KKIIDYEYKIYSGPDKEQLA
26,NKNEVRGIVLRVDNRNYFPC
27,QQYVSIDKFRIFCKALNPKEIEK
28,DANLISLDIKNDLYEKTL
29,GPDKEQIADEVNNLKNKLEEKAN
30,IDIDTYKQIYQQKYQFDKDS
31,EALVDKIINAIP
32,PALRLMHELIHVLHGLYGMQ
33,AFRNVEGSGLVSKLIG
34,GDIDIMSLKRMLERLGVPK
35,FQILFNSIMYGFTEIELGKK
36,TKPGVIFLTKRSRQVCADPSEEWVQ
37,LANKWVFITITNDRVSSANLYIN
38,KAKWLGTVNTQFQKRSFQMY
39,KRLEEVNREFL
40,PREIEKLYTSYLSITFLRDF
41,SLTLGGELCIKIKNEDLTYIAEK
42,PDKFNAYLANKWLFITI
43,SKPGVIFLTKRSRQICADPSEEWVQ
44,EKIIKTIDNFLDKRYEKWIE
45,EIELGRKFNIKT
46,QKSPTTLQRLTMTNSVDDALINS
47,EGFKEKYMEFDLNGNGDLDIM
48,NLYINGVLMGSADITGLGAIRED
49,SVDDALINSTKIYSYFPSLISKVNQGAQGIL
50,RSTILNLDINNDIISDISGFNSS
51,LMQMAFCPEYVP
52,IWIVPEKYEFGT
53,RMMEKLAVPK
54,LEKRYEKWIEVYKRVKAKWL
55,KNLDCWVDQEEDIDVILKKSTIL
56,DPVNNDTLIMME
57,KNASLGLVGTHNGQVGNPPNRDI
58,GTNEYSIISSMRKHSLSIGS
59,KNASLGLVGTHQGQIGNPPNRDI
60,NYFPCRDGFASIMQMAFCPE
61,GALETTGVVLLLEFIPEITL
62,DRLSSANLYVNGVLMGSAEI
63,IDIDSYKQIFQQKYQFDKDS
64,NQNEHIVGYPKDGNAFNNLD
65,KAMDIEYNDMFNNYTVSFWLRVP
66,KLIGEVTSGSGETF
67,KSTILNLEINNDIISDISGFNSS
68,NYSLDKIIIDYNLQSKITLP
69,RESSRSFLINQMINEAKKQL
70,LRMMLGKRSAVLK
71,NKSPTTLQRITMTNSVDDALINS
72,FQILYNSIMYGFTDIELGKK
73,SMNHDPVKIPNLLDDTIFND
74,DPNIDIDTYKQI
75,LDDINKQFLDDPKYS
76,HIVGYPKDGNAFNNVDRILRVGY
77,DTIIMMEPPYCKGLEIYYKA
78,NYFPCRDGFGSLMQMAFCPE
79,RLDEVNKQFL
80,GPDKEQIADEINNLKNKLEERAN
81,ETTGVVVLLEYIPEITLPVI
82,GGEALLDKIINA
83,RRLAELNREF
84,FNNLDRILRVGYNAPGLPLY
85,NITSLTIGKSKYFQDPARLL
86,NRNEVRGIVLRVDNKNYFPC
87,RDMWKAYSNMR
88,RIFCKALNPKEIEKVYT
89,SVDDALIQSTKIYSYFPSVISKVNQGAQGIL
90,DITGFNSSVITYPDAQLVPG
91,FTEIEVGKKFNI
92,DPNYLRTDSDKDRFLQTMVKLYNRIKN
93,KNLDCWVDNEEDIDVLLKKSTIL
94,LEYIPEITLPVIAALSIGES
95,SRSFLVNQMINEAKKQVLEFDTQ
96,RETSRSFLVNQMINEAKKQL
97,IMQMAYCPEYVP
98,GNAFNNVDRILRVGYNA
99,FQILYQSIMYGFTEIELGKK
100,PDKFNAYLAQKWVFITI
101,NLYINGILMGSAEITGLGAIRED
102,DLSGFNSSVITYPDAQLVPG
103,EERANKAMININIFMRESSRSFL
104,NLYLNGVLMGSAEITGLGAIRED
105,IKNDLYEKTLNDYKAIAQKL
106,KLLGEVSSGSGETF
107,LDIDSYKQIYQQKYQFDKDS
108,NQYVSIDKFKIFCKALNPKEIEK
109,DLTFIAEKNSYSEEPFQDEI
110,NYSLDKIILDYNLQSKITLP
111,NYSLDKIIVDYNLQSKITRP
112,KSSILNLDINNDIISDISGFNSS
113,KSNAASTLEIHNIDDNTIYQ
114,KDSAGEVRQITFRDVPD
115,SKPGVIFLTKRSRQVCADPTEEWVQ
116,IYYKAYKITDRIWIVPERYE
117,LLPVASSSKDVQLKNITDYM
118,KNASVGLVGTHNGQIGNPPNRDI
119,RLAEINREYL
120,SRTDLGGELC
121,LRVGYNAPGIPLYKKMEAVKLRE
122,LCKKIIPPTQIRENLYNRTA
123,NNITVKLDRCNNNNQYVSID
124,SMNHEPVKIPNLLDDTIYND
125,DTIIMMEPPFCKGLDIYYKA
126,GEVRQITFKDLPDKFNAYLANKW
127,GGKAFGVLKAQQEER
128,NAKAIHLVNNESSEVIVHKAMDI
129,GALETTGLVLLLEYIPEITL
130,HIVGYPKDGNAFNNLDRILRIGY
131,VVDYNLQSKITLPNDRTTPV
132,EKISDVSTIVPYIGPALNIV
133,RSTPVTKGIPYAPEYKSNAA
134,FLRDFWGQPLRYDTEYYLIP
135,PALNLVKQGYEGNFIGALET
136,KMLLMYEEKAREKEKPT
137,SVALSNRFNGGKAF
138,KAMDIEYNDMFNNFTLSFWLRVP
139,ELKKLESKINKVFSTPIPYS
140,GIPLYKKMEAVKLKDLKTYS
141,IISDVSGFNSSVITYPD
142,ERKKLIGEV
143,TRSFLVNQMINEAKKQLLEFDTQ
144,TIYNDTEGFNIESKDLRSEY
145,EGFKEKYMEFDLQGNGDIDIM
146,KAMDIEYNDMFNNFTVSYWLRVP
147,IDSFVKSGDFIKLFVSYNNN
148,NYFPCRDGFGTIMQMAFCPE
149,KMILMYEEKAREKEKPS
150,SIDDALINSTKIYSYFPSVISKVNQGAQGIL
151,DISGFNSSVITYPDAQVVPG
152,DTIIMMEPPYCKGRDIYYKA
153,FNAYLANKWVFITITNDRLT
154,GARETTGVVLLLEYIPEITL
155,IKIKNDDLTFIAEKNSFSEE
156,IWIVPDRYEFGT
157,EANLISIDIKNDLYEKTL
158,KNKLEERANKAMININ
159,KRSAVLRMIL
160,NEEDIDVILKKSTIRNLDIN
161,QEIYMNHTYPISAEELFTFG
162,DEKANKAMININIFMRESSRSFL
163,IEYQDMFNNFTVSFWLRVPKVSASHLEQYGT
164,NRFQGGKAFGLVK
165,GLPLYKKMEAVKLRDLKTYS
166,RPNDRTTPVTKG
167,SIALSNRFQGGKAF
168,ISADELFTFGGQ
169,VRMMLGKRSAILK
170,LANKWVFVTITNDRLSSANLYIN
171,FTEVELGKKFNI
172,LCKKIVPPTNIRENLYNRTA
173,PARLLMHELIHVLHGLYGMQ
174,TDYMYLTNAPSFTNGKLNIY
175,DINNDIVSDISGFNSSVITY
176,SFQMYRSLEYQVDAIKKIID
177,RYEKWIEVYKLVKAKWLGTINTQ
178,NLDINNDIISDISGFNTSVI
179,SRSFLVNQMIQEAKKQLLEFDTQ
180,ILKKSTILNLDINNEII
181,GALETTGVVLLLEYLPEITL
182,MGSAEITGLGAIREENNITL
183,PKELEKLYTSYLSITFLRDF
184,IANKLSQVTSCNDPNIDVDS
185,AKKQLLEYDTQSKNILMQYI
186,EKLGLPKTHLEL
187,AFRNVDGSGLVSKLLG
188,RESSRSFLLNQMINEAKKQL
189,GALETTGVVLLLEYIPDITL
190,ALNPKEIEKRYTSYLSI
191,DTIIMMEPPYCKGLDIYYKG
192,NAPSYSNGKLNIYYRRLYNGLKF
193,PVTKAIPYAPEYKSNAASTTEIH
194,IDSFVKSGEFIKLYVSYNNN
195,RMMDKLGVPK
196,GTNEYSIISSMKKHSLSVGS
197,FLKSGDFIKLYVSYNNNEHIVGY
198,GLVGTHNGQVGNDPNRDILIASNWYFNHLKDKILGCDWYFVPTDEGWTND
199,NNITLKLDRCNNNNNYVSID
200,ALNPKEIEKVYTSYLSI
201,EEKANRAMININIFMRESSRSFL
202,GPDKEQIADEINNLKNKLEEKGN
203,IKNDLYDKTLNDYKAIANKL
204,NGRAIHLVNNESSEVIVHKAMDI
205,ITGLGAIREDNNVTLKLDRC
206,SIGSGWSVSLKGNNLLWTLK
207,IEYNDMFQNFTVSFWLRVPKVSASHLEQYGT
208,MTNSVDDALINSTKLYSYFP
209,SSTQKEKLIKTIDNFLEKRYEKW
210,IKNDRYEKTLNDYKAIANKL
211,KMISELTGGV
212,FNLREQDPSGATTKSAMLTN
213,SQSKDLQGGKAFGLLKGQ
214,KSNAASTIEIHNLDDNTIYQ
215,RYEKWIEVYKLVKAKWLATVNTQ
216,RFTFGGQDANLISIDIKNDL
217,AKKQLLEFDTQSKNILMQYL
218,FTEIDLGKKFNI
219,LIPVASSSKDVQLKNITDFM
220,LCIKIKNEDLTFIAEKNSYS
221,IDSFVKSGDFIKRYVSYNNN
222,DLTFIAEKNSFSEDPFQDEI
223,IDSFVKSGDFIKLYLSYNNN
224,SVTLGGELCIKIKNEDLTFIAEK
225,QKSPTTLQRITMTNSVDDALIQS
226,GNAFNNLDRIVRVGYNA
227,KSTILNLDINNDLISDISGFNSS
228,KQLLEFDTQSKNILMQYIRANSKFIGI
229,ASHLEQYGSNEYSIISSMKK
230,IWILPERYEFGT
231,PWGNPLKYDTEYYLIPVASSSKD
232,LIWTLKDSAGEVKQITF
233,KRIGEVSSGSGETF
234,LKTFSVQLKLYDDKNASLGL
235,KNKLEEKANKGMININ
236,SSMKKHSLSIGSGWSVSVKG
237,LANKWVFITITNDRLSTANLYIN
238,LCIKIKQEDLTFIAEKNSFS
239,GGKAFGLLKAQQEDR
240,DTQSKNILMQYIKANSKFIGITELKKLESRI
241,LRMMLAKRSAILK
242,SMNHDPVKIPNLLDETIYND
243,KRSAILRMIV
244,RKLYDDKNASLGLVGTH
245,FNAYLANKWVFITITNERLS
246,SIGSGWSLSLKGNNLIWTLK
247,FDKDSNGQYIVNDDKFQILY
248,IVDYNLQSKITLPNDRTTPL
249,DPVNNDTIIMMD
250,EIELGKKFNVKT
251,KDSAAEVRQITFRDLPD
252,NAPSYTNGKLNIYYRRLYQGLKF
253,TKEVQSSLKANQGLE
254,ERLDGINRHF
255,NLYINGVLMGSAEITGVGAIRED
256,NLDINNDIISDLSGFNSSVI
257,TITNDRLSSANLYINAV
258,GYIPEITVPVIAALSIAESSTQK
259,LRYDTEYYLVPVASSSKDVQ
260,LEYIPEITLPVIAAVSIAES
261,FNLLEQEPSGATTKSAMLTN
262,ILFLQWVRDVIDDFTNESSQ
263,GFCPEYVPTFDNVIENITSL
264,FEGKANESSPKPVGPPPEKDIASLP
265,VFTFGGQDANLISIDIKNDL
266,LKTEYKGQNMRVNTNAFRNV
267,SMNHDPVKVPNLLDDTIYND
268,NTIYQYLYAQKTPTTLQRIT
269,RINKVFSTPIPFSYSKNLDC
270,ELKKLETKINKVFSTPIPFS
271,LRVGYNAPGIPLYRKMEAVKLRD
272,PITKGIPYAPEYKSNAASTTEIH
273,EKIIKTIDNFLEKRYEKWID
274,NRFQGGKAFGLRK
275,KSTILNVDINNDIISDISGFNSS
276,LIPVASSSKDVQRKNITDYM
277,NDKTTPVTKGIP
278,LANKWVFITITNDRLSSANRYIN
279,RTTPVTKGLPYAPEYKSNAA
280,RIFCKALNPKEIEKRYT
281,ILFLQWVKDIIDDFTNESSQ
282,NAPSYTNGKLNVYYRRLYNGLKF
283,NPPSSLIEGGSE
284,NEEDIDVILKKSTILNLDLN
285,EQDPSGATTKSAMLTNLIVFGPGPVLNKNEV
286,KAKWLGTVNTQFQKRSYQMF
287,NLYINGVLMASAEITGLGAIRED
288,FVKSGDFIKLYLSYNNNEHIVGY
289,GPDKEQVADEINNLKNKLEEKAN
290,NYSRDKIIVDYNLQSKITLP
291,GFNSSVLTYPDAQLVPGINGKAI
292,FNAYLANKWVFLTITNDRLS
293,LKTYSVQLKLYDDKNASVGL
294,ILKKSTILQLDINNDII
295,TDYMYLTNAPSYTNGKLQIY
296,DEDNLPEKL
297,KNLDCWVDNEEDIDVILKKTTIL
298,LKTYSVQRKLYDDKNASLGL
299,DIIDDFTNESSNKTTIDKIS
300,PALLVMHELIHVLHGLYGMQ
301,NGDLDIMSL
302,SIGSAWSVSLKGNNLIWTLK
303,PIPFSYSKNLDCWVDNEEEI
304,AFCPEYVPTFDQVIENITSL
305,LEKRYEKWIEVYKLIKAKWL
306,LFTFGGQDANLISIEIKNDL
307,NGLKFIIKRFTPNNEIDSFVKSG
308,QKSPTTLQRITMTNSVDDAVINS
309,NGKAIHLVNQESSEVIVHKAMDI
310,AFRNVDGSGLVSRLIG
311,NQYVSIDKFRIFCKGLNPKEIEK
312,KNASLGLVGSHNGQIGNPPNRDI
313,LIPVASSSKDVQLRNITDYM
314,KNITDYMYRTNAPSYTNGKL
315,SSSKDVQRKNITDYMYLTNAPSY
316,PISINNFRYSDPVNNDTIIM
317,EQDPSGATTKSAMLTNLIIFGPGPVVNKNEV
318,LPVIAALSVAESSTQKEKII
319,QKSPTTLQRITMTNSLDDALINS
320,QKSPTTRQRITMTNSVDDALINS
321,LEYVPEITLPVIAALSIAES
322,TDLAGELCIKIK
323,ERAREKEKPTGPPA
324,LCKKIIPPSNIRENLYNRTA
325,EEKANKGMININIFMRESSRSFL
326,TDYMYVTNAPSYTNGKLNIY
327,DIVDDFTNESSQKTTIDKIS
328,DTQSKNILMQYIRANSKFIGITELKKLESKI
329,HIVGYPKDGNAFNNLDRIRRVGY
330,EKLGVPRTHLEL
331,SYNTKNKPLNFNYSLDRIPVTKG
332,RLDEINRQFL
333,FQLLEQDPSGATTKSAMLTN
334,QEIYMQHTYPISAEDLFTFG
335,FLRDFWGNPLRYDTEYFLIP
336,LRVGYNAPAIPLYKKMEAVKLRD
337,DPNIDIDSYRQI
338,LYAMQVSSHEIIPSKQEIYM
339,ILFRQWVRDIIDDFTNESSQ
340,IDIDSYKQVYQQKYQFDKDS
341,QRYFGHGAENS
342,LRMMLGKRSAILR
343,GYIPEITLPVIAALSVAESSTQK
344,NIDDNTIFQYLYAQKSPTTL
345,IVDYNLNSKITLPNDRTTPV
346,GPDKENIADEINNLKNKLEEKAN
347,NITSRTIGKSKYFQDPALLL
348,DKISDVSTIVPYIGPGLNIV
349,FNLLEQDPSGATTKSAMRTN
350,IDIDSYKQLYQQKYQFDKDS
351,ELKKLDSKINKVFSTPIPFS
352,KSTILNLDINNDIISDISGFQSS
353,LCKKIIPPTNIRENLYQRTA
354,KNITDYMYLTNAPSYTNGKV
355,SVDDALINSTKIYSYFPSVISKVNQGANGIL
356,PALNIVKQGYEGNFIGARET
357,NNNEHIVAYPKDGNAFNNLD
358,MDAVKLRDLKTYSVQLK
359,LCKKIIPPTNIRENLYNRTG
360,ANSKFIGITELRKLESKINK
361,PWGNPLRYDTEYYLIPVATSSKD
362,REFLCDQKF
363,IYYKAFKITDRIWIVPEKYE
364,KAMDIEYNDMFNNFTVSFWVRVP
365,SSANLYINGLLMGSAEITGL
366,RTTPVTKGIPYAPEYRSNAA
367,YEGKANESSPKPVGPPPERDIASLP
368,RLAEINKEFL
369,AKKNLLEFDTQSKNILMQYI
370,PERYEFGSKPEDFNPPSSLI
371,GFNSSVITFPDAQLVPGINGKAI
372,IVDYNLQTKITLPNDRTTPV
373,NEEDIDVIVKKSTILNLDIN
374,SLTLGGELCIKIKNEDLTFVAEK
375,EQDPSGATTKSAMLTNLIIFGPAPVLNKNEV
376,LCIKIKNEDLTFIGEKNSFS
377,EQDPSGATSKSAMLTNLIIFGPGPVLNKNEV
378,IEYNDMFNNFTVSFWLRIPKVSASHLEQYGT
379,LIPVASTSKDVQLKNITDYM
380,LPVIAALSIGESSTQKEKII
381,SSSKDVQLKNISDYMYLTNAPSY
382,LYGMQVSSHELIPSKQEIYM
383,GGKAFGLRKAQQEER
384,KNITDYMYLTNAPSYTNGKR
385,ELGKKFNIKTRLSYFTMNHD
386,LKTYSVNLKLYDDKNASLGL
387,RAKWLGTVNTQFQKRSYQMY
388,DRCNNNNQFVSIDKFRI
389,EALLDKILNAIP
390,AGKAFGLLKAQQEER
391,PDKFNAYLANKWVFISI
392,VPKTHLDM
393,MEAVKLRDLKTYSLQLK
394,PDKFNAYLANKWVFLTI
395,GYIPEITLPVIAAVSIAESSTQK
396,EVGKKFNIKTRLSYFSMNHD
397,TFSEEPFQDEIVSYNTKNKP
398,DLTFIAEKNTFSEEPFQDEI
399,SSTQKEKIIKSIDNFLEKRYEKW
400,EINKQFLDDPKYSSDEELPS
401,IKNDLYERTLNDYKAIANKL
402,GLVGTHNGQIGNDPNRDILIASNWYFNHLKDKLLGCDWYFVPTDEGWTND
403,LANKWVFLTITNDRLSSANLYIN
404,IVPERYEFGTRP
405,KSNAASTIEIHNIDENTIYQ
406,GEVRQITFRDVPDKFNAYLANKW
407,KINKVYSTPIPFSYSKNLDC
408,KVIGEVSSGSGETF
409,GPDKEQIADEINNRKNKLEEKAN
410,LEYIPEITLPVIAARSIAES
411,KEIEKLYTSYLSITFLREPWGNP
412,ILKKSTILNLDINNDVI
413,KQLLEFDTQSKNILMQYVKANSKFIGI
414,FIGEKNSFSEEPFQDEIVSYNTK
415,GALETTGVVLLLEYIPEITR
416,DSIIMMEPPYCKGLDIYYKA
417,STGSGETFSYPDFLRMMLGKRSA
418,QMAFCPEYVPSF
419,QEIYMQHTYPISAEELFTFA
420,ILKKSTLLNLDINNDII
421,EINKQFLDDPKYSSDEDRPS
422,PITINNFRYSDPVNNDSIIM
423,YTSRQIPQNY
424,LIPLASSSKDVQLKNITDYM
425,PSSRIEGASEYYDPNYLRTD
426,ETTGVVLLLEYVPEITLPVI
427,LKLVMMYEGKANES
428,SITFLRDFWANPLRYDT
429,ITAEELFTFGGQ
430,GFNSSVITYPDAQLVPGINAKAI
431,NKNEVRGIVVRVDNKNYFPC
432,KMISEVTGAV
433,PWGNPLRYDTEYYLIPVASSSKE
434,IKNDLYEKTLNEYKAIANKL
435,EKIIKTIDNFVEKRYEKWIE
436,EEKANKAMININIFMKESSRSFL
437,FNAYLANKWVFITITNDRRS
438,NIDDNTIYQFLYAQKSPTTL
439,LPVIAAVSIAESSTQKEKII
440,GFNSSVITYPDAQLVPGINGKAL
441,KINKLFSTPIPFSYSKNLDC
442,SKPGVIFLTKRSKQVCADPSEEWVQ
443,QAPSYTNGKLNIYYRRLYNGLKF
444,NGKGIHLVNNESSEVIVHKAMDI
445,KKIIDYEYKIYTGPDKEQIA
446,ILKKSTILNLDINNDIL
447,REFVCDQKY
448,EEKANKAMININIFMRESSRSFR
449,FNNLDRIRRVGYNAPGIPLY
450,NNDTIIMMEPPF
451,IDYNDMFNNFTVSFWLRVPKVSASHLEQYGT
452,SKPGVIFLTRRSRQVCADPSEEWVQ
453,LCKKIIPPTNLRENLYNRTA
454,KAKWLGTVNTQFQRRSYQMY
455,PTSLIEGASEYYDPNYLRTD
456,FLRDFWGNPLRYDTEFYLIP
457,SSSKDVQLRNITDYMYLTNAPSY
458,FNLLEQDPSGATTKTAMLTN
459,EINKQFRDDPKYSSDEDLPS
460,PVTKGIPYAPEYKSNAASTTELH
461,KEIEKLYTSYLSISFLRDPWGNP
462,TIYNDTEGYNIESKDLKSEY
463,IDSFVKSGDFVKLYVSYNNN
464,KLAEINREFL
465,KDSAGEVRQITFRELPD
466,SSSKDIQLKNITDYMYLTNAPSY
467,LDDPKYSSDEELPSKLEGF
468,SYNSKNKPLNFNYSLDKIPVTKG
469,DIIDDFTNDSSQKTTIDKIS
470,NTIYQYLYAQKSPTTLQRVT
471,IEYNDMFNNFTVSFWLRVPKVSASHLENYGT
472,SLTDLGGDLC
473,PERYEFGTKPEDFNPPSSLV
474,AIREDNQITLKLDRCNNNNQYVS
475,GPDKEQIADEINNLKNKLDEKAN
476,PSSLIEGASEFYDPNYLRTD
477,AGEALLEKIINA
478,NLDINNDIISDISAFNSSVI
479,GTNEYSIISTMKKHSLSIGS
480,AFCPEYVPSFDNVIENITSL
481,LANKWVFITITNDRRSSANLYIN
482,CNDPNIDIDTYK
483,NIDENTIYQYLYAQKSPTTL
484,HIVGYPKDGNGFNNLDRILRVGY
485,VLFLQWVRDIIDDFTNESSQ
486,SQSKDLQGAKAFGLLKAQ
487,TREVQSSLKAQQGLE
488,SSSKDVNLKNITDYMYLTNAPSY
489,NYSLDKIVVDYNLQSKITLP
490,IKNDLYEKTLQDYKAIANKL
491,GLVGTHNGQIGNDPNRDILIASNWYFNHLKDKILGCDWYFLPTDEGWTND
492,FQILYNSIMYGYTEIELGKK
493,GALETSGVVLLLEYIPEITL
494,KAMEIEYNDMFNNFTVSFWLRVP
495,LRDKIINAIPYLGNSYSLLD
496,KRLDEINREFL
497,DRCNNNNQYVSVDKFRI
498,LPVIAALSIAESSTQKEKVI
499,SSEVVVHKAMDIEYNDM
500,KLIAEVSSGSGETF
501,LKLVMMFEAKANES
502,FNNLDRLLRVGYNAPGIPLY
503,LCRKIIPPTNIRENLYNRTA
504,KSTILNLDINNDIISDITGFNSS
505,SIGSGWSVSLKGNNLIWTRK
506,NQYVSIDKFRIFCKALNPREIEK
507,FNAYLGNKWVFITITNDRLS
508,SFSEEPFQDEIVSYNTRNKP
509,NAPSYTNGRLNIYYRRLYNGLKF
510,TITNDRLSSGNLYINGV
511,LCIKIKNEDLTYIAEKNSFS
512,DPNYLRTDTDKDRFLQTMVKLFNRIKN
513,LKLYDDKNASLALVGTH
514,QKSPTTLQRITMTNSVDDARINS
515,VVPGINGKAIHLVNNESSEV
516,KAMDIEYNDMYNNFTVSFWLRVP
517,NNNEHIVGFPKDGNAFNNLD
518,LIWTLKDTAGEVRQITF
519,SLTLGGELCIKIKNEDRTFIAEK
520,AKKQLLEFDTQTKNILMQYI
521,RIFCKARNPKEIEKLYT
522,LKLYDDKNASVGLVGTH
523,LEYIPEVTLPVIAALSIAES
524,PSSLIEGASEYYDPNFLRTD
525,NRFQGGKAFGVLK
526,AKKQLREFDTQSKNILMQYI
527,DPNIDIESYKQI
528,NGKAIHLVNNESSDVIVHKAMDI
529,LEYIPEITLPVIAALSLAES
530,SIGSGWSVSLKGNNVIWTLK
531,LDEINKNFLDDPKYS
532,NGKAIHLINNESSEVIVHKAMDI
533,RYEKWIEVYKLVKARWLGTVNTQ
534,LDYIPEITLPVIAALSIAES
535,SLDDALINSTKIYSYFPSVISKVNQGAQGIL
536,LEKRYERWIEVYKLVKAKWL
537,LRIGYNAPGIPLYKKMEAVKLRD
538,SYNTKNKPLNFNYSLDKVPVTKG
539,DTIIMMEPPYCKGLDLYYKA
540,IEYNDMFNNFTVSFWVRVPKVSASHLEQYGT
541,QMAFCPDYVPTF
542,AIREDNNITLKVDRCNNNNQYVS
543,LEYIPEITLPIIAALSIAES
544,IMNMAFCPEYVP
545,GEIDIMSLKRMLEKLGVPK
546,NNNEHIVGYPKDGNAFNNLE
547,NGLKFIIKRYTPNNEIDSFLKSG
548,SSMKKHSLSVGSGWSVSLKG
549,KNASLGLVGTHNAQIGNPPNRDI
550,ELKKLESKINKVFSSPIPFS
551,KAMDIEYNDMFNNFTVTFWLRVP
552,NKNEVRGIVLRIDNKNYFPC
553,DRVSSANLYINGVLMGSAEI
554,NGPSYTNGKLNIYYRRLYNGLKF
555,PALLLMHELIHVLHALYGMQ
556,NNITLKLDKCNNNNQYVSID
557,DEENVPEKL
558,PALNIVRQGYEGNFIGALET
559,ELKKVESKINKVFSTPIPFS
560,SSEVIVHKAMDIDYNDM
561,LEYIPEITLPVIGALSIAES
562,NTIYQYLYAQRSPTTLQRIT
563,GDVRQITFRDLPDKFNAYLANKW
564,KSNAASTIEIHNVDDNTIYQ
565,ETTGVILLLEYIPEITLPVI
566,TITNDRLSTANLYINGV
567,LRVGYQAPGIPLYKKMEAVKLRD
568,FNNLDRILRVGYNAPGVPLY
569,FIAEKNSFSEEPFQDDIVSYNTK
570,NGKAIHLVNNESSEVIIHKAMDI
571,NQYVSIDKFRIFCKALNPKELEK
572,SRSFLLNQMINEAKKQLLEFDTQ
573,DAQLISIDIKNDLYEKTL
574,DRLSSANLYIQGVLMGSAEI
575,IVDYNLQSKITRPNDRTTPV
576,ILFLQWIRDIIDDFTNESSQ
577,EQDPSGATTKSAMLTNLIIFGPGPVLNKQEV
578,AFRNVDGSGLVSKLIA
579,LVDKIINAIPYLGNSYSLLD
580,IYYKAFKITDRVWIVPERYE
581,LFTFGGQEANLISIDIKNDL
582,FVKSGDFIKLYVSYNNQEHIVGY
583,DINNDIISDISGFNSSVISY
584,GPDKDQIADEINNLKNKLEEKAN
585,GDIEIMSLKRMLEKLGVPK
586,LRYDTEYYLIPVGSSSKDVQ
587,NDRTTPVTRGIP
588,NNNEHIVGYPKDANAFNNLD
589,TIYNDTDGFNIESKDLKSEY
590,KNITDFMYLTNAPSYTNGKL
591,DIIDDFTNESSQKTTIDKIT
592,LLDKIIQAIPYLGNSYSLLD
593,SVDDALLNSTKIYSYFPSVISKVNQGAQGIL
594,NYSVDKIIVDYNLQSKITLP
595,LIWTLKDSAGEVRNITF
596,LQRITMTNSVDDALLNSTKI
597,ELKKLESKINKVFSTPVPFS
598,TDLGGELCIKLK
599,IRKKSTILNLDINNDII
600,LYGMQVSSHEIVPSKQEIYM
601,LDKRYEKWIEVYKLVKAKWL
602,NEEDIDVILKKSTILNRDIN
603,DDFTNESSQKTTIDKISDVSSIV
604,GPDKEQIADEINNVKNKLEEKAN
605,EKIIKTIENFLEKRYEKWIE
606,LRSEYKGQNMRVNTNAFRNV
607,IKIKNEDVTFIAEKNSFSEE
608,IVSDISGFNSSVITYPD
609,LKLYDDKNATLGLVGTH
610,DPNYLRTDSDKDRFLQTMVKVFNRIKN
611,SVDDALINSTKIYSYFPSVVSKVNQGAQGIL
612,MTNSVDDALIQSTKIYSYFP
613,SSSKDVQLKNLTDYMYLTNAPSY
614,PWGNPLRYDTEYYLIPVGSSSKD
615,KEFLCDQKY
616,RESSKSFLVNQMINEAKKQL
617,NIEDNTIYQYLYAQKSPTTL
618,ELGKKFNLKTRLSYFSMNHD
619,AFCPEYVPTFDNVIENVTSL
620,NTIYQYLYANKSPTTLQRIT
621,IKIKNEDLTYIAEKNSFSEE
622,IPKTHLEM
623,GEVRQITFRDLPDKFNAFLANKW
624,SVALSQRFQGGKAF
625,LDDPKYSSDEDLPSRLEGF
626,KKLIDYEYKIYSGPDKEQIA
627,DINNDIISDISGFNSSVVTY
628,GDIDIMSLKKMLEKLGVPK
629,NGLKFIIKRYTPNNEIDSYVKSG
630,SSSKDVQLKNITDYMYRTNAPSY
631,FNLLEQDPSAATTKSAMLTN
632,DTLIMMEPPYCKGLDIYYKA
633,QKSPTTLQRITMSNSVDDALINS
634,FNAYLANKWVFITLTNDRLS
635,PVTKGIPYAPEYKSNAATTTEIH
636,MGSAEITGLGAIREDQNITL
637,SKPGVIFLTKKSRQVCADPSEEWVQ
638,RCKKIIPPTNIRENLYNRTA
639,TISNDRLSSANLYINGV
640,SYNTKNKPLNFNYSLDKIPITKG
641,FNNLERILRVGYNAPGIPLY
642,KRSAILRMI
643,PALNVVKQGYEGNFIGALET
644,SQSKDLQGGKAFGLLRAQ
645,ERGKKFNIKTRLSYFSMNHD
646,KEIDKLYTSYLSITFLRDPWGNP
647,SRSFLVNQMLNEAKKQLLEFDTQ
648,DISGFNSTVITYPDAQLVPG
649,AGEALLDKIIQA
650,KNKLEDKANKAMININ
651,ESSQKTTIDKISDISTIVPY
652,LIWTLKESAGEVRQITF
653,KNLDCWVDNEEDIDVILKKSTVL
654,SRSFLVNQMINEAKKNLLEFDTQ
655,LLDKVINAIPYLGNSYSLLD
656,KDSAGEVKQITFRDLPD
657,EIELGKRFNIKT
658,DIIDDFTNESSQKSTIDKIS
659,EINKNFLDDPKYSSDEDLPS
660,RDSSRSFLVNQMINEAKKQL
661,DISGYNSSVITYPDAQLVPG
662,VSAEELFTFGGQ
663,IVDYNLQSKITVPNDRTTPV
664,IISDISGFQSSVITYPD
665,PSSLIEGASEYYDPQYLRTD
666,NLDINNEIISDISGFNSSVI
667,FIAEKNSFSEEPFQDEIVSYQTK
668,LDEINKQFLDEPKYS
669,EALRDKIINAIP
670,SYNTKNRPLNFNYSLDKIPVTKG
671,EKLAVPKTHLEL
672,NRFQGGKAFGLLR
673,ETSGVVLLLEYIPEITLPVI
674,LANKWVFITITNERLSSANLYIN
675,NRFQGGKAYGLLK
676,PITINNFRYSDPVNNDTVIM
677,AEDLFTFGGQDA
678,LKTYSVQLKLFDDKNASLGL
679,LTGLGAIREDNNITLKLDRC
680,NLYINGVLMGSAEITGLGGIRED
681,GLVGTHNGQIGNDPNRDILIASNWYFQHLKDKILGCDWYFVPTDEGWTND
682,NYFPCRDGFGSIMNMAFCPE
683,DTQSKNILMQYVKANSKFIGITELKKLESKI
684,VPRTHLEM
685,RLDEINKQYL
686,GIREDNNITLKLDRCNNNNQYVS
687,ALNPREIEKLYTSYLSI
688,TITNDRLSSANVYINGV
689,LCKKIIPPTNIRDNLYNRTA
690,NDEDIDVILKKSTILNLDIN
691,DPNYLRTDSDKDRFRQTMVKLFNRIKN
692,KSTILNLDINNDILSDISGFNSS
693,DLTFIAEKNSFSEEPFQDDI
694,EKIIKTIDNFLERRYEKWIE
695,SSANLYINGVLMGSAEITGV
696,KQLLEFDTQSKNILMQYIKANSKFIGV
697,ETQSKNILMQYIKANSKFIGITELKKLESKI
698,ENDPSGATTKSAMLTNLIIFGPGPVLNKNEV
699,PDKFNAYLANRWVFITI
700,LVPGINGKAIHLVNNETSEV
701,PERYEFGTKPEDFNPPTSLI
702,EVKKLESKINKVFSTPIPFS
703,SYNTKNKPVNFNYSLDKIPVTKG
704,DDFTNESSQKSTIDKISDVSTIV
705,PKEIEKLYTSYLSITYLRDF
706,AGEALLDKLINA
707,ILKKSSILNLDINNDII
708,DKISDVSTIVPYIGPALNVV
709,KNASLGLIGTHNGQIGNPPNRDI
710,MGTAEITGLGAIREDNNITL
711,GALESTGVVLLLEYIPEITL
712,ASHLEQYGTNDYSIISSMKK
713,FNAYRANKWVFITITNDRLS
714,ITGLAAIREDNNITLKLDRC
715,FVKSGDFIKLYVSYNNNEHLVGY
716,KESAGEVRQITFRDLPD
717,LEYIPEITLPLIAALSIAES
718,SFSEEPFQDELVSYNTKNKP
719,FRPGGLPEKY
720,KNITDYMYLSNAPSYTNGKL
721,DRLSSANLYINGVRMGSAEI
722,NIDDNTIYQYLYAQKSPTTR
723,AKKQVLEFDTQSKNILMQYI
724,IEYNDMFNNFTVSFWRRVPKVSASHLEQYGT
725,KSNAGSTIEIHNIDDNTIYQ
726,GALETTGVVLLLEYIPEITV
727,TDVGGELCIKIK
728,QRFFGHGAEQS
729,KLDEINKQFL
730,RDMWRAYSQMR
731,GALETTGVVRLLEYIPEITL
732,EGFKDKYMEFDLNGNGDIDIM
733,DKLSDVSTIVPYIGPALNIV
734,KNLDCWVDNEDDIDVILKKSTIL
735,IEYNDMFNNFTVSYWLRVPKVSASHLEQYGT
736,SFSEEPFNDEIVSYNTKNKP
737,ANSKFIGITELKKVESKINK
738,ESSQKTTIDKISDVSTLVPY
739,RESSRSFLVNQMINEAKRQL
740,GAVETTGVVLLLEYIPEITL
741,FLRDFWGNPLRYDTEYYVIP
742,FQILYNSIMYGFTEIELAKK
743,LYGMQVSSHEIIPSKQDIYM
744,ILKKSTILNLDLNNDII
745,EALLEKIINAIP
746,TELGGELCIKIK
747,KNKLEEKANRAMININ
748,IDIDSYKQIYQQKYQFDRDS
749,PALQIVKQGYEGNFIGALET
750,FVKSGDFIKLYVSYNNNEHIVAY
751,PALVLMHELIHVLHGLYGMQ
752,AFRNIDGSGLVSKLIG
753,KTTPVTKGIPYAPEYKSNAA
754,AKKQLLEFDTQSKNIVMQYI
755,LLDKIINGIPYLGNSYSLLD
756,FLRDFWGNPLKYDTEYYLIP
757,AFCPEYVPTFDNVIENITSR
758,FRRDFWGNPLRYDTEYYLIP
759,ASHLEQYGTNEYSIISTMKK
760,IYYKAFRITDRIWIVPERYE
761,AFRNVDGSGRVSKLIG
762,LANRWVFITITNDRLSSANLYIN
763,LPKTHLEM
764,ISAEELFTFGGN
765,GIPLYKKMEAVKVRDLKTYS
766,GLLGTHNGQIGNDPNRDILIASNWYFNHLKDKILGCDWYFVPTDEGWTND
767,KSNAASTIEIHNIDDNTLYQ
768,KDSAGEVRQITFKDLPD
769,DDFTNESSQKTTIDKISDLSTIV
770,FEGKANESSPKPLGPPPERDIASLP
771,YLRDFWGNPLRYDTEYYLIP
772,EGFKEKYMEFELNGNGDIDIM
773,LFTYGGQDANLISIDIKNDL
774,GTNEYSIVSSMKKHSLSIGS
775,EKGREKEKPTGPPA
776,DKISDVSTIVPYIAPALNIV
777,IKIKNEDRTFIAEKNSFSEE
778,PITVNNFRYSDPVNNDTIIM
779,DPNIDIDSYKQL
780,SMNHDPVKIPNLLDDTVYND
781,NNITLKLDRCNNNNQFVSID
782,ILFLQWVRDIIDDFTQESSQ
783,FDKDSNGNYIVNEDKFQILY
784,SSTQKEKIIKTLDNFLEKRYEKW
785,GYIPEITLPVIAALTIAESSTQK
786,FIAEKNSFSEEPFQEEIVSYNTK
787,KSNAASTIEVHNIDDNTIYQ
788,ELGKKFNIKTRLTYFSMNHD
789,SKPGVIFLTKRSRQVCADPSEEWIQ
790,NAPSYTNGKLQIYYRRLYNGLKF
791,AFCPEYVPTFDNVVENITSL
792,PDKFNAYVANKWVFITI
793,SKPGVIFLTKRTRQVCADPSEEWVQ
794,FQILYNSIMYGFTEIERGKK
795,FTEIELAKKFNI
796,SYQMYRSLEYQVEAIKKIID
797,NAPSYTNGKLNIYYRRLYNGVKF
798,ITGLGAIKEDNNITLKLDRC
799,IDSFLKSGDFIKLYVSYNNN
800,PALLLMHELIHILHGLYGMQ
801,KRLEEINRDFL
802,GDIDIMTLKRMLEKLGVPK
803,LLDKIINAIPFLGNSYSLLD
804,ILFLQWVRDIIDDYTNESSQ
805,KNASLGLVGTHNGQLGNPPNRDI
806,DDENLPEKL
807,NPPSSLLEGASE
808,ILFLQWVRDIIDEFTNESSQ
809,DPNYLRTDSDKDRFVQTMVKLFNRIKN
810,RESSRSFRVNQMINEAKKQL
811,KMILMYEEKAREKDKPT
812,DPNYLRTDSDKDRFLQTMVKLFQRIKN
813,IKNDLYEKTVNDYKAIANKL
814,PIPFSYSKNRDCWVDNEEDI
815,NIDDNTIYQYLFAQKSPTTL
816,FIKSGDFIKLYVSYNNNEHIVGY
817,NQYVSIDKFRIFCKALNPKEVEK
818,TAFREKYMEF
819,EKAREREKPTGPPA
820,NEEDLDVILKKSTILNLDIN
821,DANLISIDIKNDLYEKTV
822,KRLEEINKEFL
823,ASHVEQYGTNEYSIISSMKK
824,LYTFGGQDANLISIDIKNDL
825,PIPYSYSKNLDCWVDNEEDI
826,EKIIKTIDNFLEKRYERWIE
827,LFTFGGQDANVISIDIKNDL
828,DPINNDTIIMME
829,IANKLSQITSCNDPNIDIDS
830,SVDDALINSTKIFSYFPSVISKVNQGAQGIL
831,DRCNQNNQYVSIDKFRI
832,GNAFNNRDRILRVGYNA
833,ANTKFIGITELKKLESKINK
834,PWGNPLRYDTEYYVIPVASSSKD
835,ALNPKEIEKLYSSYLSI
836,FNLLEQDPTGATTKSAMLTN
837,FLRDFWANPLRYDTEYYLIP
838,GYIPEITLPVIAALSLAESSTQK
839,ALNPKDIEKLYTSYLSI
840,ELGKKFNIKTRLSFFSMNHD
841,SSTQKEKIIKTIDQFLEKRYEKW
842,ETTGVVLLLEYIPEITLPVV
843,ESSNKTTIDKISDVSTIVPY
844,ETTGVVLLLEYIPEITLPII
845,DTQSKNILMNYIKANSKFIGITELKKLESKI
846,SSEVIVHKAMDIEFNDM
847,LKSEYKGQNMRVNSNAFRNV
848,IMQMAFCPEYIP
849,SFTEEPFQDEIVSYNTKNKP
850,SSTQKEKIIKTIDNFLEKRFEKW
851,EIQKQFLDDPKYSSDEDLPS
852,RLDEINKQFR
853,LKSEYKGQNMKVNTNAFRNV
854,QKSPTTLNRITMTNSVDDALINS
855,EEKANKAMIQINIFMRESSRSFL
856,TKEVQSSLRAQQGLE
857,AGEAVLDKIINA
858,EKAKEKEKPTGPPA
859,SRSFVVNQMINEAKKQLLEFDTQ
860,ITGLGAIREDQNITLKLDRC
861,IANKLSQVTSCNDPNLDIDS
862,KQLLEFDTQSKNILMQFIKANSKFIGI
863,KAKWRGTVNTQFQKRSYQMY
864,VRVGYNAPGIPLYKKMEAVKLRD
865,DRCNNNNQYVSIDKFRV
866,SSSKDVQVKNITDYMYLTNAPSY
867,NERTTPVTKGIP
868,NQYVSIDKFRIFCRALNPKEIEK
869,AFCPEYVPTFDNVIENLTSL
870,GIPLYKKMEAVKLRDLKTFS
871,SSANRYINGVLMGSAEITGL
872,LRFDTEYYLIPVASSSKDVQ
873,PVSKGIPYAPEYKSNAASTTEIH
874,DLTFIAEKNSFSEEPFNDEI
875,GLVGTHNGQIGNDPNRDILIASNWFFNHLKDKILGCDWYFVPTDEGWTND
876,EGFREKYMEFDLNGNGDIDIM
877,LEYIPEITVPVIAALSIAES
878,IISDISGFNSTVITYPD
879,LANKWLFITITNDRLSSANLYIN
880,ALNPKEIEKLYTSYRSI
881,SYQMYRSLEYQVDAIKKIIE
882,LVDYNLQSKITLPNDRTTPV
883,AIREDNNITLKLDRCNNNNQYLS
884,EKIIKTIDNFLEKRFEKWIE
885,DIIDDFTQESSQKTTIDKIS
886,RTTPVTKGIPYAPEYKSNGA
887,NSIYQYLYAQKSPTTLQRIT
888,TKEVQSSLKAQNGLE
889,FVKSGDFVKLYVSYNNNEHIVGY
890,RQIPQQFIADYF
891,NAPSYTNGKLNIYYRRLYNGLRF
892,GIPVYKKMEAVKLRDLKTYS
893,LFTFGGQDANLISIDIRNDL
894,IISDISGFNTSVITYPD
895,EKLGVPKTHLER
896,NITSVTIGKSKYFQDPALLL
897,LRYDTEYYLIPVASSTKDVQ
898,LIPVASSTKDVQLKNITDYM
899,DPQIDIDSYKQI
900,KNLDCWVDNEEDIDVILKKSSIL
901,LYGMQVSSHEIIPSKQEIFM
902,DRCNNQNQYVSIDKFRI
903,GYIPEITLPVIAALSIADSSTQK
904,NGDIEIMSL
905,LKSEYKGQNMRLNTNAFRNV
906,RSNAASTIEIHNIDDNTIYQ
907,KNITDYMYLTNAPSYTQGKL
908,NAPSYTNGKLNIYYKRLYNGLKF
909,GIPLYKKMEAVKLRDLKSYS
910,KRSAIVRMIL
911,RYEKWVEVYKLVKAKWLGTVNTQ
912,GEELFTFGGQDA
913,NEEDIDIILKKSTILNLDIN
914,FLRDFWGNPLRYETEYYLIP
915,DPVNNETIIMME
916,KGMDIEYNDMFNNFTVSFWLRVP
917,IKNDLYEKTLNDYKAIGNKL
918,SVALSNRFQAGKAF
919,KQLLEFDTQSKNILMQYIKAQSKFIGI
920,GGKAFGLLKAQQEEK
921,GDLDIMSLKRMLEKLGVPK
922,SSMKKHSLSIASGWSVSLKG
923,LEYIPEITLPVIAALSVAES
924,SSANLYIQGVLMGSAEITGL
925,RLFCKALNPKEIEKLYT
926,LKSEYKGQNMRVNTNGFRNV
927,HLVGYPKDGNAFNNLDRILRVGY
928,NNITLKLDRCNNQNQYVSID
929,KMILMYEEKAREREKPT
930,SYNTKNKPLQFNYSLDKIPVTKG
931,NAPTYTNGKLNIYYRRLYNGLKF
932,DSQSKNILMQYIKANSKFIGITELKKLESKI
933,NAPSYTNGKLNIFYRRLYNGLKF
934,LQRITMTNSVEDALINSTKI
935,FNLLEQDPSGATTRSAMLTN
936,MTNSVDDGLINSTKIYSYFP
937,SFSEEPFQDEIVTYNTKNKP
938,PALLLMHELIHVLHGLYGMN
939,AEELFTFGAQDA
940,GIPRYKKMEAVKLRDLKTYS
941,GFQSSVITYPDAQLVPGINGKAI
942,NLDINNDIISDISGFNSSVL
943,QRSPTTLQRITMTNSVDDALINS
944,DISGFNSSVITYPDAQLIPG
945,RNASLGLVGTHNGQIGNPPNRDI
946,DRCNNNNQYVSIDKFRL
947,PERYEFATKPEDFNPPSSLI
948,NNITLKVDRCNNNNQYVSID
949,AKKQLLEFDTQSKNILMQYV
950,KAMDIEYNDMFNQFTVSFWLRVP
951,NRYQGGKAFGLLK
952,HIIGYPKDGNAFNNLDRILRVGY
953,QEIYMQHTYPITAEELFTFG
954,KNKLEEKANKAMLNIN
955,GALETTGVVLLLEYIPELTL
956,FIAEKNSFSEEPFQDEIVTYNTK
957,KAMDIEYNDMFQNFTVSFWLRVP
958,NGDIDIMSV
959,EARLDKIINAIP
960,DIQNDIISDISGFNSSVITY
961,QKSPSTLQRITMTNSVDDALINS
962,LRVGYNAPGIPLFKKMEAVKLRD
963,SLTLGGELCIKIKNEDVTFIAEK
964,NITTLTIGKSKYFQDPALLL
965,FLRDFWGNPLRFDTEYYLIP
966,EYSIESSMKKHSVSIGSGWSVSL
967,PERYEFGTKPEDFNPPSSVI
968,NIDDNTIYQYRYAQKSPTTL
969,VCKKIIPPTNIRENLYNRTA
970,KEIEKLYSSYLSITFLRDPWGNP
971,SSGNLYINGVLMGSAEITGL
972,NLYINGVLMGSAEVTGLGAIRED
973,MEAVKLRELKTYSVQLK
974,LKLYDEKNASLGLVGTH
975,EQDPSGATTRSAMLTNLIIFGPGPVLNKNEV
976,RIFCKALNPKELEKLYT
977,NGLRFIIKRYTPNNEIDSFVKSG
978,KNLDCWVDNEEDVDVILKKSTIL
979,DIIDDFTNESSQKTTIDKLS
980,NDRTTPVTKGLP
981,NGKAVHLVNNESSEVIVHKAMDI
982,GFNSSVITYPDAQVVPGINGKAI
983,SIGSGWSVSLKGNNLIWTLR
984,SVDDALINTTKIYSYFPSVISKVNQGAQGIL
985,CNDPNIEIDSYK
986,NNNEHIVGYPRDGNAFNNLD
987,RMISEVTGGV
988,LRMMLGKRTAILK
989,RIFCKALNPKEIERLYT
990,PWGNPLRYDSEYYLIPVASSSKD
991,IKIKNEDLTFIGEKNSFSEE
992,SVDDALINSTKIYSYFPSVISKVNQAAQGIL
993,PALLLMHEVIHVLHGLYGMQ
994,KLIGDVSSGSGETF
995,ERIIKTIDNFLEKRYEKWIE
996,ASHLEQYGTNEYSIITSMKK
997,ILKKSTILNLDINNDIV
998,EEKANKAMININIFMRESSKSFL
999,NYFPCRDGFGSIMQMAYCPE
1000,SMQHDPVKIPNLLDDTIYND
1001,RYEKWIEVYKLIKAKWLGTVNTQ
1002,MTNSVDDALLNSTKIYSYFP
1003,RQIPQNFLADYF
1004,GYIPEITLPVIAALSIAESSSQK
1005,IDSFVKSGDFIKLYVSYQNN
1006,SYNTKNKPRNFNYSLDKIPVTKG
1007,DANLLSIDIKNDLYEKTL
1008,NITSLTIGKSKFFQDPALLL
1009,NPPSSRIEGASE
1010,VMQMAFCPEYVP
1011,ILKKTTILNLDINNDII
1012,EINKQFLDDPKYSSDEDLPT
1013,EKVIKTIDNFLEKRYEKWIE
1014,NQITLKLDRCNNNNQYVSID
1015,EQDPTGATTKSAMLTNLIIFGPGPVLNKNEV
1016,LEKRYEKWIEIYKLVKAKWL
1017,LKVVMMFEGKANES
1018,GPDKEQLADEINNLKNKLEEKAN
1019,DINNDIISDLSGFNSSVITY
1020,SKPGVIFLSKRSRQVCADPSEEWVQ
1021,EAVLDKIINAIP
1022,ESTQKTTIDKISDVSTIVPY
1023,SYQMYRSLEYQVDGIKKIID
1024,VVPERYEFGTKP
1025,IKIKNEDLTFIADKNSFSEE
1026,GLVGTHNGQIANDPNRDILIASNWYFNHLKDKILGCDWYFVPTDEGWTND
1027,KNLDCWVDNEEDIDVIRKKSTIL
1028,LDDPKYSSDEDLPSKLEAF
1029,LLDKIINALPYLGNSYSLLD
1030,TDLGGEVCIKIK
1031,ESSQKTTIDKISEVSTIVPY
1032,ESSQKTTIDKISDLSTIVPY
1033,SKPGVIFVTKRSRQVCADPSEEWVQ
1034,LISDISGFNSSVITYPD
1035,AFRNVDGSGLVTKLIG
1036,SSSKEVQLKNITDYMYLTNAPSY
1037,AIREDNNVTLKLDRCNNNNQYVS
1038,KTNAASTIEIHNIDDNTIYQ
1039,RRRAEINREF
1040,DDFTNDSSQKTTIDKISDVSTIV
1041,GFNSSVITYPDAQLVPGVNGKAI
1042,ANSKFIGITERKKLESKINK
1043,FEGKANESSPKPVGPPPEREIASLP
1044,RRDEINKQFL
1045,KEIEKLYTSYLSITFLKDPWGNP
1046,NLYIQGVLMGSAEITGLGAIRED
1047,QDRTTPVTKGIP
1048,SQSKDLQGGKAYGLLKAQ
1049,NYSLDKILVDYNLQSKITLP
1050,IYYKGFKITDRIWIVPERYE
1051,EALLDKVINAIP
1052,NQYVSIDKFRIFCKALNPKDIEK
1053,DTNSKNILMQYIKANSKFIGITELKKLESKI
1054,NRFQGGRAFGLLK
1055,NNDTLIMMEPPY
1056,QRFYGHGAENS
1057,LPVIAALSIAESSTQKDKII
1058,RTTPVTKGIPYAPDYKSNAA
1059,MEAVKLRDLKTYTVQLK
1060,SLTLGAELCIKIKNEDLTFIAEK
1061,LYGMQVSTHEIIPSKQEIYM
1062,KNASLGLLGTHNGQIGNPPNRDI
1063,SSTQKEKIIKTIDNFVEKRYEKW
1064,FNNLDRILRVGYNAPGIPVY
1065,LKVGYNAPGIPLYKKMEAVKLRD
1066,KNASLGLVGTHNGQIGNPPNRDV
1067,LKTYSVQLKRYDDKNASLGL
1068,LYGMQVSSHEIIPSKQEVYM
1069,IEFNDMFNNFTVSFWLRVPKVSASHLEQYGT
1070,FIAEKNSFSEEPFQDEIISYNTK
1071,GYIPEITRPVIAALSIAESSTQK
1072,EALLDKIVNAIP
1073,DIIDDFTNETSQKTTIDKIS
1074,FVRSGDFIKLYVSYNNNEHIVGY
1075,NITSLTVGKSKYFQDPALLL
1076,LKLYDDKNASLGVVGTH
1077,LKLYEDKNASLGLVGTH
1078,PIPFSYSKNLDCWVDNEDDI
1079,LKSEYKAQNMRVNTNAFRNV
1080,EYSIETSMKKHSLSIGSGWSVSL
1081,FVKSGDFIKLYVSFNNNEHIVGY
1082,NGKAIHLVNNESSEVIVHKAMDV
1083,NLDINQDIISDISGFNSSVI
1084,DTIIMMEPPYCKALDIYYKA
1085,LFTFGGQDAQLISIDIKNDL
1086,NLYINGVLMGSAEITGLGAIKED
1087,IKIKNEDLTFIAEKQSFSEE
1088,FVKTGDFIKLYVSYNNNEHIVGY
1089,FEGKANESSPKPVGPPPERDIASVP
1090,FNLLDQDPSGATTKSAMLTN
1091,LDDPKYSSDEDRPSKLEGF
1092,PERYEFGTKPEDFNPPSSRI
1093,LCIKIKNEDLTFIAEKNSFT
1094,ISAEELFSFGGQ
1095,FNLLEQDPSGATSKSAMLTN
1096,PKEIEKLYTTYLSITFLRDF
1097,EYSIESSMKRHSLSIGSGWSVSL
1098,HIVGYPKDGNAFQNLDRILRVGY
1099,GSHLEQYGTNEYSIISSMKK
1100,LDDPKYSSEEDLPSKLEGF
1101,DRLSSANLYLNGVLMGSAEI
1102,ITGLGAIREDNQITLKLDRC
1103,NIDDNTIYQYVYAQKSPTTL
1104,RYEKWIEVYKLVKAKWLGTVQTQ
1105,ESSQKTTIDKISDVTTIVPY
1106,LKTYSVQLKLYDDKNGSLGL
1107,ILKKSTIRNLDINNDII
1108,SLTDRGGELC
1109,NDRTTPVSKGIP
1110,DIIDDYTNESSQKTTIDKIS
1111,DPVNQDTIIMME
1112,DRLSSANLFINGVLMGSAEI
1113,LLDKIINAIPYLGNSYSLVD
1114,IEYNDMFNNFSVSFWLRVPKVSASHLEQYGT
1115,DKISDVSTIVPYIGPALNII
1116,KLNKVFSTPIPFSYSKNLDC
1117,LQRITMTNSVDDALIQSTKI
1118,SSTQKEKIIKTIDNFLEKKYEKW
1119,VQRITMTNSVDDALINSTKI
1120,AIREDNNITLKLERCNNNNQYVS
1121,LCIKIKNEDLTFIAERNSFS
1122,FEGKANESSPKPVGPPPERDIGSLP
1123,SKPGVIFLTKRSRQVCADPSEDWVQ
1124,LLDKIINAVPYLGNSYSLLD
1125,RRYDTEYYLIPVASSSKDVQ
1126,SMNHDPVKIPNLLDDTLYND
1127,NGLKFIIKRYTPQNEIDSFVKSG
1128,SSEVIVHKAMDVEYNDM
1129,FLRDFWGNPLRYDTEYYLVP
1130,KAKWLATVNTQFQKRSYQMY
1131,PSSLIDGASEYYDPNYLRTD
1132,PVTKGIPYAPEYKSNAASTTDIH
1133,DPNYLRTDSDKDRFLQTMIKLFNRIKN
1134,SRSFLVNQMINEAKKQLLEFETQ
1135,KAKWLGTVNTQYQKRSYQMY
1136,SRSFLVNQMVNEAKKQLLEFDTQ
1137,IVDFNLQSKITLPNDRTTPV
1138,IYYRAFKITDRIWIVPERYE
1139,LKTYSVQLKLYEDKNASLGL
1140,PERYEFGTKPEDFNPPSTLI
1141,NTVYQYLYAQKSPTTLQRIT
1142,FIAEKNSFSEEPFQDEILSYNTK
1143,LLDKIINAIPYLGNSFSLLD
1144,KSNAASTIEIHNIDDNTVYQ
1145,QIDDNTIYQYLYAQKSPTTL
1146,DKISDVSTIIPYIGPALNIV
1147,IANRLSQVTSCNDPNIDIDS
1148,DLTFIAEKNSFSEEPYQDEI
1149,TDFMYLTNAPSYTNGKLNIY
1150,GTNEYSIISSMKKHSLSIGT
1151,MTNSVDDARINSTKIYSYFP
1152,EPNIDIDSYKQI
1153,SYQMYRSLEYQVDAIRKIID
1154,EINKQFLDDPKYSSDEDVPS
1155,SSEVIVHKAMDLEYNDM
1156,NNETIIMMEPPY
1157,FVKSGDFIKLYVSYNNNDHIVGY
1158,SQTKDLQGGKAFGLLKAQ
1159,CNDPNIDIDSFK
1160,ELIHVLHGVYGMQVSS
1161,DVTFIAEKNSFSEEPFQDEI
1162,PDKFNAYLANKWVFITL
1163,FNAYLANKWVFVTITNDRLS
1164,LEYIPEITLPVLAALSIAES
1165,GPDKEQIGDEINNLKNKLEEKAN
1166,SLTLGGELCIKVKNEDLTFIAEK
1167,FQILYNSVMYGFTEIELGKK
1168,FQLLYNSIMYGFTEIELGKK
1169,SMNHDPVKIPNRLDDTIYND
1170,TDYMYLSNAPSYTNGKLNIY
1171,QEIYMQHTYPISAEELFSFG
1172,LIPVASSSRDVQLKNITDYM
1173,GFNSSIITYPDAQLVPGINGKAI
1174,ELIHLLHGLYGMQVSS
1175,VKIKNEDLTFIAEKNSFSEE
1176,PWANPLRYDTEYYLIPVASSSKD
1177,DFNPPSSLLEGA
1178,DINNDIISDISGFNSTVITY
1179,KMISEVTGGI
1180,EVNKQFLDDPKYSSDEDLPS
1181,NKFQGGKAFGLLK
1182,LPNDRTTPLTKG
1183,DKIIKTIDNFLEKRYEKWIE
1184,SKPGVIFRTKRSRQVCADPSEEWVQ
1185,EQDPSGATTKSAMLTNLIIYGPGPVLNKNEV
1186,SVALTNRFQGGKAF
1187,PALLLMHELIHLLHGLYGMQ
1188,LDDPKYSTDEDLPSKLEGF
1189,EGYKEKYMEFDLNGNGDIDIM
1190,IVDYNLQSKITLPNDRTSPV
1191,NGDIDIMTL
1192,LPVLAALSIAESSTQKEKII
1193,TIGSGWSVSLKGNNLIWTLK
1194,SSSKDVQLKNITDYMYLTNGPSY
1195,ELKRLESKINKVFSTPIPFS
1196,EEKANKAMININIFMRESSRSFV
1197,FNNLDRILRVGYNGPGIPLY
1198,DNKQYFPCRDGF
1199,PIPFSYSKNLDCWIDNEEDI
1200,KRSAILRMIL
1201,KRSAILKMI
1202,LKLVMMFEGKANES
1203,NRFQGGKAFGLLK
1204,KRLEEINREFL
1205,SVALSNRFQGGKAF
1206,RLAEINREFL
1207,LRMMLGKRSAILK
1208,ERLDGINKHF
1209,KLIGEVSSGSGETF
1210,NGDIDIMSL
1211,SQSKDLQGGKAFGLLKAQ
1212,EKLGVPKTHLEL
1213,ELKKLIGEV
1214,QRFFGHGAENS
1215,RDMWRAYSNMR
1216,FRPAGLPEKY
1217,TKEVQSSLKAQQGLE
1218,RQIPQNFIADYF
1219,YTSRQIPQNF
1220,SKPGVIFLTKRSRQVCADPSEEWVQ
1221,RRLAEINREF
1222,FEGKANESSPKPVGPPPERDIASLP
1223,KMISEVTGGV
1224,REFLCDQKY
1225,TAFKEKYMEF
1226,VPKTHLEM
1227,DEENLPEKL
1228,RMMEKLGVPK
1229,GGKAFGLLKAQQEER
1230,LDDPKYSSDEDLPSKLEGF
1231,EINKQFLDDPKYSSDEDLPS
1232,GDIDIMSLKRMLEKLGVPK
1233,KMILMYEEKAREKEKPT
1234,SSGSGETFSYPDFLRMMLGKRSA
1235,RLDEINKQFL
1236,EGFKEKYMEFDLNGNGDIDIM
1237,EKAREKEKPTGPPA
1238,LDEINKQFLDDPKYS
1239,AEELFTFGGQDA
1240,AFCPEYVPTFDNVIENITSL
1241,AFRNVDGSGLVSKLIG
1242,AGEALLDKIINA
1243,AIREDNNITLKLDRCNNNNQYVS
1244,AKKQLLEFDTQSKNILMQYI
1245,ALNPKEIEKLYTSYLSI
1246,ANSKFIGITELKKLESKINK
1247,ASHLEQYGTNEYSIISSMKK
1248,CNDPNIDIDSYK
1249,DANLISIDIKNDLYEKTL
1250,DDFTNESSQKTTIDKISDVSTIV
1251,DFNPPSSLIEGA
1252,DIIDDFTNESSQKTTIDKIS
1253,DINNDIISDISGFNSSVITY
1254,DISGFNSSVITYPDAQLVPG
1255,DKISDVSTIVPYIGPALNIV
1256,DLTFIAEKNSFSEEPFQDEI
1257,DNKNYFPCRDGF
1258,DPNIDIDSYKQI
1259,DPNYLRTDSDKDRFLQTMVKLFNRIKN
1260,DPVNNDTIIMME
1261,DRCNNNNQYVSIDKFRI
1262,DRLSSANLYINGVLMGSAEI
1263,DTIIMMEPPYCKGLDIYYKA
1264,DTQSKNILMQYIKANSKFIGITELKKLESKI
1265,EALLDKIINAIP
1266,EEKANKAMININIFMRESSRSFL
1267,EIELGKKFNIKT
1268,EKIIKTIDNFLEKRYEKWIE
1269,ELGKKFNIKTRLSYFSMNHD
1270,ELIHVLHGLYGMQVSS
1271,ELKKLESKINKVFSTPIPFS
1272,EQDPSGATTKSAMLTNLIIFGPGPVLNKNEV
1273,ESSQKTTIDKISDVSTIVPY
1274,ETTGVVLLLEYIPEITLPVI
1275,EYSIESSMKKHSLSIGSGWSVSL
1276,FDKDSNGQYIVNEDKFQILY
1277,FIAEKNSFSEEPFQDEIVSYNTK
1278,FLRDFWGNPLRYDTEYYLIP
1279,FNAYLANKWVFITITNDRLS
1280,FNLLEQDPSGATTKSAMLTN
1281,FNNLDRILRVGYNAPGIPLY
1282,FQILYNSIMYGFTEIELGKK
1283,FTEIELGKKFNI
1284,FVKSGDFIKLYVSYNNNEHIVGY
1285,GALETTGVVLLLEYIPEITL
1286,GEVRQITFRDLPDKFNAYLANKW
1287,GFNSSVITYPDAQLVPGINGKAI
1288,GIPLYKKMEAVKLRDLKTYS
1289,GLVGTHNGQIGNDPNRDILIASNWYFNHLKDKILGCDWYFVPTDEGWTND
1290,GNAFNNLDRILRVGYNA
1291,GPDKEQIADEINNLKNKLEEKAN
1292,GTNEYSIISSMKKHSLSIGS
1293,GYIPEITLPVIAALSIAESSTQK
1294,HIVGYPKDGNAFNNLDRILRVGY
1295,IANKLSQVTSCNDPNIDIDS
1296,IDIDSYKQIYQQKYQFDKDS
1297,IDSFVKSGDFIKLYVSYNNN
1298,IEYNDMFNNFTVSFWLRVPKVSASHLEQYGT
1299,IISDISGFNSSVITYPD
1300,IKIKNEDLTFIAEKNSFSEE
1301,IKNDLYEKTLNDYKAIANKL
1302,ILFLQWVRDIIDDFTNESSQ
1303,ILKKSTILNLDINNDII
1304,IMQMAFCPEYVP
1305,ISAEELFTFGGQ
1306,ITGLGAIREDNNITLKLDRC
1307,IVDYNLQSKITLPNDRTTPV
1308,IVPERYEFGTKP
1309,IWIVPERYEFGT
1310,IYYKAFKITDRIWIVPERYE
1311,KAKWLGTVNTQFQKRSYQMY
1312,KAMDIEYNDMFNNFTVSFWLRVP
1313,KDSAGEVRQITFRDLPD
1314,KEIEKLYTSYLSITFLRDPWGNP
1315,KINKVFSTPIPFSYSKNLDC
1316,KKIIDYEYKIYSGPDKEQIA
1317,KNASLGLVGTHNGQIGNPPNRDI
1318,KNITDYMYLTNAPSYTNGKL
1319,KNKLEEKANKAMININ
1320,KNLDCWVDNEEDIDVILKKSTIL
1321,KQLLEFDTQSKNILMQYIKANSKFIGI
1322,KSNAASTIEIHNIDDNTIYQ
1323,KSTILNLDINNDIISDISGFNSS
1324,LANKWVFITITNDRLSSANLYIN
1325,LCIKIKNEDLTFIAEKNSFS
1326,LCKKIIPPTNIRENLYNRTA
1327,LEKRYEKWIEVYKLVKAKWL
1328,LEYIPEITLPVIAALSIAES
1329,LFTFGGQDANLISIDIKNDL
1330,LIPVASSSKDVQLKNITDYM
1331,LIWTLKDSAGEVRQITF
1332,LKLYDDKNASLGLVGTH
1333,LKSEYKGQNMRVNTNAFRNV
1334,LKTYSVQLKLYDDKNASLGL
1335,LLDKIINAIPYLGNSYSLLD
1336,LPNDRTTPVTKG
1337,LPVIAALSIAESSTQKEKII
1338,LQRITMTNSVDDALINSTKI
1339,LRVGYNAPGIPLYKKMEAVKLRD
1340,LRYDTEYYLIPVASSSKDVQ
1341,LVPGINGKAIHLVNNESSEV
1342,LYGMQVSSHEIIPSKQEIYM
1343,MEAVKLRDLKTYSVQLK
1344,MGSAEITGLGAIREDNNITL
1345,MTNSVDDALINSTKIYSYFP
1346,NAPSYTNGKLNIYYRRLYNGLKF
1347,NDRTTPVTKGIP
1348,NEEDIDVILKKSTILNLDIN
1349,NGKAIHLVNNESSEVIVHKAMDI
1350,NGLKFIIKRYTPNNEIDSFVKSG
1351,NIDDNTIYQYLYAQKSPTTL
1352,NITSLTIGKSKYFQDPALLL
1353,NKNEVRGIVLRVDNKNYFPC
1354,NLDINNDIISDISGFNSSVI
1355,NLYINGVLMGSAEITGLGAIRED
1356,NNDTIIMMEPPY
1357,NNITLKLDRCNNNNQYVSID
1358,NNNEHIVGYPKDGNAFNNLD
1359,NPPSSLIEGASE
1360,NQYVSIDKFRIFCKALNPKEIEK
1361,NTIYQYLYAQKSPTTLQRIT
1362,NYFPCRDGFGSIMQMAFCPE
1363,NYSLDKIIVDYNLQSKITLP
1364,PALLLMHELIHVLHGLYGMQ
1365,PALNIVKQGYEGNFIGALET
1366,PDKFNAYLANKWVFITI
1367,PERYEFGTKPEDFNPPSSLI
1368,PIPFSYSKNLDCWVDNEEDI
1369,PITINNFRYSDPVNNDTIIM
1370,PKEIEKLYTSYLSITFLRDF
1371,PSSLIEGASEYYDPNYLRTD
1372,PVTKGIPYAPEYKSNAASTTEIH
1373,PWGNPLRYDTEYYLIPVASSSKD
1374,QEIYMQHTYPISAEELFTFG
1375,QKSPTTLQRITMTNSVDDALINS
1376,QMAFCPEYVPTF
1377,RESSRSFLVNQMINEAKKQL
1378,RIFCKALNPKEIEKLYT
1379,RTTPVTKGIPYAPEYKSNAA
1380,RYEKWIEVYKLVKAKWLGTVNTQ
1381,SFSEEPFQDEIVSYNTKNKP
1382,SIGSGWSVSLKGNNLIWTLK
1383,SITFLRDFWGNPLRYDT
1384,SLTDLGGELC
1385,SLTLGGELCIKIKNEDLTFIAEK
1386,SMNHDPVKIPNLLDDTIYND
1387,SRSFLVNQMINEAKKQLLEFDTQ
1388,SSANLYINGVLMGSAEITGL
1389,SSEVIVHKAMDIEYNDM
1390,SSMKKHSLSIGSGWSVSLKG
1391,SSSKDVQLKNITDYMYLTNAPSY
1392,SSTQKEKIIKTIDNFLEKRYEKW
1393,SVDDALINSTKIYSYFPSVISKVNQGAQGIL
1394,SYNTKNKPLNFNYSLDKIPVTKG
1395,SYQMYRSLEYQVDAIKKIID
1396,TDLGGELCIKIK
1397,TDYMYLTNAPSYTNGKLNIY
1398,TITNDRLSSANLYINGV
1399,TIYNDTEGFNIESKDLKSEY
