,0
0,KRSAILRMIL
1,KRSAILKMI
2,LKLVMMFEGKANES
3,NRFQGGKAFGLLK
4,KRLEEINREFL
5,SVALSNRFQGGKAF
6,RLAEINREFL
7,LRMMLGKRSAILK
8,ERLDGINKHF
9,KLIGEVSSGSGETF
10,NGDIDIMSL
11,SQSKDLQGGKAFGLLKAQ
12,EKLGVPKTHLEL
13,ELKKLIGEV
14,QRFFGHGAENS
15,RDMWRAYSNMR
16,FRPAGLPEKY
17,TKEVQSSLKAQQGLE
18,RQIPQNFIADYF
19,YTSRQIPQNF
20,SKPGVIFLTKRSRQVCADPSEEWVQ
21,RRLAEINREF
22,FEGKANESSPKPVGPPPERDIASLP
23,KMISEVTGGV
24,REFLCDQKY
25,TAFKEKYMEF
26,VPKTHLEM
27,DEENLPEKL
28,RMMEKLGVPK
29,GGKAFGLLKAQQEER
30,LDDPKYSSDEDLPSKLEGF
31,EINKQFLDDPKYSSDEDLPS
32,GDIDIMSLKRMLEKLGVPK
33,KMILMYEEKAREKEKPT
34,SSGSGETFSYPDFLRMMLGKRSA
35,RLDEINKQFL
36,EGFKEKYMEFDLNGNGDIDIM
37,EKAREKEKPTGPPA
38,LDEINKQFLDDPKYS
39,AEELFTFGGQDA
40,AFCPEYVPTFDNVIENITSL
41,AFRNVDGSGLVSKLIG
42,AGEALLDKIINA
43,AIREDNNITLKLDRCNNNNQYVS
44,AKKQLLEFDTQSKNILMQYI
45,ALNPKEIEKLYTSYLSI
46,ANSKFIGITELKKLESKINK
47,ASHLEQYGTNEYSIISSMKK
48,CNDPNIDIDSYK
49,DANLISIDIKNDLYEKTL
50,DDFTNESSQKTTIDKISDVSTIV
51,DFNPPSSLIEGA
52,DIIDDFTNESSQKTTIDKIS
53,DINNDIISDISGFNSSVITY
54,DISGFNSSVITYPDAQLVPG
55,DKISDVSTIVPYIGPALNIV
56,DLTFIAEKNSFSEEPFQDEI
57,DNKNYFPCRDGF
58,DPNIDIDSYKQI
59,DPNYLRTDSDKDRFLQTMVKLFNRIKN
60,DPVNNDTIIMME
61,DRCNNNNQYVSIDKFRI
62,DRLSSANLYINGVLMGSAEI
63,DTIIMMEPPYCKGLDIYYKA
64,DTQSKNILMQYIKANSKFIGITELKKLESKI
65,EALLDKIINAIP
66,EEKANKAMININIFMRESSRSFL
67,EIELGKKFNIKT
68,EKIIKTIDNFLEKRYEKWIE
69,ELGKKFNIKTRLSYFSMNHD
70,ELIHVLHGLYGMQVSS
71,ELKKLESKINKVFSTPIPFS
72,EQDPSGATTKSAMLTNLIIFGPGPVLNKNEV
73,ESSQKTTIDKISDVSTIVPY
74,ETTGVVLLLEYIPEITLPVI
75,EYSIESSMKKHSLSIGSGWSVSL
76,FDKDSNGQYIVNEDKFQILY
77,FIAEKNSFSEEPFQDEIVSYNTK
78,FLRDFWGNPLRYDTEYYLIP
79,FNAYLANKWVFITITNDRLS
80,FNLLEQDPSGATTKSAMLTN
81,FNNLDRILRVGYNAPGIPLY
82,FQILYNSIMYGFTEIELGKK
83,FTEIELGKKFNI
84,FVKSGDFIKLYVSYNNNEHIVGY
85,GALETTGVVLLLEYIPEITL
86,GEVRQITFRDLPDKFNAYLANKW
87,GFNSSVITYPDAQLVPGINGKAI
88,GIPLYKKMEAVKLRDLKTYS
89,GLVGTHNGQIGNDPNRDILIASNWYFNHLKDKILGCDWYFVPTDEGWTND
90,GNAFNNLDRILRVGYNA
91,GPDKEQIADEINNLKNKLEEKAN
92,GTNEYSIISSMKKHSLSIGS
93,GYIPEITLPVIAALSIAESSTQK
94,HIVGYPKDGNAFNNLDRILRVGY
95,IANKLSQVTSCNDPNIDIDS
96,IDIDSYKQIYQQKYQFDKDS
97,IDSFVKSGDFIKLYVSYNNN
98,IEYNDMFNNFTVSFWLRVPKVSASHLEQYGT
99,IISDISGFNSSVITYPD
100,IKIKNEDLTFIAEKNSFSEE
101,IKNDLYEKTLNDYKAIANKL
102,ILFLQWVRDIIDDFTNESSQ
103,ILKKSTILNLDINNDII
104,IMQMAFCPEYVP
105,ISAEELFTFGGQ
106,ITGLGAIREDNNITLKLDRC
107,IVDYNLQSKITLPNDRTTPV
108,IVPERYEFGTKP
109,IWIVPERYEFGT
110,IYYKAFKITDRIWIVPERYE
111,KAKWLGTVNTQFQKRSYQMY
112,KAMDIEYNDMFNNFTVSFWLRVP
113,KDSAGEVRQITFRDLPD
114,KEIEKLYTSYLSITFLRDPWGNP
115,KINKVFSTPIPFSYSKNLDC
116,KKIIDYEYKIYSGPDKEQIA
117,KNASLGLVGTHNGQIGNPPNRDI
118,KNITDYMYLTNAPSYTNGKL
119,KNKLEEKANKAMININ
120,KNLDCWVDNEEDIDVILKKSTIL
121,KQLLEFDTQSKNILMQYIKANSKFIGI
122,KSNAASTIEIHNIDDNTIYQ
123,KSTILNLDINNDIISDISGFNSS
124,LANKWVFITITNDRLSSANLYIN
125,LCIKIKNEDLTFIAEKNSFS
126,LCKKIIPPTNIRENLYNRTA
127,LEKRYEKWIEVYKLVKAKWL
128,LEYIPEITLPVIAALSIAES
129,LFTFGGQDANLISIDIKNDL
130,LIPVASSSKDVQLKNITDYM
131,LIWTLKDSAGEVRQITF
132,LKLYDDKNASLGLVGTH
133,LKSEYKGQNMRVNTNAFRNV
134,LKTYSVQLKLYDDKNASLGL
135,LLDKIINAIPYLGNSYSLLD
136,LPNDRTTPVTKG
137,LPVIAALSIAESSTQKEKII
138,LQRITMTNSVDDALINSTKI
139,LRVGYNAPGIPLYKKMEAVKLRD
140,LRYDTEYYLIPVASSSKDVQ
141,LVPGINGKAIHLVNNESSEV
142,LYGMQVSSHEIIPSKQEIYM
143,MEAVKLRDLKTYSVQLK
144,MGSAEITGLGAIREDNNITL
145,MTNSVDDALINSTKIYSYFP
146,NAPSYTNGKLNIYYRRLYNGLKF
147,NDRTTPVTKGIP
148,NEEDIDVILKKSTILNLDIN
149,NGKAIHLVNNESSEVIVHKAMDI
150,NGLKFIIKRYTPNNEIDSFVKSG
151,NIDDNTIYQYLYAQKSPTTL
152,NITSLTIGKSKYFQDPALLL
153,NKNEVRGIVLRVDNKNYFPC
154,NLDINNDIISDISGFNSSVI
155,NLYINGVLMGSAEITGLGAIRED
156,NNDTIIMMEPPY
157,NNITLKLDRCNNNNQYVSID
158,NNNEHIVGYPKDGNAFNNLD
159,NPPSSLIEGASE
160,NQYVSIDKFRIFCKALNPKEIEK
161,NTIYQYLYAQKSPTTLQRIT
162,NYFPCRDGFGSIMQMAFCPE
163,NYSLDKIIVDYNLQSKITLP
164,PALLLMHELIHVLHGLYGMQ
165,PALNIVKQGYEGNFIGALET
166,PDKFNAYLANKWVFITI
167,PERYEFGTKPEDFNPPSSLI
168,PIPFSYSKNLDCWVDNEEDI
169,PITINNFRYSDPVNNDTIIM
170,PKEIEKLYTSYLSITFLRDF
171,PSSLIEGASEYYDPNYLRTD
172,PVTKGIPYAPEYKSNAASTTEIH
173,PWGNPLRYDTEYYLIPVASSSKD
174,QEIYMQHTYPISAEELFTFG
175,QKSPTTLQRITMTNSVDDALINS
176,QMAFCPEYVPTF
177,RESSRSFLVNQMINEAKKQL
178,RIFCKALNPKEIEKLYT
179,RTTPVTKGIPYAPEYKSNAA
180,RYEKWIEVYKLVKAKWLGTVNTQ
181,SFSEEPFQDEIVSYNTKNKP
182,SIGSGWSVSLKGNNLIWTLK
183,SITFLRDFWGNPLRYDT
184,SLTDLGGELC
185,SLTLGGELCIKIKNEDLTFIAEK
186,SMNHDPVKIPNLLDDTIYND
187,SRSFLVNQMINEAKKQLLEFDTQ
188,SSANLYINGVLMGSAEITGL
189,SSEVIVHKAMDIEYNDM
190,SSMKKHSLSIGSGWSVSLKG
191,SSSKDVQLKNITDYMYLTNAPSY
192,SSTQKEKIIKTIDNFLEKRYEKW
193,SVDDALINSTKIYSYFPSVISKVNQGAQGIL
194,SYNTKNKPLNFNYSLDKIPVTKG
195,SYQMYRSLEYQVDAIKKIID
196,TDLGGELCIKIK
197,TDYMYLTNAPSYTNGKLNIY
198,TITNDRLSSANLYINGV
199,TIYNDTEGFNIESKDLKSEY
