,0
0,ELGKKFNIRTRLSYFSMNHD
1,IWILPERYEFGT
2,RNKLEEKANKAMININ
3,PSSLIEGASDYYDPNYLRTD
4,RLAEINREFR
5,KSTILNLDINQDIISDISGFNSS
6,DKISDVSTIVPYIGPGLNIV
7,DDFTNESSQKTTIDKLSDVSTIV
8,HIVGYPKDGNAFNNLDRILRVGF
9,FEGKANESTPKPVGPPPERDIASLP
10,IPKTHLEM
11,GFNSSVITYPDGQLVPGINGKAI
12,LPVIAALTIAESSTQKEKII
13,IKIKNEDLTFVAEKNSFSEE
14,SQSKDLQGGRAFGLLKAQ
15,LPVIAALSIAESTTQKEKII
16,FTEIELGKKFNV
17,TIYNDTEGFNVESKDLKSEY
18,GEVRQITFRDVPDKFNAYLANKW
19,GLVGTHNGQIGNDPNRDVLIASNWYFNHLKDKILGCDWYFVPTDEGWTND
20,IKNELYEKTLNDYKAIANKL
21,NNYVSIDKFRIFCKALNPKEIEK
22,TDYMYVTNAPSYTNGKLNIY
23,SSSKDVQLRNITDYMYLTNAPSY
24,GGKAFGLLKANQEER
25,RYEKWIEVYKLVKAKWLGTVNTN
26,SSTQKEKIIKTIDNYLEKRYEKW
27,NQYVSIDKFRLFCKALNPKEIEK
28,LEYIPEITLPVIAALSVAES
29,MEAVKRRDLKTYSVQLK
30,PALNVVKQGYEGNFIGALET
31,EISGFNSSVITYPDAQLVPG
32,MTNSVDDALVNSTKIYSYFP
33,ETTGVVLLREYIPEITLPVI
34,KKIIDYEFKIYSGPDKEQIA
35,SSSKDVQLKNITDYMYVTNAPSY
36,EKIIKTIDNFLERRYEKWIE
37,LKSEYKGQNMRVNTNAFKNV
38,IEYNDMFNNFTVTFWLRVPKVSASHLEQYGT
39,NAPTYTNGKLNIYYRRLYNGLKF
40,SSGSGETFSFPDFLRMMLGKRSA
41,SSSKDVQLKNISDYMYLTNAPSY
42,SSGSGETFSYPDFLKMMLGKRSA
43,KRSALLRMIL
44,IKNDLYEKTLNDYKAIANRL
45,IDSFVKSGDFIKLYVTYNNN
46,NKNEVRGIVLRVDNKNFFPC
47,DINNDIISDISGFNSTVITY
48,GEVRQISFRDLPDKFNAYLANKW
49,ITGLGAIREDQNITLKLDRC
50,SSANLYINGVLMGSAEISGL
51,ISAEELFTFGGN
52,NNITRKLDRCNNNNQYVSID
53,SYQMYRSLEYQVDAIKKIIE
54,AFRNVDGTGLVSKLIG
55,PALLLMHELIHVRHGLYGMQ
56,LCKKIVPPTNIRENLYNRTA
57,NIDDNTIYQYLYAQKTPTTL
58,DIIDEFTNESSQKTTIDKIS
59,GGKAFGLLKGQQEER
60,DTQSKNILMQYIKANSKFIGITELKKLDSKI
61,IEYNDMFNNYTVSFWLRVPKVSASHLEQYGT
62,RLEEINKQFL
63,KSTILNLDINNDIISDLSGFNSS
64,RNASLGLVGTHNGQIGNPPNRDI
65,RDMWRAYSNMK
66,RYEKWIEVYKLVKGKWLGTVNTQ
67,RRDEINKQFL
68,RYEKWIELYKLVKAKWLGTVNTQ
69,LCKRIIPPTNIRENLYNRTA
70,KAMDVEYNDMFNNFTVSFWLRVP
71,TSEVIVHKAMDIEYNDM
72,ELKKLESKIQKVFSTPIPFS
73,LPVVAALSIAESSTQKEKII
74,NYSLDKIIIDYNLQSKITLP
75,PGLNIVKQGYEGNFIGALET
76,KELEKLYTSYLSITFLRDPWGNP
77,SLDDALINSTKIYSYFPSVISKVNQGAQGIL
78,DDFTNESSQKTTIDKISEVSTIV
79,DRLSSANLYIQGVLMGSAEI
80,LKRYDDKNASLGLVGTH
81,SYNTKNRPLNFNYSLDKIPVTKG
82,KAKWLGTVNTQFQKRSYNMY
83,NEEDIDIILKKSTILNLDIN
84,NIDDNSIYQYLYAQKSPTTL
85,IVDYQLQSKITLPNDRTTPV
86,LEKRYEKWIELYKLVKAKWL
87,PWGNPRRYDTEYYLIPVASSSKD
88,KRLEEINREYL
89,GPDKEQIADELNNLKNKLEEKAN
90,NYFPCRDGFGSIMQMAFCPD
91,SITNDRLSSANLYINGV
92,LKTYSVQLKVYDDKNASLGL
93,GLVGTHNGQIGNDPNRDILIASQWYFNHLKDKILGCDWYFVPTDEGWTND
94,EKLIKTIDNFLEKRYEKWIE
95,KAMDIEYNDMFNNFTLSFWLRVP
96,ERIIKTIDNFLEKRYEKWIE
97,TDLGGELCIKVK
98,EGFKEKYMEFDLNANGDIDIM
99,AFCPEYVPTFDNLIENITSL
100,PITINNFRYSDPVNNDTLIM
101,EIIDDFTNESSQKTTIDKIS
102,EALLDKILNAIP
103,LKLVMMFEGRANES
104,LRVGYNAPGIPLYKKMEAIKLRD
105,FNLLEQDPSAATTKSAMLTN
106,SSSKDVQLKNITDYMYLTQAPSY
107,LLDKIINAIPYLGNSYSLVD
108,LFTFGGNDANLISIDIKNDL
109,LKSEYRGQNMRVNTNAFRNV
110,PKEIEKLYTSYLSITYLRDF
111,FRRDFWGNPLRYDTEYYLIP
112,VPKTHLDM
113,RIFCKALNPKELEKLYT
114,DTQSKNILMQYIKANSKFIGITEVKKLESKI
115,GLVGTHNGQIGNDPNRDIVIASNWYFNHLKDKILGCDWYFVPTDEGWTND
116,LKTYSVQLRLYDDKNASLGL
117,GLVGTHNGQIGNDPNRDILIASNWYFNHLKDKILGCDWYFVPTDEAWTND
118,PALNIVKQGYEGNFIGGLET
119,EINKQFLDDPKYSSDEDRPS
120,NNNEHIVGYPKDGNAYNNLD
121,LANKWVFITITNDRLSTANLYIN
122,SSANRYINGVLMGSAEITGL
123,IWVVPERYEFGT
124,LKYDTEYYLIPVASSSKDVQ
125,AEERFTFGGQDA
126,PSSLIEAASEYYDPNYLRTD
127,KINKVFSTPIPFSYSRNLDC
128,RLAEVNREFL
129,NYFPCRDGFGSIMQMGFCPE
130,NGKAVHLVNNESSEVIVHKAMDI
131,GYIPEITLPIIAALSIAESSTQK
132,PSSLIEGASEYYDPNYLRSD
133,NITSLTIGKSKYYQDPALLL
134,FNAYLANKWVFVTITNDRLS
135,EYSIESSMKKHSLSVGSGWSVSL
136,EARLDKIINAIP
137,GPDKEQIADEINQLKNKLEEKAN
138,GGKAFGLLKAQQDER
139,FNNLDRIRRVGYNAPGIPLY
140,DDFTNDSSQKTTIDKISDVSTIV
141,EALVDKIINAIP
142,GYIPEITLPVIAALSIAESSTQR
143,NLDINNDIISEISGFNSSVI
144,LLPGINGKAIHLVNNESSEV
145,GEVKQITFRDLPDKFNAYLANKW
146,IYYKGFKITDRIWIVPERYE
147,RLAEIQREFL
148,ESSQKTTIDKLSDVSTIVPY
149,SLTDLGAELC
150,RDSSRSFLVNQMINEAKKQL
151,NAPSYTNGKLNVYYRRLYNGLKF
152,GIPLYKKMEGVKLRDLKTYS
153,LRYDTEYYLIPVASTSKDVQ
154,NTIFQYLYAQKSPTTLQRIT
155,DKISDVSSIVPYIGPALNIV
156,RMMDKLGVPK
157,FLRDFWGNPVRYDTEYYLIP
158,IYYKAFKITDRIWILPERYE
159,NNITLKLDRCNNNNNYVSID
160,SRSFLLNQMINEAKKQLLEFDTQ
161,IEFNDMFNNFTVSFWLRVPKVSASHLEQYGT
162,ISADELFTFGGQ
163,SQSKDLQGGKAFGRLKAQ
164,LRIGYNAPGIPLYKKMEAVKLRD
165,ELKRLIGEV
166,NPPSTLIEGASE
167,FNAYLANKWVFISITNDRLS
168,KNITDYMYVTNAPSYTNGKL
169,ITGLGAIREDNNVTLKLDRC
170,PDKFNAYLANKWVFLTI
171,KSTVLNLDINNDIISDISGFNSS
172,IWIVPERFEFGT
173,GEVRQITFKDLPDKFNAYLANKW
174,SMNHDPVKIPQLLDDTIYND
175,KKIIDYDYKIYSGPDKEQIA
176,SSGTGETFSYPDFLRMMLGKRSA
177,NYSLDKIIVDYNLQSKITVP
178,SLTDVGGELC
179,DKLGVPKTHLEL
180,FTEIEVGKKFNI
181,LRYDTEYYLIPVASSSRDVQ
182,VCKKIIPPTNIRENLYNRTA
183,NLYINGVLMGSAEITGLGAIKED
184,EALLDKIIQAIP
185,DLGKKFNIKTRLSYFSMNHD
186,LKTYSVQLKLYEDKNASLGL
187,LEYNDMFNNFTVSFWLRVPKVSASHLEQYGT
188,GLVGTHNGQIGNDPNRDIRIASNWYFNHLKDKILGCDWYFVPTDEGWTND
189,AIRDDNNITLKLDRCNNNNQYVS
190,TKEVQSSLRAQQGLE
191,KSTILNVDINNDIISDISGFNSS
192,SMNHDPVKIPNLLEDTIYND
193,SKPGVIFLTKRSRQVCGDPSEEWVQ
194,GLNPKEIEKLYTSYLSI
195,PKEIEKLFTSYLSITFLRDF
196,LFTFGGQDANLISIDIRNDL
197,KEIEKLYTSYLSITFVRDPWGNP
198,LKLVMMFEGKGNES
199,NLEINNDIISDISGFNSSVI
200,NIEDNTIYQYLYAQKSPTTL
201,AGEAVLDKIINA
202,LIWTRKDSAGEVRQITF
203,FIAEKNSFSEDPFQDEIVSYNTK
204,KSTILNLDINNDIISDISGFNTS
205,IEYNDMFNNFTVSFWLRVPKVSASHLDQYGT
206,KNITDYMYLTNAPSYSNGKL
207,LPVIAALSLAESSTQKEKII
208,HIVGYPKDGQAFNNLDRILRVGY
209,LIPLASSSKDVQLKNITDYM
210,SSMKKHSRSIGSGWSVSLKG
211,GLIGTHNGQIGNDPNRDILIASNWYFNHLKDKILGCDWYFVPTDEGWTND
212,DTQSKNILMQYIKANSKFIGITELKRLESKI
213,FIAEKNSFSEEPFQDEILSYNTK
214,DRCNNNNQYLSIDKFRI
215,RKLAEINREF
216,TAFREKYMEF
217,ELIHVRHGLYGMQVSS
218,IEIDSYKQIYQQKYQFDKDS
219,NRYQGGKAFGLLK
220,LIPVASSSKDLQLKNITDYM
221,VIWTLKDSAGEVRQITF
222,LLDKIINAIPYLGNSFSLLD
223,PALNIIKQGYEGNFIGALET
224,FDGKANESSPKPVGPPPERDIASLP
225,IANKLSQVTTCNDPNIDIDS
226,NKNEVRAIVLRVDNKNYFPC
227,SQSKDLQAGKAFGLLKAQ
228,VDIDSYKQIYQQKYQFDKDS
229,LPVIAALSIAESSTQKEKIV
230,PIPFSYSRNLDCWVDNEEDI
231,IYYKAFKITDRIWVVPERYE
232,DRLSSANVYINGVLMGSAEI
233,GPDKEQIADEINNLKQKLEEKAN
234,LDDPKFSSDEDLPSKLEGF
235,GDIDIMSLKRMLEKLGVPR
236,SYQMYRSREYQVDAIKKIID
237,IEYNDMFNNFTVSFWLRIPKVSASHLEQYGT
238,ITGLGALREDNNITLKLDRC
239,ILYLQWVRDIIDDFTNESSQ
240,DPNYLRTDSDKERFLQTMVKLFNRIKN
241,ELKKLLGEV
242,EQDPSGATTKSAMLTNVIIFGPGPVLNKNEV
243,ETTGVVLLLEYIPEITLPVV
244,SRSFRVNQMINEAKKQLLEFDTQ
245,GTNEYSILSSMKKHSLSIGS
246,DSSQKTTIDKISDVSTIVPY
247,ETTGVVLLLEYIPEITLPLI
248,KQLLEFDTQSRNILMQYIKANSKFIGI
249,DINNDIISDISGFNSSLITY
250,MTNSVDEALINSTKIYSYFP
251,KAMDIEYNEMFNNFTVSFWLRVP
252,SSSKDVQLKNITDYMYLTNGPSY
253,DDFTNESSQKTTIDKVSDVSTIV
254,SSGSGETFSYPDFRRMMLGKRSA
255,DTIIMMEPPYCKGLDIFYKA
256,LLDKIINAIPYVGNSYSLLD
257,ERLDGLNKHF
258,FIAEKNSFSEEPFQDELVSYNTK
259,NYSLDKILVDYNLQSKITLP
260,NAPSYTNGKLNIYFRRLYNGLKF
261,ELKKRESKINKVFSTPIPFS
262,FEGKANESSPKPVGPPPERDLASLP
263,EGFKEKYMDFDLNGNGDIDIM
264,NNDTLIMMEPPY
265,EKLGVPKTHVEL
266,RDEINKQFLDDPKYS
267,NLYLNGVLMGSAEITGLGAIRED
268,KQITDYMYLTNAPSYTNGKL
269,SSGSGDTFSYPDFLRMMLGKRSA
270,ELIHVLHGLYAMQVSS
271,GLVGTHNGQIGNDPNRDILIGSNWYFNHLKDKILGCDWYFVPTDEGWTND
272,KAKWLGTLNTQFQKRSYQMY
273,ASHLEQYGTNEYSIISSMRK
274,DTQSKNILMQYIKGNSKFIGITELKKLESKI
275,DTQSKNILMQYIKANSKFVGITELKKLESKI
276,STSKDVQLKNITDYMYLTNAPSY
277,LKTFSVQLKLYDDKNASLGL
278,EYSVESSMKKHSLSIGSGWSVSL
279,DISGFNSSVITYPDGQLVPG
280,LQRITMTNSVDDALINSTRI
281,DDFTNESSQKTTIDKISDVSTIL
282,FQILYNSIMYGFTEIEVGKK
283,LLDKIINAIPYLGNSYSLLE
284,ILKKSTILNLDINNDIV
285,RESSRSFLVNQMVNEAKKQL
286,NEEDIDVILKKSTILNLEIN
287,AFRNVDGSGLVSKRIG
288,IEYNDMFQNFTVSFWLRVPKVSASHLEQYGT
289,GNAYNNLDRILRVGYNA
290,IKIKNDDLTFIAEKNSFSEE
291,KRLEEVNREFL
292,KRSAIVRMIL
293,RLDEIQKQFL
294,RTTPVTKGIPFAPEYKSNAA
295,RQIPQNFIADFF
296,AFCPEYVPTFDNVIDNITSL
297,REFLCDQRY
298,NNLTLKLDRCNNNNQYVSID
299,DIIDDFSNESSQKTTIDKIS
300,LEKRYEKWIEVYKLVKARWL
301,NLDINNDIISDISGYNSSVI
302,DFNPPSTLIEGA
303,FVRDFWGNPLRYDTEYYLIP
304,LKSEYKAQNMRVNTNAFRNV
305,TDYMYLTNAPSFTNGKLNIY
306,DLTFVAEKNSFSEEPFQDEI
307,QEIYMQHSYPISAEELFTFG
308,ANAFNNLDRILRVGYNA
309,LIWTLKESAGEVRQITF
310,KAKWLGTVNTQFQKRSYQMF
311,HILGYPKDGNAFNNLDRILRVGY
312,PAVLLMHELIHVLHGLYGMQ
313,QEIFMQHTYPISAEELFTFG
314,SSANLYINGVLMGSAEITGV
315,EVKKLIGEV
316,LLDKIVNAIPYLGNSYSLLD
317,LDEINRQFLDDPKYS
318,KSNGASTIEIHNIDDNTIYQ
319,GFNSSVISYPDAQLVPGINGKAI
320,NYSLDKIIVDYNLQSKITRP
321,LLDKIINGIPYLGNSYSLLD
322,LEYIPEITRPVIAALSIAES
323,KMILMYEEKGREKEKPT
324,ELGKKFNIKTKLSYFSMNHD
325,SRSFLVNQMINEARKQLLEFDTQ
326,AFCPEYLPTFDNVIENITSL
327,DAQLISIDIKNDLYEKTL
328,PALLLMHELIHVLHGLYGMN
329,SSTKDVQLKNITDYMYLTNAPSY
330,NGLKFLIKRYTPNNEIDSFVKSG
331,TYNTKNKPLNFNYSLDKIPVTKG
332,DISGFNSSVISYPDAQLVPG
333,SYQMYRSLEYQVEAIKKIID
334,LKTYSVNLKLYDDKNASLGL
335,IEYNDMYNNFTVSFWLRVPKVSASHLEQYGT
336,SYNTKNKPLNFNYSLDKLPVTKG
337,IMQMAFCPEYLP
338,FLKDFWGNPLRYDTEYYLIP
339,PALNIVKQGYEGNFIGALDT
340,SVDDALINSTKIYSYFPSVISRVNQGAQGIL
341,SSANLYINGVVMGSAEITGL
342,GLVGTHNGQIGNDPNRDILIASNWYFNHLKEKILGCDWYFVPTDEGWTND
343,DISAFNSSVITYPDAQLVPG
344,ILFLQWVRDLIDDFTNESSQ
345,ELKKLESKINKVFSTPVPFS
346,LVDYNLQSKITLPNDRTTPV
347,AEELYTFGGQDA
348,RIFCKGLNPKEIEKLYT
349,KYEKWIEVYKLVKAKWLGTVNTQ
350,EVKKLESKINKVFSTPIPFS
351,SSTQKEKIIKTVDNFLEKRYEKW
352,KSTILNLDLNNDIISDISGFNSS
353,DRLSSANRYINGVLMGSAEI
354,IISDISGFNTSVITYPD
355,SLTLGGELCIKIKNEDRTFIAEK
356,GIPLYKKMEAVKLRDLKTYT
357,PLPFSYSKNLDCWVDNEEDI
358,CNDPNIDIDSYR
359,NDRTTPVTKGLP
360,DRCNNQNQYVSIDKFRI
361,LQRITMTNSVDDALVNSTKI
362,AIREDNNITRKLDRCNNNNQYVS
363,NLDINNDIISDISGFNTSVI
364,SIGSGWSVSLKGQNLIWTLK
365,SYQTKNKPLNFNYSLDKIPVTKG
366,PVTRGIPYAPEYKSNAASTTEIH
367,QPPSSLIEGASE
368,NGPSYTNGKLNIYYRRLYNGLKF
369,DRCNNNNQFVSIDKFRI
370,SLTLGGELCIKIKNEDVTFIAEK
371,YTSRNIPQNF
372,SKPGVIYLTKRSRQVCADPSEEWVQ
373,GAVETTGVVLLLEYIPEITL
374,DNRNYFPCRDGF
375,FIADKNSFSEEPFQDEIVSYNTK
376,IKIKQEDLTFIAEKNSFSEE
377,QRFYGHGAENS
378,EKIIKTIDNFLDKRYEKWIE
379,RMMEKLAVPK
380,SKSFLVNQMINEAKKQLLEFDTQ
381,SSEVIVHKAMDLEYNDM
382,PERYEFGTKPEEFNPPSSLI
383,FDKDSNGQYILNEDKFQILY
384,KRLEEINKEFL
385,AIREENNITLKLDRCNNNNQYVS
386,LKSEYKGQNMRVNSNAFRNV
387,DTQSKNILMQYIKANSKFIGITELRKLESKI
388,PDKYNAYLANKWVFITI
389,LIWSLKDSAGEVRQITF
390,SSMKKHSLSLGSGWSVSLKG
391,FLRDFWGNPLRYDTEYYVIP
392,IDIESYKQIYQQKYQFDKDS
393,ISAEDLFTFGGQ
394,NNDTVIMMEPPY
395,DVSGFNSSVITYPDAQLVPG
396,PALVLMHELIHVLHGLYGMQ
397,IMQMGFCPEYVP
398,DKISDVSTLVPYIGPALNIV
399,KSNAASTIEIHNVDDNTIYQ
400,ADELFTFGGQDA
401,QTIYQYLYAQKSPTTLQRIT
402,FNNLDRILRVGYNAPGVPLY
403,LDEPKYSSDEDLPSKLEGF
404,FVKSGDFIKLYVSYNNNEHIIGY
405,SKPGVIFLTKRSRQVCADPSEDWVQ
406,NDRSTPVTKGIP
407,NDRTTPVTKAIP
408,FQILYNSIMYGFTDIELGKK
409,IVDYNLNSKITLPNDRTTPV
410,EEKANKAMININIFMRESSRTFL
411,IWIVPERYEFGS
412,NKNEVRGIVLRIDNKNYFPC
413,PKEIEKLYTSYLSITFVRDF
414,KNKVEEKANKAMININ
415,KNASLGVVGTHNGQIGNPPNRDI
416,ITGLGAVREDNNITLKLDRC
417,NEEDLDVILKKSTILNLDIN
418,ENKNYFPCRDGF
419,SSEVIVHKAMEIEYNDM
420,SIGSGWSVSLKGNNLLWTLK
421,DTQSKNILMQYIKANSKFIGITDLKKLESKI
422,AYIPEITLPVIAALSIAESSTQK
423,YTSRQIPNNF
424,LEYIPEITLPVIAALTIAES
425,DPNYLRTDSDKDRFRQTMVKLFNRIKN
426,PVTKGIPYAPEYKSNAASTTEVH
427,FLRDFWANPLRYDTEYYLIP
428,ETTAVVLLLEYIPEITLPVI
429,KDSAGDVRQITFRDLPD
430,LVPGINGKAIHLVNNDSSEV
431,DKCNNNNQYVSIDKFRI
432,DTQSKNILMQYIKANSKFIGITELKKLESKL
433,LKLYDDRNASLGLVGTH
434,MEAVKLKDLKTYSVQLK
435,RDMWKAYSNMR
436,NYYPCRDGFGSIMQMAFCPE
437,LLDKLINAIPYLGNSYSLLD
438,KNITEYMYLTNAPSYTNGKL
439,SDYMYLTNAPSYTNGKLNIY
440,NTIYQFLYAQKSPTTLQRIT
441,SKPGVIFVTKRSRQVCADPSEEWVQ
442,DRLDGINKHF
443,TIYNDTEGYNIESKDLKSEY
444,GYIPEITLPVIAAVSIAESSTQK
445,FVKSGDFLKLYVSYNNNEHIVGY
446,GTNEYSIISSMKKHSLSVGS
447,NEEDIDVILKKSTILQLDIN
448,SSEVIVHKAMDVEYNDM
449,SLTLGGELCIKIKNEELTFIAEK
450,GFIPEITLPVIAALSIAESSTQK
451,NGLKFIIKRYTPNNEIDSFVRSG
452,EEKANKAMININIFMRESTRSFL
453,LRVGYNAPGIPLYKKMEAVKLRE
454,TITNDRRSSANLYINGV
455,SITFRRDFWGNPLRYDT
456,PITINNFRYTDPVNNDTIIM
457,EQDPSGATTKSAMLTNLIIFGPGPVVNKNEV
458,ELTFIAEKNSFSEEPFQDEI
459,DTIIMMEPPYCKGLDIYFKA
460,ANTKFIGITELKKLESKINK
461,PWGNPLRYDTEYFLIPVASSSKD
462,LCKKIIPPTNVRENLYNRTA
463,IVKKSTILNLDINNDII
464,GIPLYKKMEAVKLRDLKSYS
465,NEDDIDVILKKSTILNLDIN
466,KEIEKLYTSYLSITFLRDPWGQP
467,SKPGVIFLSKRSRQVCADPSEEWVQ
468,GIPLYRKMEAVKLRDLKTYS
469,LANKWVFITITNDRLSSAQLYIN
470,LRMMLGKRSALLK
471,RINKVFSTPIPFSYSKNLDC
472,FNILYNSIMYGFTEIELGKK
473,DPNYLRTDSDKDRFLQTMVKLFNRIRN
474,IISDISGYNSSVITYPD
475,ELKKLDSKINKVFSTPIPFS
476,NNNEHVVGYPKDGNAFNNLD
477,MGTAEITGLGAIREDNNITL
478,IGNKLSQVTSCNDPNIDIDS
479,QKTPTTLQRITMTNSVDDALINS
480,ANSKFIGITELKKLESKVNK
481,FNAYLANKWVFLTITNDRLS
482,IDSFVKSGDFIKLFVSYNNN
483,SIGSGWSVSRKGNNLIWTLK
484,EYSIESSMKRHSLSIGSGWSVSL
485,IKIKNEDLTFIAEKNSFSED
486,LVPGINGKAIHLVNNETSEV
487,LIPVASSTKDVQLKNITDYM
488,DTIIMMEPPYCKGVDIYYKA
489,SYNTKNKPVNFNYSLDKIPVTKG
490,KMLSEVTGGV
491,GFNSSVITYPDAQVVPGINGKAI
492,GLVGTHNGQIGNDPNRDLLIASNWYFNHLKDKILGCDWYFVPTDEGWTND
493,SVAVSNRFQGGKAF
494,NNITVKLDRCNNNNQYVSID
495,RESSRSFLVNQMINDAKKQL
496,GFNTSVITYPDAQLVPGINGKAI
497,PALNIVKQGYEGNFLGALET
498,VKLVMMFEGKANES
499,EIELGKKFNLKT
500,NKNEVRGIVLRVDNRNYFPC
501,PITINNFRYSEPVNNDTIIM
502,LANKWLFITITNDRLSSANLYIN
503,KIQKVFSTPIPFSYSKNLDC
504,DKISDVSTIVPYIGPARNIV
505,GTNEYSIISTMKKHSLSIGS
506,GNAFNNLDRILRVGFNA
507,ESSQKTTVDKISDVSTIVPY
508,EKIIKTIDNFLEKRYEKWLE
509,LANKWIFITITNDRLSSANLYIN
510,AKKQVLEFDTQSKNILMQYI
511,DPVNQDTIIMME
512,DTIIMMEPPYCKGLDVYYKA
513,IYYKAFKITDRVWIVPERYE
514,KQLLDFDTQSKNILMQYIKANSKFIGI
515,SVALSNRFQGGKAY
516,LKLVMMFDGKANES
517,RSTILNLDINNDIISDISGFNSS
518,NALKFIIKRYTPNNEIDSFVKSG
519,EKLGVPKTHLDL
520,PALLLMHERIHVLHGLYGMQ
521,REMWRAYSNMR
522,GFNSSVITYPDAQLVPGINGKAV
523,GYIPEITLPVIAALSIAESSSQK
524,GALETTGVVLLVEYIPEITL
525,NNNEHIVAYPKDGNAFNNLD
526,IDIDSYKQIYQQRYQFDKDS
527,NNITLKVDRCNNNNQYVSID
528,RMISEVTGGV
529,TDYMYLTQAPSYTNGKLNIY
530,GGKAFGLLKAQQEDR
531,KNASLGLVGTHNGQLGNPPNRDI
532,NLDINNDIITDISGFNSSVI
533,DISGFNSSVVTYPDAQLVPG
534,NTIYQYLYAQKTPTTLQRIT
535,LDEVNKQFLDDPKYS
536,GLVGTHNGQIGQDPNRDILIASNWYFNHLKDKILGCDWYFVPTDEGWTND
537,AKKQLLEFDTQSKNILMQFI
538,ALNPKDIEKLYTSYLSI
539,TITNDRVSSANLYINGV
540,DINNDVISDISGFNSSVITY
541,AGKAFGLLKAQQEER
542,LQRITMTNSLDDALINSTKI
543,IKNDLYEKTLQDYKAIANKL
544,DPNIDIDTYKQI
545,NEEDIDVILKKSSILNLDIN
546,RYEKWIDVYKLVKAKWLGTVNTQ
547,PWGNPLRYDTEYYLIPVASSSRD
548,SFSEEPFQDEIVTYNTKNKP
549,IRNDLYEKTLNDYKAIANKL
550,LVPERYEFGTKP
551,LRVGYNAPGIPLYKKMEAVKRRD
552,GNAFNNLDRILRLGYNA
553,ETTGVVLRLEYIPEITLPVI
554,SLTLGGELCIKIKNEDLTFLAEK
555,ETTGVILLLEYIPEITLPVI
556,TAFKEKFMEF
557,DTQSKNIVMQYIKANSKFIGITELKKLESKI
558,RLDELNKQFL
559,DGNLISIDIKNDLYEKTL
560,IKNDLYEKTVNDYKAIANKL
561,FDKDSNGNYIVNEDKFQILY
562,SQTKDLQGGKAFGLLKAQ
563,FTEIELGKKFQI
564,KAMDIEYNDMFNNFTVSFWLKVP
565,SSSQKEKIIKTIDNFLEKRYEKW
566,IDIDSYKQIYQQKYQYDKDS
567,DVIDDFTNESSQKTTIDKIS
568,GLVGTHNGQIGNDPNRDILIASNWYYNHLKDKILGCDWYFVPTDEGWTND
569,NITSLTIGKSKFFQDPALLL
570,AEELFTFGGQDG
571,DIIDDFTNESSNKTTIDKIS
572,RESSRTFLVNQMINEAKKQL
573,MTNSLDDALINSTKIYSYFP
574,LEYIPEITLPVVAALSIAES
575,KQKLEEKANKAMININ
576,SVDDALINSTKIYSFFPSVISKVNQGAQGIL
577,AKKQLLDFDTQSKNILMQYI
578,GALETTGVVLLLEFIPEITL
579,RANKWVFITITNDRLSSANLYIN
580,LVPGINGKAIHLVNNESSEI
581,SFNTKNKPLNFNYSLDKIPVTKG
582,KESAGEVRQITFRDLPD
583,LKSEYKGQNMRLNTNAFRNV
584,CNDPNIDIDTYK
585,ETTGVVLLLEYIPEITLPVL
586,QKSPTTVQRITMTNSVDDALINS
587,AFRNVDGSGLVSKLIA
588,GLLGTHNGQIGNDPNRDILIASNWYFNHLKDKILGCDWYFVPTDEGWTND
589,EEKANKAMLNINIFMRESSRSFL
590,FNNLERILRVGYNAPGIPLY
591,LPVIAALSIAESSTQKEKLI
592,NAPSYTQGKLNIYYRRLYNGLKF
593,SKPGVIFLTKRSRQVCADPSEEWVN
594,AGEALLEKIINA
595,FQILYNSIMFGFTEIELGKK
596,LRLGYNAPGIPLYKKMEAVKLRD
597,IYYKAFKLTDRIWIVPERYE
598,IKNDLYEKTLNDFKAIANKL
599,FNLREQDPSGATTKSAMLTN
600,KLIGEVSSGSGDTF
601,SVDDALINSTKVYSYFPSVISKVNQGAQGIL
602,KSTILNLDINNDIISDITGFNSS
603,LRMMVGKRSAILK
604,IDIDTYKQIYQQKYQFDKDS
605,LFTFGGQDANLITIDIKNDL
606,NGLKFIIKRYSPNNEIDSFVKSG
607,FTSRQIPQNF
608,SSANLYINGVLMGSAEVTGL
609,KMIRMYEEKAREKEKPT
610,IDIDSYKQIYQQKYNFDKDS
611,GFNSSVITYPDAQLVPGINGRAI
612,GALETTGVVRLLEYIPEITL
613,DANLISIDIKNELYEKTL
614,NNITLKRDRCNNNNQYVSID
615,PTSLIEGASEYYDPNYLRTD
616,KNKLEDKANKAMININ
617,LQRITMTNSVDDARINSTKI
618,PKEIEKLYTSYLSITFLKDF
619,DTQSKNILMQYIKANSRFIGITELKKLESKI
620,NISSLTIGKSKYFQDPALLL
621,ETTGVVLLLEYIPEITLPII
622,LEKRYEKWIEIYKLVKAKWL
623,DRCNNNNNYVSIDKFRI
624,GYIPDITLPVIAALSIAESSTQK
625,PKEIEKLYTSYLSITFLRDY
626,KSNAASTIEVHNIDDNTIYQ
627,GYVPEITLPVIAALSIAESSTQK
628,ILFVQWVRDIIDDFTNESSQ
629,RTTPVTKGIPYAPEYKSNAG
630,LAQKWVFITITNDRLSSANLYIN
631,ANSKFIGISELKKLESKINK
632,KQLREFDTQSKNILMQYIKANSKFIGI
633,SVDDALINSTKIYSYFPSLISKVNQGAQGIL
634,NTIYQYLYAQRSPTTLQRIT
635,LQRISMTNSVDDALINSTKI
636,KQLLEFDSQSKNILMQYIKANSKFIGI
637,TITFLRDFWGNPLRYDT
638,LVPGINGKAIHLVQNESSEV
639,DDFSNESSQKTTIDKISDVSTIV
640,RESSKSFLVNQMINEAKKQL
641,QRSPTTLQRITMTNSVDDALINS
642,KSTLLNLDINNDIISDISGFNSS
643,FNAYLANKWVFITITNERLS
644,SVDDAVINSTKIYSYFPSVISKVNQGAQGIL
645,PERYEFGTKPEDFNPPSSLV
646,IISDISGFQSSVITYPD
647,LIPVASSSKDIQLKNITDYM
648,RIFCKARNPKEIEKLYT
649,KNASLGRVGTHNGQIGNPPNRDI
650,QLDINNDIISDISGFNSSVI
651,FLKSGDFIKLYVSYNNNEHIVGY
652,QKSPTTLQKITMTNSVDDALINS
653,NTIYQYLYANKSPTTLQRIT
654,LKLVMMFEGKAQES
655,FNAFLANKWVFITITNDRLS
656,DIIDDFTNESSQKTTVDKIS
657,PKEIEKRYTSYLSITFLRDF
658,SSGSGETFSYPDFLRMMVGKRSA
659,SQSKDLQGGKAFGLRKAQ
660,DTQSKNILMQYIKANSKFIGITELKKLESRI
661,EEKAQKAMININIFMRESSRSFL
662,GEVRQITFRDLPDRFNAYLANKW
663,EKLAVPKTHLEL
664,NQYVSIDKFRIFCKGLNPKEIEK
665,ASHVEQYGTNEYSIISSMKK
666,NRNEVRGIVLRVDNKNYFPC
667,DPNYLRTDSEKDRFLQTMVKLFNRIKN
668,DTQSKNVLMQYIKANSKFIGITELKKLESKI
669,LKVVMMFEGKANES
670,KNITDYMYLTNAPSYTNAKL
671,FQILYNSIMYGFTEIELAKK
672,FNNLDRILRVGYNAPGIPLF
673,VYYKAFKITDRIWIVPERYE
674,LEYIPEITLPVIGALSIAES
675,PSSRIEGASEYYDPNYLRTD
676,RTTPLTKGIPYAPEYKSNAA
677,DDFTNESSQKTTIDRISDVSTIV
678,LIPGINGKAIHLVNNESSEV
679,ESSQKTTIDKISDVSSIVPY
680,IEYNDMFNNFTVSFWLRVPKVSASHREQYGT
681,PDKFNGYLANKWVFITI
682,GDIDVMSLKRMLEKLGVPK
683,AFCPEYVPTFENVIENITSL
684,SSMKKHSLSIGTGWSVSLKG
685,RYEKWIEVYKLVRAKWLGTVNTQ
686,FDKDSNGQYVVNEDKFQILY
687,MSNSVDDALINSTKIYSYFP
688,PALNIVKQGYEGNYIGALET
689,EINKQFLDDPKYSSDEELPS
690,IVPERYEYGTKP
691,IANKLSQVTSCNDPNLDIDS
692,ELGKKFNIKTRLSYYSMNHD
693,FIAEKNSFSEEPFQDEIVSYQTK
694,PKEIEKLYTSYLTITFLRDF
695,KQLLEFDTQTKNILMQYIKANSKFIGI
696,QEIYMQHTFPISAEELFTFG
697,IDIDSFKQIYQQKYQFDKDS
698,KRLEEINREFV
699,NGKAIHLVNNESSEVLVHKAMDI
700,PERYEYGTKPEDFNPPSSLI
701,PIPFSYSKNLDCWVDNEEDL
702,PIPFTYSKNLDCWVDNEEDI
703,FNNLDRILRVGYNAPAIPLY
704,ADIDIMSLKRMLEKLGVPK
705,ETQSKNILMQYIKANSKFIGITELKKLESKI
706,LQRITMTNSVDDGLINSTKI
707,ENDPSGATTKSAMLTNLIIFGPGPVLNKNEV
708,FNAYLANKWVFITITNDKLS
709,SSTQKDKIIKTIDNFLEKRYEKW
710,PALLLMHELIHVLHGVYGMQ
711,DKISDVSTIVPYIGPALNIL
712,KNASLGLIGTHNGQIGNPPNRDI
713,LVPGINAKAIHLVNNESSEV
714,FLREFWGNPLRYDTEYYLIP
715,FNAYLANKWVFITITNDRLT
716,SFSEDPFQDEIVSYNTKNKP
717,NNNEHIVGYPKDGNAFNNLE
718,AFRNVEGSGLVSKLIG
719,RLDEINKQFV
720,EVNKQFLDDPKYSSDEDLPS
721,LLDKIINALPYLGNSYSLLD
722,NGDVDIMSL
723,EGFKEKYMEYDLNGNGDIDIM
724,KSNAASTIEIHNLDDNTIYQ
725,DRRSSANLYINGVLMGSAEI
726,SVDDALINSTKIYSYYPSVISKVNQGAQGIL
727,SSGSGETFSYPDYLRMMLGKRSA
728,LEKRYEKWIEVYRLVKAKWL
729,PSSLIEGASEYYEPNYLRTD
730,LQRITMTNSVDDAVINSTKI
731,GPDKEQIADEINNRKNKLEEKAN
732,LCRKIIPPTNIRENLYNRTA
733,KNRDCWVDNEEDIDVILKKSTIL
734,KKIIDYEYKIYSGPDKEQVA
735,LKTYSVQLKLYDDKNASLGV
736,NQYVSIDKFRIFCKALNPKELEK
737,KNKLEEKANKAMINVN
738,PIPFSYSKNRDCWVDNEEDI
739,NGDIDIMTL
740,LCKKVIPPTNIRENLYNRTA
741,LRVGYNAPGIPLFKKMEAVKLRD
742,NYFPCRDGFGSVMQMAFCPE
743,EKLDGINKHF
744,TKPGVIFLTKRSRQVCADPSEEWVQ
745,ASHLDQYGTNEYSIISSMKK
746,RLFCKALNPKEIEKLYT
747,NIDDNTIYQYLYANKSPTTL
748,PITINNFRYSDPVNQDTIIM
749,FNAYLANKWIFITITNDRLS
750,DTQSKNILMQYIKANSKFIGITERKKLESKI
751,NGDIDIMSV
752,YNNLDRILRVGYNAPGIPLY
753,ALNPKEIEKLYTSYLTI
754,SSEIIVHKAMDIEYNDM
755,RPVIAALSIAESSTQKEKII
756,RQIPQNYIADYF
757,LPVIAALSIAESSTQKERII
758,LKTYSVQRKLYDDKNASLGL
759,IEYNDMFNNFTVSFWLRVPKVSASHLEQYAT
760,PVTKGIPYAPEYKSNAASTTDIH
761,KRREEINREFL
762,DANLISLDIKNDLYEKTL
763,IDSFLKSGDFIKLYVSYNNN
764,DDFTNESSQKTTIDKISDLSTIV
765,KQLLEFDTQSKNILMQYIKANSRFIGI
766,DPNYLRTDSDKDRFLQTMVKVFNRIKN
767,FNNLDRILRVGFNAPGIPLY
768,NITSLTIGKSRYFQDPALLL
769,RRLAEIQREF
770,NRFNGGKAFGLLK
771,FQILFNSIMYGFTEIELGKK
772,AKKQLLEFDTQSKNLLMQYI
773,FNLLEQDPSGGTTKSAMLTN
774,RLADINREFL
775,NIDDNTIYQYLYAQKSPTTV
776,FNNRDRILRVGYNAPGIPLY
777,NQYVSIDKFRIYCKALNPKEIEK
778,LKSEYKGQNMRVNTNAFRNI
779,SIGSGWSVSLKGNNLIWTRK
780,RRYDTEYYLIPVASSSKDVQ
781,GLVGTHNGQIGNDPNRDILIATNWYFNHLKDKILGCDWYFVPTDEGWTND
782,NNITLKLDRCNNNNQYVTID
783,LKVGYNAPGIPLYKKMEAVKLRD
784,QMAFCPEYVPSF
785,NGLKFIIKRYTPNNEIESFVKSG
786,EYSIESSMKKHTLSIGSGWSVSL
787,EALLDKIINALP
788,NNNEHIVGYPKDGQAFNNLD
789,PVTKGVPYAPEYKSNAASTTEIH
790,NAPSYTNGKLNIYYRRRYNGLKF
791,IVPEKYEFGTKP
792,PWGNPLRYDSEYYLIPVASSSKD
793,PIPFSYSKNLDCWLDNEEDI
794,DDFTNESSQKTTIDKISDISTIV
795,DNKNYYPCRDGF
796,RTTPVTKGIPYAPEYKTNAA
797,ESSQKTSIDKISDVSTIVPY
798,DVTFIAEKNSFSEEPFQDEI
799,EEKANKAMININIFMRESSKSFL
800,LKTYSVQVKLYDDKNASLGL
801,EALLDKVINAIP
802,PALLLMHEVIHVLHGLYGMQ
803,RQIPQNFIAEYF
804,YTSKQIPQNF
805,YTSRQIPQQF
806,TIYNDTEGFNIESKDLKTEY
807,KEFLCDQKY
808,FLRDYWGNPLRYDTEYYLIP
809,GYIPEITLPVIAALSIGESSTQK
810,EGFKEKYMEFDLQGNGDIDIM
811,FQVLYNSIMYGFTEIELGKK
812,KNASLGLVATHNGQIGNPPNRDI
813,FQILYNSIMYAFTEIELGKK
814,ELIHVLHGRYGMQVSS
815,SSMKKHSLSIGSGWSLSLKG
816,KINKVFSTPIPFTYSKNLDC
817,PIPFSYSKNLDCWVDNDEDI
818,PIPFSYTKNLDCWVDNEEDI
819,GNAFNNLDRILKVGYNA
820,LQRITMTNSVDDALINSTKL
821,RNITDYMYLTNAPSYTNGKL
822,PSTLIEGASEYYDPNYLRTD
823,IKNDLYEKTLNDYKAIAQKL
824,ITGLGAIREDNNITVKLDRC
825,LANKWVFVTITNDRLSSANLYIN
826,RQLLEFDTQSKNILMQYIKANSKFIGI
827,QMAFCPDYVPTF
828,ALNPKEIEKLYSSYLSI
829,GYLPEITLPVIAALSIAESSTQK
830,SYNTKNKPLNFNYSLDKIPLTKG
831,LIPVASSSKDVQVKNITDYM
832,NYSLDRIIVDYNLQSKITLP
833,LKLYDDKNASRGLVGTH
834,TITNDRLSSAQLYINGV
835,KNASLGLVGTHNGQIGNPPNREI
836,NNNEHIVGYPKDGNAFNNRD
837,ILKKSTILNLDINNEII
838,PVSKGIPYAPEYKSNAASTTEIH
839,NNITLKLDRCNNNNQFVSID
840,AIREDNNITLKLDRCNNNNQYIS
841,ELGRKFNIKTRLSYFSMNHD
842,DTIIMMEPPYCKGLDIYYRA
843,NVDINNDIISDISGFNSSVI
844,LRVGYNAPAIPLYKKMEAVKLRD
845,LKSEYKGQNMRVNTNGFRNV
846,EIELGKKFQIKT
847,IKIRNEDLTFIAEKNSFSEE
848,PVTKGIPYAPEYKSNAASSTEIH
849,DEDNLPEKL
850,ERKKLIGEV
851,KQLVEFDTQSKNILMQYIKANSKFIGI
852,FNGYLANKWVFITITNDRLS
853,LKTYSVQLKLFDDKNASLGL
854,KNLDCWVDNEEDIDVILKKTTIL
855,KSNAATTIEIHNIDDNTIYQ
856,IANKVSQVTSCNDPNIDIDS
857,ETTGVVLLLEYIPELTLPVI
858,ITGLGAIREDNNITLKLERC
859,EINKQFLDDPKYTSDEDLPS
860,REFLCDNKY
861,IAQKLSQVTSCNDPNIDIDS
862,SYNTKNKPLNFNYSLDRIPVTKG
863,EQDPSGATTKSAMLTNLIIFGPAPVLNKNEV
864,IISDISGFNSSVISYPD
865,IISDISGFNSTVITYPD
866,KRSAVLKMI
867,QRFFGHGAENT
868,IKLKNEDLTFIAEKNSFSEE
869,SRSFLVNQMINEAKKQVLEFDTQ
870,IVDYNLQSKITLPNERTTPV
871,LFTFGGQDANVISIDIKNDL
872,SYNTKNKPLNFQYSLDKIPVTKG
873,KVIGEVSSGSGETF
874,SSSKDVQRKNITDYMYLTNAPSY
875,GFNSSVITYPDAQLVPGVNGKAI
876,GGEALLDKIINA
877,QRYFGHGAENS
878,GNAFNNLDRVLRVGYNA
879,ELGKKFNIKTRLTYFSMNHD
880,MTNSVDDALINSTKLYSYFP
881,TFSEEPFQDEIVSYNTKNKP
882,EEKANRAMININIFMRESSRSFL
883,SYNSKNKPLNFNYSLDKIPVTKG
884,PITINNFRYSDPVQNDTIIM
885,FNAYLGNKWVFITITNDRLS
886,PALNIVKQGYEGQFIGALET
887,SSMKKHSLSIGSGWSVSRKG
888,DINNDIISDISGFQSSVITY
889,AFCPEYVPTFDNVLENITSL
890,GDIDIMSLKRMREKLGVPK
891,DPNIDIDSYKNI
892,PIPFSYSKNLDCWVENEEDI
893,PDKFNAYLANKWVFITV
894,SVALSNKFQGGKAF
895,RMMEKLGIPK
896,EYSIESSMKKHSLSIGSGWSVSR
897,SYQMYRSLEYQIDAIKKIID
898,LCIKIKNEDLTFIADKNSFS
899,ITGLGAIREENNITLKLDRC
900,NRDINNDIISDISGFNSSVI
901,KEIEKLYTSYLSITFLKDPWGNP
902,KRLAEINREF
903,IKNDLYERTLNDYKAIANKL
904,DKLSDVSTIVPYIGPALNIV
905,SSGNLYINGVLMGSAEITGL
906,EQDPSGATSKSAMLTNLIIFGPGPVLNKNEV
907,FNAYLANKWLFITITNDRLS
908,DTIIMMEPPFCKGLDIYYKA
909,NGRAIHLVNNESSEVIVHKAMDI
910,CNDPNIEIDSYK
911,GYIPEITLPVIAALSIADSSTQK
912,SKPGVIFLTKKSRQVCADPSEEWVQ
913,DRLSSANLYINGVLMGTAEI
914,ITAEELFTFGGQ
915,LIPVASTSKDVQLKNITDYM
916,FQNLDRILRVGYNAPGIPLY
917,DTLIMMEPPYCKGLDIYYKA
918,EQDPSGATTKSGMLTNLIIFGPGPVLNKNEV
919,SYNTKNKPLNFNYSRDKIPVTKG
920,IYYKAFKITDRLWIVPERYE
921,GFNSSVITYPEAQLVPGINGKAI
922,AIREDNNITLKLDRCNNQNQYVS
923,GLVGTHNGQIGNDPNRDILIASNWYFNHLKDKILGCDWYFVPTDEGWSND
924,SIGSGWSVSLKGNNLIWTLR
925,LDKRYEKWIEVYKLVKAKWL
926,NAPSYTNGKLNIFYRRLYNGLKF
927,RYEKWVEVYKLVKAKWLGTVNTQ
928,DTTGVVLLLEYIPEITLPVI
929,LDEINKQFLDDPKYT
930,GPDKEQVADEINNLKNKLEEKAN
931,NEIYMQHTYPISAEELFTFG
932,NITSLTIGKSKYFQDPALVL
933,SRSFVVNQMINEAKKQLLEFDTQ
934,KSTILNLDINNDIISDVSGFNSS
935,YIAEKNSFSEEPFQDEIVSYNTK
936,KRSAILRMIR
937,IKIKNEDLTFIAERNSFSEE
938,LPLIAALSIAESSTQKEKII
939,DKISDVSTIVPYIGPALQIV
940,EKLGLPKTHLEL
941,NLDDNTIYQYLYAQKSPTTL
942,ELGKKFNIKTRLSYFSMNHE
943,LRVGYNAPGIPLYKKMEAVRLRD
944,RLAEINREYL
945,LDDPKYTSDEDLPSKLEGF
946,IYYKAFKITDKIWIVPERYE
947,RRLAELNREF
948,RIFCKALNPKEIDKLYT
949,KAMDIEYNDMFNNFTVSFWRRVP
950,NYFPCRDGFGTIMQMAFCPE
951,KMVSEVTGGV
952,EKIIKTIDQFLEKRYEKWIE
953,LFTFGGQDGNLISIDIKNDL
954,FLRDFWGNPLRYDTDYYLIP
955,DRCNNNNQYISIDKFRI
956,DLTFIAEKNTFSEEPFQDEI
957,PLTKGIPYAPEYKSNAASTTEIH
958,DDYTNESSQKTTIDKISDVSTIV
959,DLTFLAEKNSFSEEPFQDEI
960,SRSFLVNQMINEAKKQLLEFDTN
961,EQDPSGATTKSAMVTNLIIFGPGPVLNKNEV
962,ELKKLESKINKLFSTPIPFS
963,VVPGINGKAIHLVNNESSEV
964,PVTKGIPYAPEYKSQAASTTEIH
965,DRCNNNNQYVSIDKFRV
966,GLVGTHNGQIGNDPNRDILIASNWYFNHLKDKILGCDWYFVPTEEGWTND
967,FTEIERGKKFNI
968,IEYNDMFNNFTVSFWLRVPKVSASHLENYGT
969,EKIVKTIDNFLEKRYEKWIE
970,LVPGINGKAVHLVNNESSEV
971,QEIYMQHTYPLSAEELFTFG
972,SKPGLIFLTKRSRQVCADPSEEWVQ
973,SSSKDVQLKNITDYMYLTNAPTY
974,TSMKKHSLSIGSGWSVSLKG
975,ILKKSTILNLDINNDVI
976,RLDKIINAIPYLGNSYSLLD
977,LEKRYEKWIEVYKVVKAKWL
978,QKSPTTLQRITMTNSVEDALINS
979,GTNEYSLISSMKKHSLSIGS
980,LIPVASSSKDVQLRNITDYM
981,LLDKIINAIPYLANSYSLLD
982,IEYNDMFNNFTVSFWLRVPKISASHLEQYGT
983,EKIIKTIDNFLEKRFEKWIE
984,TRSFLVNQMINEAKKQLLEFDTQ
985,KLIGEVTSGSGETF
986,FDKDSNGQYLVNEDKFQILY
987,DNKQYFPCRDGF
988,QGDIDIMSL
989,NITSLTLGKSKYFQDPALLL
990,LYTFGGQDANLISIDIKNDL
991,QKNEVRGIVLRVDNKNYFPC
992,KKIIEYEYKIYSGPDKEQIA
993,PEKFNAYLANKWVFITI
994,LYGMQVSSHELIPSKQEIYM
995,GDIDIMSLKRMLEKLGIPK
996,SMNHDPVKIPNLLDDTVYND
997,RLDEINRQFL
998,NLDINNDIISDISGFNSSVL
999,LKTYSVQLKLYDDKQASLGL
1000,KRSAILRMIL
1001,KRSAILKMI
1002,LKLVMMFEGKANES
1003,NRFQGGKAFGLLK
1004,KRLEEINREFL
1005,SVALSNRFQGGKAF
1006,RLAEINREFL
1007,LRMMLGKRSAILK
1008,ERLDGINKHF
1009,KLIGEVSSGSGETF
1010,NGDIDIMSL
1011,SQSKDLQGGKAFGLLKAQ
1012,EKLGVPKTHLEL
1013,ELKKLIGEV
1014,QRFFGHGAENS
1015,RDMWRAYSNMR
1016,FRPAGLPEKY
1017,TKEVQSSLKAQQGLE
1018,RQIPQNFIADYF
1019,YTSRQIPQNF
1020,SKPGVIFLTKRSRQVCADPSEEWVQ
1021,RRLAEINREF
1022,FEGKANESSPKPVGPPPERDIASLP
1023,KMISEVTGGV
1024,REFLCDQKY
1025,TAFKEKYMEF
1026,VPKTHLEM
1027,DEENLPEKL
1028,RMMEKLGVPK
1029,GGKAFGLLKAQQEER
1030,LDDPKYSSDEDLPSKLEGF
1031,EINKQFLDDPKYSSDEDLPS
1032,GDIDIMSLKRMLEKLGVPK
1033,KMILMYEEKAREKEKPT
1034,SSGSGETFSYPDFLRMMLGKRSA
1035,RLDEINKQFL
1036,EGFKEKYMEFDLNGNGDIDIM
1037,EKAREKEKPTGPPA
1038,LDEINKQFLDDPKYS
1039,AEELFTFGGQDA
1040,AFCPEYVPTFDNVIENITSL
1041,AFRNVDGSGLVSKLIG
1042,AGEALLDKIINA
1043,AIREDNNITLKLDRCNNNNQYVS
1044,AKKQLLEFDTQSKNILMQYI
1045,ALNPKEIEKLYTSYLSI
1046,ANSKFIGITELKKLESKINK
1047,ASHLEQYGTNEYSIISSMKK
1048,CNDPNIDIDSYK
1049,DANLISIDIKNDLYEKTL
1050,DDFTNESSQKTTIDKISDVSTIV
1051,DFNPPSSLIEGA
1052,DIIDDFTNESSQKTTIDKIS
1053,DINNDIISDISGFNSSVITY
1054,DISGFNSSVITYPDAQLVPG
1055,DKISDVSTIVPYIGPALNIV
1056,DLTFIAEKNSFSEEPFQDEI
1057,DNKNYFPCRDGF
1058,DPNIDIDSYKQI
1059,DPNYLRTDSDKDRFLQTMVKLFNRIKN
1060,DPVNNDTIIMME
1061,DRCNNNNQYVSIDKFRI
1062,DRLSSANLYINGVLMGSAEI
1063,DTIIMMEPPYCKGLDIYYKA
1064,DTQSKNILMQYIKANSKFIGITELKKLESKI
1065,EALLDKIINAIP
1066,EEKANKAMININIFMRESSRSFL
1067,EIELGKKFNIKT
1068,EKIIKTIDNFLEKRYEKWIE
1069,ELGKKFNIKTRLSYFSMNHD
1070,ELIHVLHGLYGMQVSS
1071,ELKKLESKINKVFSTPIPFS
1072,EQDPSGATTKSAMLTNLIIFGPGPVLNKNEV
1073,ESSQKTTIDKISDVSTIVPY
1074,ETTGVVLLLEYIPEITLPVI
1075,EYSIESSMKKHSLSIGSGWSVSL
1076,FDKDSNGQYIVNEDKFQILY
1077,FIAEKNSFSEEPFQDEIVSYNTK
1078,FLRDFWGNPLRYDTEYYLIP
1079,FNAYLANKWVFITITNDRLS
1080,FNLLEQDPSGATTKSAMLTN
1081,FNNLDRILRVGYNAPGIPLY
1082,FQILYNSIMYGFTEIELGKK
1083,FTEIELGKKFNI
1084,FVKSGDFIKLYVSYNNNEHIVGY
1085,GALETTGVVLLLEYIPEITL
1086,GEVRQITFRDLPDKFNAYLANKW
1087,GFNSSVITYPDAQLVPGINGKAI
1088,GIPLYKKMEAVKLRDLKTYS
1089,GLVGTHNGQIGNDPNRDILIASNWYFNHLKDKILGCDWYFVPTDEGWTND
1090,GNAFNNLDRILRVGYNA
1091,GPDKEQIADEINNLKNKLEEKAN
1092,GTNEYSIISSMKKHSLSIGS
1093,GYIPEITLPVIAALSIAESSTQK
1094,HIVGYPKDGNAFNNLDRILRVGY
1095,IANKLSQVTSCNDPNIDIDS
1096,IDIDSYKQIYQQKYQFDKDS
1097,IDSFVKSGDFIKLYVSYNNN
1098,IEYNDMFNNFTVSFWLRVPKVSASHLEQYGT
1099,IISDISGFNSSVITYPD
1100,IKIKNEDLTFIAEKNSFSEE
1101,IKNDLYEKTLNDYKAIANKL
1102,ILFLQWVRDIIDDFTNESSQ
1103,ILKKSTILNLDINNDII
1104,IMQMAFCPEYVP
1105,ISAEELFTFGGQ
1106,ITGLGAIREDNNITLKLDRC
1107,IVDYNLQSKITLPNDRTTPV
1108,IVPERYEFGTKP
1109,IWIVPERYEFGT
1110,IYYKAFKITDRIWIVPERYE
1111,KAKWLGTVNTQFQKRSYQMY
1112,KAMDIEYNDMFNNFTVSFWLRVP
1113,KDSAGEVRQITFRDLPD
1114,KEIEKLYTSYLSITFLRDPWGNP
1115,KINKVFSTPIPFSYSKNLDC
1116,KKIIDYEYKIYSGPDKEQIA
1117,KNASLGLVGTHNGQIGNPPNRDI
1118,KNITDYMYLTNAPSYTNGKL
1119,KNKLEEKANKAMININ
1120,KNLDCWVDNEEDIDVILKKSTIL
1121,KQLLEFDTQSKNILMQYIKANSKFIGI
1122,KSNAASTIEIHNIDDNTIYQ
1123,KSTILNLDINNDIISDISGFNSS
1124,LANKWVFITITNDRLSSANLYIN
1125,LCIKIKNEDLTFIAEKNSFS
1126,LCKKIIPPTNIRENLYNRTA
1127,LEKRYEKWIEVYKLVKAKWL
1128,LEYIPEITLPVIAALSIAES
1129,LFTFGGQDANLISIDIKNDL
1130,LIPVASSSKDVQLKNITDYM
1131,LIWTLKDSAGEVRQITF
1132,LKLYDDKNASLGLVGTH
1133,LKSEYKGQNMRVNTNAFRNV
1134,LKTYSVQLKLYDDKNASLGL
1135,LLDKIINAIPYLGNSYSLLD
1136,LPNDRTTPVTKG
1137,LPVIAALSIAESSTQKEKII
1138,LQRITMTNSVDDALINSTKI
1139,LRVGYNAPGIPLYKKMEAVKLRD
1140,LRYDTEYYLIPVASSSKDVQ
1141,LVPGINGKAIHLVNNESSEV
1142,LYGMQVSSHEIIPSKQEIYM
1143,MEAVKLRDLKTYSVQLK
1144,MGSAEITGLGAIREDNNITL
1145,MTNSVDDALINSTKIYSYFP
1146,NAPSYTNGKLNIYYRRLYNGLKF
1147,NDRTTPVTKGIP
1148,NEEDIDVILKKSTILNLDIN
1149,NGKAIHLVNNESSEVIVHKAMDI
1150,NGLKFIIKRYTPNNEIDSFVKSG
1151,NIDDNTIYQYLYAQKSPTTL
1152,NITSLTIGKSKYFQDPALLL
1153,NKNEVRGIVLRVDNKNYFPC
1154,NLDINNDIISDISGFNSSVI
1155,NLYINGVLMGSAEITGLGAIRED
1156,NNDTIIMMEPPY
1157,NNITLKLDRCNNNNQYVSID
1158,NNNEHIVGYPKDGNAFNNLD
1159,NPPSSLIEGASE
1160,NQYVSIDKFRIFCKALNPKEIEK
1161,NTIYQYLYAQKSPTTLQRIT
1162,NYFPCRDGFGSIMQMAFCPE
1163,NYSLDKIIVDYNLQSKITLP
1164,PALLLMHELIHVLHGLYGMQ
1165,PALNIVKQGYEGNFIGALET
1166,PDKFNAYLANKWVFITI
1167,PERYEFGTKPEDFNPPSSLI
1168,PIPFSYSKNLDCWVDNEEDI
1169,PITINNFRYSDPVNNDTIIM
1170,PKEIEKLYTSYLSITFLRDF
1171,PSSLIEGASEYYDPNYLRTD
1172,PVTKGIPYAPEYKSNAASTTEIH
1173,PWGNPLRYDTEYYLIPVASSSKD
1174,QEIYMQHTYPISAEELFTFG
1175,QKSPTTLQRITMTNSVDDALINS
1176,QMAFCPEYVPTF
1177,RESSRSFLVNQMINEAKKQL
1178,RIFCKALNPKEIEKLYT
1179,RTTPVTKGIPYAPEYKSNAA
1180,RYEKWIEVYKLVKAKWLGTVNTQ
1181,SFSEEPFQDEIVSYNTKNKP
1182,SIGSGWSVSLKGNNLIWTLK
1183,SITFLRDFWGNPLRYDT
1184,SLTDLGGELC
1185,SLTLGGELCIKIKNEDLTFIAEK
1186,SMNHDPVKIPNLLDDTIYND
1187,SRSFLVNQMINEAKKQLLEFDTQ
1188,SSANLYINGVLMGSAEITGL
1189,SSEVIVHKAMDIEYNDM
1190,SSMKKHSLSIGSGWSVSLKG
1191,SSSKDVQLKNITDYMYLTNAPSY
1192,SSTQKEKIIKTIDNFLEKRYEKW
1193,SVDDALINSTKIYSYFPSVISKVNQGAQGIL
1194,SYNTKNKPLNFNYSLDKIPVTKG
1195,SYQMYRSLEYQVDAIKKIID
1196,TDLGGELCIKIK
1197,TDYMYLTNAPSYTNGKLNIY
1198,TITNDRLSSANLYINGV
1199,TIYNDTEGFNIESKDLKSEY
