,0
0,GIPLYKKMEAVKLRDLKSYS
1,DRRSSANLYINGVLMGSAEI
2,IVSDISGFNSSVITYPD
3,LKLIMMFEGKANES
4,LRLYDDKNASLGLVGTH
5,ETTGVLLLLEYIPEITLPVI
6,NYFPCRDGYGSIMQMAFCPE
7,RESSRSFLLNQMINEAKKQL
8,LIWTLKDSAGDVRQITF
9,NGLKFIIKRYTPNNELDSFVKSG
10,TDLGGDLCIKIK
11,ELKKVESKINKVFSTPIPFS
12,LEYIPEITLPVIAALSIADS
13,IKNDLYDKTLNDYKAIANKL
14,IKLKNEDLTFIAEKNSFSEE
15,NLDINNDLISDISGFNSSVI
16,LRVGYNAPGIPLYKKMEAVKRRD
17,FQILFNSIMYGFTEIELGKK
18,GLVGTHNGQIGNEPNRDILIASNWYFNHLKDKILGCDWYFVPTDEGWTND
19,TITNDRLSSANVYINGV
20,LKTYSVQLKLYDDKNATLGL
21,AGEALLDKVINA
22,FRPAGLPDKY
23,LCIKIKNEDLTFVAEKNSFS
24,LANKWVFITITNDRRSSANLYIN
25,SFSDEPFQDEIVSYNTKNKP
26,HIVGYPKDGNAFNNLDRILRIGY
27,IKIKNEDLTFIAEKNSFTEE
28,FEGKGNESSPKPVGPPPERDIASLP
29,NRNEVRGIVLRVDNKNYFPC
30,TITNDRLSSGNLYINGV
31,LVPGINGKAIHLVNNDSSEV
32,FIAEKNSFSEEPFQDDIVSYNTK
33,VCIKIKNEDLTFIAEKNSFS
34,GALETSGVVLLLEYIPEITL
35,SKPGVIFLTRRSRQVCADPSEEWVQ
36,SLTDLGGDLC
37,KNLTDYMYLTNAPSYTNGKL
38,NIDDQTIYQYLYAQKSPTTL
39,DANLITIDIKNDLYEKTL
40,FDKDSNAQYIVNEDKFQILY
41,AEELFTFGGQEA
42,DRLSSANLYINGLLMGSAEI
43,FIAEKNTFSEEPFQDEIVSYNTK
44,VLFLQWVRDIIDDFTNESSQ
45,MEAVKLRDLRTYSVQLK
46,FVKSGDFIKRYVSYNNNEHIVGY
47,QEIYMQHTFPISAEELFTFG
48,LGNKWVFITITNDRLSSANLYIN
49,DINNDIISDISGFNSSLITY
50,ILFLQWVRDIIDDYTNESSQ
51,EALLDKIINGIP
52,QEIYMQHTYPISADELFTFG
53,NQDTIIMMEPPY
54,RMMDKLGVPK
55,ALNPKEIEKLYTSYLSV
56,KMILMYEERAREKEKPT
57,NYSLDKIIVDYNRQSKITLP
58,RSTPVTKGIPYAPEYKSNAA
59,FQIRYNSIMYGFTEIELGKK
60,GRVGTHNGQIGNDPNRDILIASNWYFNHLKDKILGCDWYFVPTDEGWTND
61,LPQDRTTPVTKG
62,GLIGTHNGQIGNDPNRDILIASNWYFNHLKDKILGCDWYFVPTDEGWTND
63,LPVIAALSIADSSTQKEKII
64,DTIIMMEPPYCKGLDVYYKA
65,TKEVQSSLKAQQALE
66,DKISDISTIVPYIGPALNIV
67,PWGNPLRYDTEYYVIPVASSSKD
68,PSSLIEGASEYYDPNYRRTD
69,LYGMQVSSHEIIPSKQEIFM
70,NGKAVHLVNNESSEVIVHKAMDI
71,QEIYMQHTYPISAEERFTFG
72,IVDYNRQSKITLPNDRTTPV
73,NYSLDKIIVDYNLQSKLTLP
74,IISDISAFNSSVITYPD
75,MEAVKLRDRKTYSVQLK
76,GYLPEITLPVIAALSIAESSTQK
77,LDDPKYSSDEDRPSKLEGF
78,SYQMYRSLEYQVDAIRKIID
79,RDMWRAYTNMR
80,RYEKWIEVYKVVKAKWLGTVNTQ
81,NIDDNTIYQYLYGQKSPTTL
82,NGKAIHVVNNESSEVIVHKAMDI
83,FRPAGLPERY
84,RRLAEINKEF
85,GNAFQNLDRILRVGYNA
86,LANKWVFITISNDRLSSANLYIN
87,NLYINGVLMGSGEITGLGAIRED
88,LDEINKQFLDDPKFS
89,FEGKAQESSPKPVGPPPERDIASLP
90,FLRDFWGNPRRYDTEYYLIP
91,DRLSTANLYINGVLMGSAEI
92,KQVLEFDTQSKNILMQYIKANSKFIGI
93,SSANLYINGVLMGSAEISGL
94,FVKTGDFIKLYVSYNNNEHIVGY
95,PWGNPLRYDTEYYLIPVASSSKE
96,KQIPQNFIADYF
97,SSSKDVQLKQITDYMYLTNAPSY
98,KMITEVTGGV
99,SYNTKNKPLQFNYSLDKIPVTKG
100,GALETTGVILLLEYIPEITL
101,PKEVEKLYTSYLSITFLRDF
102,NQYVSIDRFRIFCKALNPKEIEK
103,ESSQKTTIDKISDVSTLVPY
104,ELKKLESRINKVFSTPIPFS
105,GTNEYSIISSMKKHSLTIGS
106,PIPFSFSKNLDCWVDNEEDI
107,IYYKAFKITDRIWIVPEKYE
108,PALNIVKQGYEGQFIGALET
109,LDEINKQFLEDPKYS
110,LYTFGGQDANLISIDIKNDL
111,LRMMLGKRSAILR
112,EGFKEKYMEFDLNANGDIDIM
113,EPNIDIDSYKQI
114,NEEDIDVILKKTTILNLDIN
115,LKNDLYEKTLNDYKAIANKL
116,DIQNDIISDISGFNSSVITY
117,MTNSVDDALINSTKIYSYYP
118,GFNSSIITYPDAQLVPGINGKAI
119,IKIKNEDLTFIAERNSFSEE
120,NNDTILMMEPPY
121,EPVNNDTIIMME
122,IVDYNLQSRITLPNDRTTPV
123,ERLDGINKHY
124,LEKRYDKWIEVYKLVKAKWL
125,DRLSSANRYINGVLMGSAEI
126,SLTRGGELCIKIKNEDLTFIAEK
127,DKLSDVSTIVPYIGPALNIV
128,DLTFIAEKNSFSEEPFQEEI
129,LPNDKTTPVTKG
130,QPPSSLIEGASE
131,GFNSSVITYPDAQLVPGLNGKAI
132,EGFKEKYMEFDLQGNGDIDIM
133,IKNDRYEKTLNDYKAIANKL
134,EYSIESSMKKHSLSIGSAWSVSL
135,DPNYLRTDSDKERFLQTMVKLFNRIKN
136,GYIPDITLPVIAALSIAESSTQK
137,NNDTIIMMEPPF
138,ESSQKTTIDKISDVSSIVPY
139,QTIYQYLYAQKSPTTLQRIT
140,LLDKIINGIPYLGNSYSLLD
141,ALNPKEIERLYTSYLSI
142,NLDVNNDIISDISGFNSSVI
143,EEKANKAMININIFMRESTRSFL
144,LYGMQVSSHEIIPSKQDIYM
145,LPVIAALSIAESTTQKEKII
146,KEIERLYTSYLSITFLRDPWGNP
147,MGSAEITGLGALREDNNITL
148,NVTSLTIGKSKYFQDPALLL
149,SKPGVIFLTKRSRQLCADPSEEWVQ
150,ALREDNNITLKLDRCNNNNQYVS
151,LKTYSVQLRLYDDKNASLGL
152,DEEQLPEKL
153,TAFKERYMEF
154,NIDDNTIYQYLYAQKSPTSL
155,RRLAEINRDF
156,KSTILNRDINNDIISDISGFNSS
157,GALETTGVVLLLEYIPEVTL
158,PWGNPLRYDTEYYRIPVASSSKD
159,KNITDYMYLTNGPSYTNGKL
160,AFCPEYVPTFDNVVENITSL
161,FQLLYNSIMYGFTEIELGKK
162,EYSIESSMKKHSLSIGSGWSLSL
163,NQFVSIDKFRIFCKALNPKEIEK
164,DANLVSIDIKNDLYEKTL
165,LDDPKYSTDEDLPSKLEGF
166,IKNDLYEKTVNDYKAIANKL
167,EKLAVPKTHLEL
168,KRTAILKMI
169,NLTSLTIGKSKYFQDPALLL
170,ALNPKEIEKLYTSYLSL
171,DIIDEFTNESSQKTTIDKIS
172,LKSEYRGQNMRVNTNAFRNV
173,DKISDVSTIIPYIGPALNIV
174,LKSEYKGQNMRVNTNGFRNV
175,RDMWRAYSNMK
176,DPNYLRTDSDKDRFLQTMVKVFNRIKN
177,NGLKFIIKRYTPNQEIDSFVKSG
178,LQRITMTNSVDDALINSTKV
179,EIELGKKFQIKT
180,LPVLAALSIAESSTQKEKII
181,SSMKKHSLSIGSGWSVTLKG
182,SSMKKHSVSIGSGWSVSLKG
183,KRLEEIQREFL
184,FNAYLANKWVFVTITNDRLS
185,LEYNDMFNNFTVSFWLRVPKVSASHLEQYGT
186,RYEKWIEVYKLVKAKWLGSVNTQ
187,PALLLMHELVHVLHGLYGMQ
188,IKIKNEDLTFVAEKNSFSEE
189,PWGNPLRYDTEYYLIPVASSSRD
190,RLAELNREFL
191,TKPGVIFLTKRSRQVCADPSEEWVQ
192,SSTQKEKIIKTIDNFLERRYEKW
193,SSMKKHSLSLGSGWSVSLKG
194,LQRITMSNSVDDALINSTKI
195,FDKDSNGQYIVNEEKFQILY
196,ILFLQWVRDLIDDFTNESSQ
197,FQVLYNSIMYGFTEIELGKK
198,NGKAIHLVNNESSEVILHKAMDI
199,NEEDIDVVLKKSTILNLDIN
200,NGDLDIMSL
201,LFTFGGQDANLISIDIRNDL
202,AKKQLLDFDTQSKNILMQYI
203,HIVGYPKDGNAFQNLDRILRVGY
204,PIPFSYSKNLDCWIDNEEDI
205,HIVGYPKDGNAFNNLDRIVRVGY
206,AKKQLLEFDTNSKNILMQYI
207,RPVIAALSIAESSTQKEKII
208,NLDINNDIISDISAFNSSVI
209,SYQMFRSLEYQVDAIKKIID
210,GFNSSVITYPDAQLVPGINAKAI
211,RTTPVTKGIPYAPEYKSNGA
212,NNITLRLDRCNNNNQYVSID
213,IEIDSYKQIYQQKYQFDKDS
214,MGSAEITGRGAIREDNNITL
215,ILKKSTILNLDINQDII
216,TQSKDLQGGKAFGLLKAQ
217,TIYNDTEAFNIESKDLKSEY
218,RLDEIQKQFL
219,QEIFMQHTYPISAEELFTFG
220,ISGLGAIREDNNITLKLDRC
221,DANLISIDVKNDLYEKTL
222,GLVGTHNGQIGNDPNRDILIGSNWYFNHLKDKILGCDWYFVPTDEGWTND
223,ELNKQFLDDPKYSSDEDLPS
224,NIDDNTLYQYLYAQKSPTTL
225,NERTTPVTKGIP
226,KKIIDYEYKVYSGPDKEQIA
227,SQSKDLQGGRAFGLLKAQ
228,DPQYLRTDSDKDRFLQTMVKLFNRIKN
229,LRLVMMFEGKANES
230,LRVGYNAPGIPLYKKMEAVKLRE
231,FQILYNSIMYGFTEVELGKK
232,FEGKANESSPKPVAPPPERDIASLP
233,RLGEINREFL
234,SYNTKNKPLNFNFSLDKIPVTKG
235,GEIRQITFRDLPDKFNAYLANKW
236,FNNLDRILRVGFNAPGIPLY
237,EINKQFLDDPKYSSDEDRPS
238,RFEKWIEVYKLVKAKWLGTVNTQ
239,AFCPEYVPTYDNVIENITSL
240,AEELFTFAGQDA
241,IYYKAFKITDRIWVVPERYE
242,LKTYSVQLKLYDDKNASRGL
243,LKRVMMFEGKANES
244,KQLLEFETQSKNILMQYIKANSKFIGI
245,LEFIPEITLPVIAALSIAES
246,NNITLKLDRCNQNNQYVSID
247,AGEALLDKIIQA
248,LFTFGGQDANVISIDIKNDL
249,FNAYLANKWVFITVTNDRLS
250,PDRFNAYLANKWVFITI
251,LFTFGGQDANLVSIDIKNDL
252,VSAEELFTFGGQ
253,SVDDALINSSKIYSYFPSVISKVNQGAQGIL
254,AIREDNNITLRLDRCNNNNQYVS
255,KLIGEVSSGSGDTF
256,IISDISGFNSTVITYPD
257,GTNEYSIISSMKKHSLSLGS
258,DDFTNESSQKTTIDKISDVTTIV
259,NRFQGGKAFGLVK
260,NLDINNDIISDISGYNSSVI
261,DANLISIDIKNDLYEKSL
262,IVKKSTILNLDINNDII
263,RLDEVNKQFL
264,NQYVSIDKFRIYCKALNPKEIEK
265,AEELYTFGGQDA
266,GDIDIMSLKRMLEKVGVPK
267,GIPLYKKMEAVKLRELKTYS
268,ETTGVVRLLEYIPEITLPVI
269,AFCPEYVPTFDNVIENITTL
270,IEYNDMFNNFTLSFWLRVPKVSASHLEQYGT
271,AFCPEYVPTFDNLIENITSL
272,GLVGTHNGNIGNDPNRDILIASNWYFNHLKDKILGCDWYFVPTDEGWTND
273,SSTQKERIIKTIDNFLEKRYEKW
274,LVPGINGKAIHLVNQESSEV
275,SSMKRHSLSIGSGWSVSLKG
276,KSNAASTIEIHNIDDNTLYQ
277,DLTFIAEKNTFSEEPFQDEI
278,GVVGTHNGQIGNDPNRDILIASNWYFNHLKDKILGCDWYFVPTDEGWTND
279,ANSKFIGLTELKKLESKINK
280,LKTYSVQLKLYDDRNASLGL
281,SVDDALIQSTKIYSYFPSVISKVNQGAQGIL
282,KKIIDYEYKIYSGPDKEQIG
283,KAKWLGTINTQFQKRSYQMY
284,RYEKWIEVYKLVRAKWLGTVNTQ
285,PALNIVKQGYEGNFIGARET
286,DISGFNSSVLTYPDAQLVPG
287,ETTGVVLLLEFIPEITLPVI
288,SSGNLYINGVLMGSAEITGL
289,SSTKDVQLKNITDYMYLTNAPSY
290,EQDPSGATTKSAMLTNLIIFGPGPVLQKNEV
291,ELIHVLHGRYGMQVSS
292,SSGSGETFTYPDFLRMMLGKRSA
293,KQLLEFDTQSKNILMQYIKANSKYIGI
294,TDFMYLTNAPSYTNGKLNIY
295,PERFEFGTKPEDFNPPSSLI
296,KRLEEINREYL
297,QKNEVRGIVLRVDNKNYFPC
298,QKSPTTLQRITMTNSIDDALINS
299,GIPRYKKMEAVKLRDLKTYS
300,KMIRMYEEKAREKEKPT
301,LCKKLIPPTNIRENLYNRTA
302,DDFTNESSQKTTIDKITDVSTIV
303,KQASLGLVGTHNGQIGNPPNRDI
304,ALNPKEIDKLYTSYLSI
305,FQILYNSIMYGFTEIEVGKK
306,LLDKIINAIPYLGNSYSVLD
307,SSANLYINGVLMGSAEVTGL
308,RLDEINKQYL
309,EIEVGKKFNIKT
310,GTNEYTIISSMKKHSLSIGS
311,KSTILNLDINNDIISDISGFNST
312,LQRLTMTNSVDDALINSTKI
313,GALETTGVVLLLEYVPEITL
314,NEIYMQHTYPISAEELFTFG
315,RYEKWIEVYKLLKAKWLGTVNTQ
316,KMILMYEEKAREREKPT
317,PKEIEKLYTSYLSITFLKDF
318,KQLLEFDTQSKNILMQYIKANSKFIGL
319,GEVRQITFKDLPDKFNAYLANKW
320,GYIPEITLPVIAALSIAESSTQR
321,ESSQKTTIDKISDISTIVPY
322,PALLLMHELIHVVHGLYGMQ
323,FIAEKNSFSEEPFQDEIVTYNTK
324,SRSFLVNQMINEARKQLLEFDTQ
325,PKEIEKLYTSYLTITFLRDF
326,EVKKLIGEV
327,EKIIKTIDNFLEKKYEKWIE
328,GTNEYSIISSMKKHSLSIGT
329,NEEDIDVILKKSTIRNLDIN
330,IDSFVKSGDFIKLYVTYNNN
331,GEIDIMSLKRMLEKLGVPK
332,LQRITMTNSVDDAVINSTKI
333,DDFTQESSQKTTIDKISDVSTIV
334,AFCPEYVPTFDNVIENITSV
335,PIPFSYSKNLDCWVDNEEDL
336,HIVGYPKDGNAFNNLDRILRVAY
337,NLDINNDIVSDISGFNSSVI
338,IKNDLYEKTLQDYKAIANKL
339,ITGVGAIREDNNITLKLDRC
340,RESSRSFLINQMINEAKKQL
341,SKPGVIFRTKRSRQVCADPSEEWVQ
342,CNDPQIDIDSYK
343,IDSFVKSGDFIKLYVSYNNQ
344,PVTKGIPYAPEYKSNAASTSEIH
345,SMNHDPVKIPNVLDDTIYND
346,MEAVKLRDLKSYSVQLK
347,DKISDVSTIVPYIGPALNVV
348,AKRQLLEFDTQSKNILMQYI
349,FIAEKNSFSEEPFQDEIISYNTK
350,SSEVILHKAMDIEYNDM
351,IISDISGFQSSVITYPD
352,TAFREKYMEF
353,AFCPEYLPTFDNVIENITSL
354,KNASLGLVGTHNGQIGNPPNREI
355,FQILYNSIMYGYTEIELGKK
356,MGSAEITGLGAIKEDNNITL
357,EQDPSGATTKSAMLTNLIIFAPGPVLNKNEV
358,IMQMAFCPDYVP
359,KKVIDYEYKIYSGPDKEQIA
360,NLDLNNDIISDISGFNSSVI
361,GLVGTHQGQIGNDPNRDILIASNWYFNHLKDKILGCDWYFVPTDEGWTND
362,HVVGYPKDGNAFNNLDRILRVGY
363,LKLVMMYEGKANES
364,ELIHVLHGLYGMQVTS
365,FNNLDRILKVGYNAPGIPLY
366,ESSQKTTIDKLSDVSTIVPY
367,DIIDDFTNESSNKTTIDKIS
368,ILFLQWVRDIIDDFTNDSSQ
369,SSTQKEKIIKTIDNFLEKRYDKW
370,IEYNDMFNNFTVSFWLRIPKVSASHLEQYGT
371,LDEINKQFLDDPRYS
372,SIGSGWSVSLKGNNLLWTLK
373,SLTLGGELCIKIKNEDVTFIAEK
374,IAQKLSQVTSCNDPNIDIDS
375,KEIEKRYTSYLSITFLRDPWGNP
376,PKEIDKLYTSYLSITFLRDF
377,GGKAFGLLKAQQEDR
378,DIIDDFTNESSQKTTVDKIS
379,ERVDGINKHF
380,KNKLEEKANKAMINLN
381,RYEKWIEVYKLIKAKWLGTVNTQ
382,GIPLYKKMEAVKLKDLKTYS
383,MGSAEITGLGGIREDNNITL
384,KLDEINKQFL
385,TKEVQTSLKAQQGLE
386,LEYIPEITLPVIAALTIAES
387,TIYNDTEGFNLESKDLKSEY
388,NNDTIVMMEPPY
389,PERYEFGTKPEDYNPPSSLI
390,NLDINNDIITDISGFNSSVI
391,SLTLGGELCIKIKNEDLTFVAEK
392,ETTGVVLLLEYLPEITLPVI
393,TIYNDTEGFNIETKDLKSEY
394,IKNDLYEKTLNDYKGIANKL
395,NTIYQYLYAQKSPTTRQRIT
396,KKIVDYEYKIYSGPDKEQIA
397,LDDPKYSSDDDLPSKLEGF
398,ISAEELFTYGGQ
399,LKSEYKGQNMRINTNAFRNV
400,IDSFIKSGDFIKLYVSYNNN
401,FQILYNSIMFGFTEIELGKK
402,DDFTNESSQKTTIDKLSDVSTIV
403,PDKFNAYLANKWLFITI
404,IVDYNLQSKITLPNDKTTPV
405,PWGNPLRYDTEYYLIPVGSSSKD
406,SYQMYRSLEYQVDAIKKIIE
407,LDDPKYSSEEDLPSKLEGF
408,IKNDLYEKTLNDFKAIANKL
409,PALNIVKQGYDGNFIGALET
410,SLTLGGDLCIKIKNEDLTFIAEK
411,KNASLGLLGTHNGQIGNPPNRDI
412,IDSFVRSGDFIKLYVSYNNN
413,NITSLTIGKSKYFQDPALLV
414,VVPERYEFGTKP
415,LRVGYNAPGIPLYKKMEAVRLRD
416,IEYNDMFNNFTVSFWLRLPKVSASHLEQYGT
417,FTEVELGKKFNI
418,NNITLKVDRCNNNNQYVSID
419,MTNSLDDALINSTKIYSYFP
420,KAKWLGTVNTQFQKRTYQMY
421,KAMDIEYNDMFNNFTVSYWLRVP
422,NYSLDKIIVDYNLQSKITVP
423,GLVGTHNGQIGNDPNRDILIASNWYFQHLKDKILGCDWYFVPTDEGWTND
424,NKNEVRAIVLRVDNKNYFPC
425,EALLDKVINAIP
426,DINNDILSDISGFNSSVITY
427,EKIIKTIDNFLERRYEKWIE
428,EYSIDSSMKKHSLSIGSGWSVSL
429,GPDKEQIADEINNVKNKLEEKAN
430,AFCPEYVPTFDNVIENVTSL
431,SVDDALLNSTKIYSYFPSVISKVNQGAQGIL
432,SSTQKEKIIRTIDNFLEKRYEKW
433,KAMDIEFNDMFNNFTVSFWLRVP
434,NGKAIHLVNNESSEVIVHKAMEI
435,ESSQKTTIDKITDVSTIVPY
436,LEYIPEITLPVVAALSIAES
437,NQYVSIDKFKIFCKALNPKEIEK
438,FVRSGDFIKLYVSYNNNEHIVGY
439,FNNLDRILRVGYNAPGIPLF
440,GALETTGLVLLLEYIPEITL
441,NNITVKLDRCNNNNQYVSID
442,LLDKVINAIPYLGNSYSLLD
443,RYDKWIEVYKLVKAKWLGTVNTQ
444,NITSLTIGKSKYFQDPAVLL
445,EAVLDKIINAIP
446,IGNKLSQVTSCNDPNIDIDS
447,KSNAASTIEIHNIDDNTVYQ
448,KESSRSFLVNQMINEAKKQL
449,GLPLYKKMEAVKLRDLKTYS
450,IVPDRYEFGTKP
451,PDKYNAYLANKWVFITI
452,KQLLEFDTQSKNILMQYIKANTKFIGI
453,NNITLKLDRCQNNNQYVSID
454,KNITDYMYVTNAPSYTNGKL
455,RIFCKALNPKEVEKLYT
456,LIPIASSSKDVQLKNITDYM
457,AFRNLDGSGLVSKLIG
458,GIPLYKKMEAVKLRDLKTYT
459,GNSKFIGITELKKLESKINK
460,NEEDIDVILKKSTLLNLDIN
461,IVDYNVQSKITLPNDRTTPV
462,EKIIKTIDNFLEKRYEKWLE
463,KDTAGEVRQITFRDLPD
464,TDLGGELCIRIK
465,DLTFIAEKNSFSEEPYQDEI
466,KQLLEFDTQSKNILMQFIKANSKFIGI
467,SQSKELQGGKAFGLLKAQ
468,FQILYNSIMYGFTDIELGKK
469,KKIIDYEYKIYSGPDKEQVA
470,SYQTKNKPLNFNYSLDKIPVTKG
471,NIDDNTIYQYLYAQKSPTTV
472,DPNIDLDSYKQI
473,QEIYMQHTYPISAEELFTYG
474,DPNYLRTDSDKDRFLNTMVKLFNRIKN
475,LDDPKYTSDEDLPSKLEGF
476,QRFFGHAAENS
477,RDMWRGYSNMR
478,REMWRAYSNMR
479,FNLLEQDPSGATTKSAMVTN
480,ILKKSTILNVDINNDII
481,IEYNDMFNNFTVSFWLRVPRVSASHLEQYGT
482,LIWTLKDSAGEVRQITY
483,FVKSGDFIKLYVSYNNNEHIVGF
484,DTIIMMEPPYCKGLDIYYRA
485,PKEIEKLYTSYLSLTFLRDF
486,MEAVKLRDLKTYSVQRK
487,FDKDSNGQYIVNEDKFQLLY
488,KQRLEFDTQSKNILMQYIKANSKFIGI
489,IEYNDMFNNFTVSFWLRVPKVSGSHLEQYGT
490,PWGNPLRYDTEYYLLPVASSSKD
491,FLRDFWGNPLRYDTDYYLIP
492,DITGFNSSVITYPDAQLVPG
493,SSTQKEKIIKTLDNFLEKRYEKW
494,SRSFRVNQMINEAKKQLLEFDTQ
495,LKSEFKGQNMRVNTNAFRNV
496,LKLVMMFEGKANET
497,LIWTLKDSAGEIRQITF
498,NGDIDIMSV
499,SIGSGWSVSLKGNNLVWTLK
500,NPPSSRIEGASE
501,EQDPSGATTKSAMLTNLIIFGPGPVLNKNDV
502,ANSKFIGITELKKLETKINK
503,ELGKKFNIKTRRSYFSMNHD
504,RRVGYNAPGIPLYKKMEAVKLRD
505,EQDPSGATTKSAMLTQLIIFGPGPVLNKNEV
506,NGLRFIIKRYTPNNEIDSFVKSG
507,LKLYDDKNATLGLVGTH
508,GLVGTHNGQIGNDPNRDIVIASNWYFNHLKDKILGCDWYFVPTDEGWTND
509,EQDPSGATTKSAMLTNLIIFGPGPVLNKQEV
510,IVEYNLQSKITLPNDRTTPV
511,QEIYMQHSYPISAEELFTFG
512,GFNSSVITFPDAQLVPGINGKAI
513,GIPLYKKMEAIKLRDLKTYS
514,PKEIEKLYSSYLSITFLRDF
515,TIYNDTEGFNIESKDLRSEY
516,NYSLEKIIVDYNLQSKITLP
517,KDSAGEIRQITFRDLPD
518,NADIDIMSL
519,TAFKEKFMEF
520,EPNYLRTDSDKDRFLQTMVKLFNRIKN
521,PITINNYRYSDPVNNDTIIM
522,ITGLGAIREDNNISLKLDRC
523,LLDKIINALPYLGNSYSLLD
524,NAPSYTNGRLNIYYRRLYNGLKF
525,DPNYLRTDTDKDRFLQTMVKLFNRIKN
526,LKLYDDKNASLGLLGTH
527,QEIYMQHTYPLSAEELFTFG
528,GGRAFGLLKAQQEER
529,FEGKANESSPKPVGPPPEKDIASLP
530,SFSEEPFQDDIVSYNTKNKP
531,TIYNDTEGFNIESKDLKTEY
532,LVPGINGKAIHLINNESSEV
533,GLVGTHNGQIGNDPNRDILIASNWYFNHLKDKILGCDWYFVPTDEGWTQD
534,KEIEKLYTTYLSITFLRDPWGNP
535,SMNHDPVKLPNLLDDTIYND
536,LIPVASSTKDVQLKNITDYM
537,EIELGKKFNLKT
538,NYFPCKDGFGSIMQMAFCPE
539,NAPTYTNGKLNIYYRRLYNGLKF
540,PIPFSYSKNVDCWVDNEEDI
541,NSIYQYLYAQKSPTTLQRIT
542,SKPGVVFLTKRSRQVCADPSEEWVQ
543,KNITDYMFLTNAPSYTNGKL
544,MGTAEITGLGAIREDNNITL
545,DTQSKNILMQYIKAQSKFIGITELKKLESKI
546,LKSEYKGQNMRVNSNAFRNV
547,CNDPNIEIDSYK
548,MGSAEITGLAAIREDNNITL
549,DPVNNDTIIMMD
550,RRLAEINREY
551,FNVLEQDPSGATTKSAMLTN
552,TSMKKHSLSIGSGWSVSLKG
553,NTIFQYLYAQKSPTTLQRIT
554,LKLVMMFEGKANDS
555,NYFPCRDGFASIMQMAFCPE
556,SRSFLVNQMINEAKKNLLEFDTQ
557,IDIDSFKQIYQQKYQFDKDS
558,NVDDNTIYQYLYAQKSPTTL
559,FDKDSNGQYIINEDKFQILY
560,LLDKIINAIPYLGNTYSLLD
561,DTQSKNILMQYIKANSKFIGITELKKLESRI
562,SSTQKEKILKTIDNFLEKRYEKW
563,LFTFGGQDGNLISIDIKNDL
564,DLTFIAEKQSFSEEPFQDEI
565,RIFCKALNPKEIEKLYS
566,ELIHVLHGLYAMQVSS
567,LEKKYEKWIEVYKLVKAKWL
568,VWIVPERYEFGT
569,RDMWRAFSNMR
570,DFNPPSSLIEAA
571,KNLDCWVDNEEDIDVLLKKSTIL
572,ESSQKTTIDKISEVSTIVPY
573,QKSPTTLQRITMTNSVEDALINS
574,DLKKLIGEV
575,DPNYLRTESDKDRFLQTMVKLFNRIKN
576,GLVGTHNGQIGNDPNRDILIASNWYFNHLKDKILGCDWYFVPTDEAWTND
577,LKLYDDKNASLGVVGTH
578,NALKFIIKRYTPNNEIDSFVKSG
579,GEVRQITFRELPDKFNAYLANKW
580,GYIPELTLPVIAALSIAESSTQK
581,LKSEYKGQNMRVNTNAFRNI
582,KRSAILRMVL
583,SYQMYRSLEYQVDGIKKIID
584,RESSRSFVVNQMINEAKKQL
585,MGSAEITGLGAIREDNQITL
586,RQRITMTNSVDDALINSTKI
587,MGSAEITGLGAIREDNNLTL
588,ITGLGALREDNNITLKLDRC
589,FVKSGDYIKLYVSYNNNEHIVGY
590,GYIPEISLPVIAALSIAESSTQK
591,KRSAIVRMIL
592,LCKKIIPPSNIRENLYNRTA
593,GSNEYSIISSMKKHSLSIGS
594,LIPVASSSKDVQLRNITDYM
595,IVPERYEYGTKP
596,SKPGLIFLTKRSRQVCADPSEEWVQ
597,FQILYNSIMYGFTEIELGKR
598,ELKKLVGEV
599,GGKAFALLKAQQEER
600,TVYNDTEGFNIESKDLKSEY
601,DISGFNSSVISYPDAQLVPG
602,NRYQGGKAFGLLK
603,NAPSYTNGKLNIYYRRLYNGVKF
604,PERYEFATKPEDFNPPSSLI
605,IANKLSQVTSCNDPNIDLDS
606,LANKWVFITITNDRVSSANLYIN
607,KNLDCWVDNEEDIDVIVKKSTIL
608,KSTILNVDINNDIISDISGFNSS
609,KINKVFSTPIPFSYSKNRDC
610,LRMMLGKRSAIRK
611,DANLISIDIKNDLYERTL
612,SLTLAGELCIKIKNEDLTFIAEK
613,LCKKIIPPTNIRENLFNRTA
614,PALVLMHELIHVLHGLYGMQ
615,QQYVSIDKFRIFCKALNPKEIEK
616,LRYDTEYYLVPVASSSKDVQ
617,ANSKFVGITELKKLESKINK
618,IISDISGFNSSIITYPD
619,FLAEKNSFSEEPFQDEIVSYNTK
620,TYQMYRSLEYQVDAIKKIID
621,KDSAGEVRNITFRDLPD
622,ESSQKTTVDKISDVSTIVPY
623,LEKRYEKWIEVYKLVKARWL
624,PDKFNAYLANKWIFITI
625,LEYIPEITLPVLAALSIAES
626,NGRKFIIKRYTPNNEIDSFVKSG
627,GPDKEQIGDEINNLKNKLEEKAN
628,DIIDDFTNESSQKTTIDKVS
629,ASHLEQYGTQEYSIISSMKK
630,EISGFNSSVITYPDAQLVPG
631,TKEVQSSLKAQQGRE
632,FDKDSNGQYIVNEDKYQILY
633,NGVKFIIKRYTPNNEIDSFVKSG
634,KQLLEFDTQSKNILMQYIKANSKFVGI
635,KINKVFSTPIPFSFSKNLDC
636,PITINNFRYSDPINNDTIIM
637,RRYDTEYYLIPVASSSKDVQ
638,IDIDSYKQIFQQKYQFDKDS
639,VPKTHREM
640,AGEAVLDKIINA
641,SDLGGELCIKIK
642,SLTLGGELCIKVKNEDLTFIAEK
643,KKIIDFEYKIYSGPDKEQIA
644,NPPSSLIEGATE
645,FNLLEQDPSGATTKSAMLSN
646,MTNSIDDALINSTKIYSYFP
647,IYYKAFKITDRVWIVPERYE
648,IDIDSYKQVYQQKYQFDKDS
649,LRMMVGKRSAILK
650,SITFVRDFWGNPLRYDT
651,KDIEKLYTSYLSITFLRDPWGNP
652,GDVDIMSLKRMLEKLGVPK
653,LCKKIIPPTNLRENLYNRTA
654,RYEKWIEVYKLVKAKWLGTINTQ
655,NRFQGGKAYGLLK
656,LVPGIQGKAIHLVNNESSEV
657,LKTYSVQLKLYDDKNASVGL
658,SVDDALINSTKIYSYFPSVISKVNQGAQAIL
659,DINNDIISDISGFNTSVITY
660,SRSFLINQMINEAKKQLLEFDTQ
661,PALLLMHELIHVLHGLFGMQ
662,PVTKGIPYGPEYKSNAASTTEIH
663,KRLEEINREFV
664,DEENLPEKV
665,LCKRIIPPTNIRENLYNRTA
666,IDIDSYKQIYNQKYQFDKDS
667,LQRITMTNSVDDALVNSTKI
668,ISAEELFSFGGQ
669,RDSSRSFLVNQMINEAKKQL
670,SITFLRDFWGNPLRYDS
671,EVGKKFNIKTRLSYFSMNHD
672,KSNAASTVEIHNIDDNTIYQ
673,NNITLKLDRCNNNQQYVSID
674,LPLIAALSIAESSTQKEKII
675,GFNSSVITYPDAQLVPGVNGKAI
676,GFNSSVITYPDAQVVPGINGKAI
677,ELIHVLHGLYGMQLSS
678,GALETTGVVLLLEYIPEITR
679,SKPAVIFLTKRSRQVCADPSEEWVQ
680,ANAFNNLDRILRVGYNA
681,KDSGGEVRQITFRDLPD
682,ILFLQWVRDIIDDFTNETSQ
683,RNKLEEKANKAMININ
684,VPNDRTTPVTKG
685,IKNDLYERTLNDYKAIANKL
686,EYSIESSMKKHSVSIGSGWSVSL
687,QGLKFIIKRYTPNNEIDSFVKSG
688,KAMDVEYNDMFNNFTVSFWLRVP
689,SSSKDVQLKNITDYMYLTNAPTY
690,LLDKIINAIPYVGNSYSLLD
691,SYNTKNKPLNFNYSLDKIPLTKG
692,LDEINKQFLDDPKYT
693,NNNEHIVGYPKDGQAFNNLD
694,SSANLYINGVVMGSAEITGL
695,PIPFSYSKNLDCWVDNEEDV
696,NITSLTIGKSKYFQDPALVL
697,LCIKLKNEDLTFIAEKNSFS
698,GLVGSHNGQIGNDPNRDILIASNWYFNHLKDKILGCDWYFVPTDEGWTND
699,FLRDFWGNPLKYDTEYYLIP
700,NITSLTIGKSKYYQDPALLL
701,PSSLIEGASEYYDPNFLRTD
702,FNLLENDPSGATTKSAMLTN
703,PDKFNGYLANKWVFITI
704,SSEVVVHKAMDIEYNDM
705,DPVNQDTIIMME
706,LPVIAALTIAESSTQKEKII
707,SVDDALINSTKIYSYFPSVVSKVNQGAQGIL
708,SKPGVIYLTKRSRQVCADPSEEWVQ
709,ALNPKEIEKLYSSYLSI
710,FVKSGDFIKLYVSYNQNEHIVGY
711,PWGNPLRYDTDYYLIPVASSSKD
712,LCIKVKNEDLTFIAEKNSFS
713,ANSKFIGITELRKLESKINK
714,GLNPKEIEKLYTSYLSI
715,PVTKGIPYAPDYKSNAASTTEIH
716,DRCNNNNQFVSIDKFRI
717,MTNSVDDARINSTKIYSYFP
718,NTIYQYRYAQKSPTTLQRIT
719,EYSIESSMKKHSLSIGSGWTVSL
720,EFNPPSSLIEGA
721,ELGKKFNLKTRLSYFSMNHD
722,KSTILNLDINNDILSDISGFNSS
723,NRFQGGKAFGVLK
724,DRCNNNNQYVSIDRFRI
725,GYIPEITLPVIAAVSIAESSTQK
726,NYSLDKVIVDYNLQSKITLP
727,NGLKFIIKRFTPNNEIDSFVKSG
728,FEGKANESSPKPVGPPPDRDIASLP
729,IYYKAFKITERIWIVPERYE
730,PERYEFGTKPDDFNPPSSLI
731,NYSLDKIIVEYNLQSKITLP
732,LKSEYKGQNMRVNTNAFRQV
733,QMAYCPEYVPTF
734,NLDINNDIISDISGFNTSVI
735,EQDPSGATTKSAMLTNLIIYGPGPVLNKNEV
736,DNKNYFPCREGF
737,SSMKKHSLSIGSGWSVSLKA
738,IMNMAFCPEYVP
739,ESSQKTTIDKISDVSTVVPY
740,KSTILNLDINNDIISDLSGFNSS
741,DLTFVAEKNSFSEEPFQDEI
742,AGEALLEKIINA
743,AYRNVDGSGLVSKLIG
744,LDDINKQFLDDPKYS
745,ELKKRESKINKVFSTPIPFS
746,NNNEHIVGYPKDGNAFNQLD
747,SIGSGWSVSLKANNLIWTLK
748,GLVGTHNGQIGNDPNRDILIASNWYFNHLRDKILGCDWYFVPTDEGWTND
749,MSNSVDDALINSTKIYSYFP
750,REYLCDQKY
751,SVTLGGELCIKIKNEDLTFIAEK
752,SVDDALINSTKIYSYYPSVISKVNQGAQGIL
753,KSTILNLDVNNDIISDISGFNSS
754,QKSPTTLQRVTMTNSVDDALINS
755,DDFTNESSQKTTIDKISDVSSIV
756,LPVIAALSIAESSTQKERII
757,LVPGINGKAIHRVNNESSEV
758,SSMKKHSLSVGSGWSVSLKG
759,FQILYNSLMYGFTEIELGKK
760,PALNIIKQGYEGNFIGALET
761,TITNDRLSSANLYIQGV
762,LKTYSVNLKLYDDKNASLGL
763,SLTLGGELCIKIKNEDLTFIAER
764,DIIDDFTNESSQKTTIEKIS
765,KNASLGLIGTHNGQIGNPPNRDI
766,FIAEKNSFSEEPFQDELVSYNTK
767,LRVGYNAPGLPLYKKMEAVKLRD
768,DPNVDIDSYKQI
769,GYNSSVITYPDAQLVPGINGKAI
770,SSGSGETFSYPDFLRMMLGKKSA
771,AEELFSFGGQDA
772,LEYIPEITLPVIGALSIAES
773,ANSKFLGITELKKLESKINK
774,RLAEINKEFL
775,ELKRLIGEV
776,KSNAASTLEIHNIDDNTIYQ
777,DPNIDIESYKQI
778,PITINNFRYSDPVNNETIIM
779,NNISLKLDRCNNNNQYVSID
780,EEKANKAMININIFMKESSRSFL
781,DGFKEKYMEFDLNGNGDIDIM
782,LANKWVFISITNDRLSSANLYIN
783,NYSLDKIIVDYNLQSKITRP
784,LANKWVFLTITNDRLSSANLYIN
785,FDKESNGQYIVNEDKFQILY
786,DTQSKNILMQYIKANSRFIGITELKKLESKI
787,NQYVSIDKFRVFCKALNPKEIEK
788,SMNHDPVKIPNLLDDTIFND
789,TVALSNRFQGGKAF
790,QKSPTTVQRITMTNSVDDALINS
791,IVPEKYEFGTKP
792,DLTFIAERNSFSEEPFQDEI
793,GEVRQVTFRDLPDKFNAYLANKW
794,KAMDIEYNDMFNNFTVSFWRRVP
795,NKNEVRGVVLRVDNKNYFPC
796,KSTILNLDINNDIITDISGFNSS
797,SSANLYINGVLMGSGEITGL
798,ETTGVVLLLEYIPDITLPVI
799,IMQMAFCPEYLP
800,KRSAILRMIL
801,KRSAILKMI
802,LKLVMMFEGKANES
803,NRFQGGKAFGLLK
804,KRLEEINREFL
805,SVALSNRFQGGKAF
806,RLAEINREFL
807,LRMMLGKRSAILK
808,ERLDGINKHF
809,KLIGEVSSGSGETF
810,NGDIDIMSL
811,SQSKDLQGGKAFGLLKAQ
812,EKLGVPKTHLEL
813,ELKKLIGEV
814,QRFFGHGAENS
815,RDMWRAYSNMR
816,FRPAGLPEKY
817,TKEVQSSLKAQQGLE
818,RQIPQNFIADYF
819,YTSRQIPQNF
820,SKPGVIFLTKRSRQVCADPSEEWVQ
821,RRLAEINREF
822,FEGKANESSPKPVGPPPERDIASLP
823,KMISEVTGGV
824,REFLCDQKY
825,TAFKEKYMEF
826,VPKTHLEM
827,DEENLPEKL
828,RMMEKLGVPK
829,GGKAFGLLKAQQEER
830,LDDPKYSSDEDLPSKLEGF
831,EINKQFLDDPKYSSDEDLPS
832,GDIDIMSLKRMLEKLGVPK
833,KMILMYEEKAREKEKPT
834,SSGSGETFSYPDFLRMMLGKRSA
835,RLDEINKQFL
836,EGFKEKYMEFDLNGNGDIDIM
837,EKAREKEKPTGPPA
838,LDEINKQFLDDPKYS
839,AEELFTFGGQDA
840,AFCPEYVPTFDNVIENITSL
841,AFRNVDGSGLVSKLIG
842,AGEALLDKIINA
843,AIREDNNITLKLDRCNNNNQYVS
844,AKKQLLEFDTQSKNILMQYI
845,ALNPKEIEKLYTSYLSI
846,ANSKFIGITELKKLESKINK
847,ASHLEQYGTNEYSIISSMKK
848,CNDPNIDIDSYK
849,DANLISIDIKNDLYEKTL
850,DDFTNESSQKTTIDKISDVSTIV
851,DFNPPSSLIEGA
852,DIIDDFTNESSQKTTIDKIS
853,DINNDIISDISGFNSSVITY
854,DISGFNSSVITYPDAQLVPG
855,DKISDVSTIVPYIGPALNIV
856,DLTFIAEKNSFSEEPFQDEI
857,DNKNYFPCRDGF
858,DPNIDIDSYKQI
859,DPNYLRTDSDKDRFLQTMVKLFNRIKN
860,DPVNNDTIIMME
861,DRCNNNNQYVSIDKFRI
862,DRLSSANLYINGVLMGSAEI
863,DTIIMMEPPYCKGLDIYYKA
864,DTQSKNILMQYIKANSKFIGITELKKLESKI
865,EALLDKIINAIP
866,EEKANKAMININIFMRESSRSFL
867,EIELGKKFNIKT
868,EKIIKTIDNFLEKRYEKWIE
869,ELGKKFNIKTRLSYFSMNHD
870,ELIHVLHGLYGMQVSS
871,ELKKLESKINKVFSTPIPFS
872,EQDPSGATTKSAMLTNLIIFGPGPVLNKNEV
873,ESSQKTTIDKISDVSTIVPY
874,ETTGVVLLLEYIPEITLPVI
875,EYSIESSMKKHSLSIGSGWSVSL
876,FDKDSNGQYIVNEDKFQILY
877,FIAEKNSFSEEPFQDEIVSYNTK
878,FLRDFWGNPLRYDTEYYLIP
879,FNAYLANKWVFITITNDRLS
880,FNLLEQDPSGATTKSAMLTN
881,FNNLDRILRVGYNAPGIPLY
882,FQILYNSIMYGFTEIELGKK
883,FTEIELGKKFNI
884,FVKSGDFIKLYVSYNNNEHIVGY
885,GALETTGVVLLLEYIPEITL
886,GEVRQITFRDLPDKFNAYLANKW
887,GFNSSVITYPDAQLVPGINGKAI
888,GIPLYKKMEAVKLRDLKTYS
889,GLVGTHNGQIGNDPNRDILIASNWYFNHLKDKILGCDWYFVPTDEGWTND
890,GNAFNNLDRILRVGYNA
891,GPDKEQIADEINNLKNKLEEKAN
892,GTNEYSIISSMKKHSLSIGS
893,GYIPEITLPVIAALSIAESSTQK
894,HIVGYPKDGNAFNNLDRILRVGY
895,IANKLSQVTSCNDPNIDIDS
896,IDIDSYKQIYQQKYQFDKDS
897,IDSFVKSGDFIKLYVSYNNN
898,IEYNDMFNNFTVSFWLRVPKVSASHLEQYGT
899,IISDISGFNSSVITYPD
900,IKIKNEDLTFIAEKNSFSEE
901,IKNDLYEKTLNDYKAIANKL
902,ILFLQWVRDIIDDFTNESSQ
903,ILKKSTILNLDINNDII
904,IMQMAFCPEYVP
905,ISAEELFTFGGQ
906,ITGLGAIREDNNITLKLDRC
907,IVDYNLQSKITLPNDRTTPV
908,IVPERYEFGTKP
909,IWIVPERYEFGT
910,IYYKAFKITDRIWIVPERYE
911,KAKWLGTVNTQFQKRSYQMY
912,KAMDIEYNDMFNNFTVSFWLRVP
913,KDSAGEVRQITFRDLPD
914,KEIEKLYTSYLSITFLRDPWGNP
915,KINKVFSTPIPFSYSKNLDC
916,KKIIDYEYKIYSGPDKEQIA
917,KNASLGLVGTHNGQIGNPPNRDI
918,KNITDYMYLTNAPSYTNGKL
919,KNKLEEKANKAMININ
920,KNLDCWVDNEEDIDVILKKSTIL
921,KQLLEFDTQSKNILMQYIKANSKFIGI
922,KSNAASTIEIHNIDDNTIYQ
923,KSTILNLDINNDIISDISGFNSS
924,LANKWVFITITNDRLSSANLYIN
925,LCIKIKNEDLTFIAEKNSFS
926,LCKKIIPPTNIRENLYNRTA
927,LEKRYEKWIEVYKLVKAKWL
928,LEYIPEITLPVIAALSIAES
929,LFTFGGQDANLISIDIKNDL
930,LIPVASSSKDVQLKNITDYM
931,LIWTLKDSAGEVRQITF
932,LKLYDDKNASLGLVGTH
933,LKSEYKGQNMRVNTNAFRNV
934,LKTYSVQLKLYDDKNASLGL
935,LLDKIINAIPYLGNSYSLLD
936,LPNDRTTPVTKG
937,LPVIAALSIAESSTQKEKII
938,LQRITMTNSVDDALINSTKI
939,LRVGYNAPGIPLYKKMEAVKLRD
940,LRYDTEYYLIPVASSSKDVQ
941,LVPGINGKAIHLVNNESSEV
942,LYGMQVSSHEIIPSKQEIYM
943,MEAVKLRDLKTYSVQLK
944,MGSAEITGLGAIREDNNITL
945,MTNSVDDALINSTKIYSYFP
946,NAPSYTNGKLNIYYRRLYNGLKF
947,NDRTTPVTKGIP
948,NEEDIDVILKKSTILNLDIN
949,NGKAIHLVNNESSEVIVHKAMDI
950,NGLKFIIKRYTPNNEIDSFVKSG
951,NIDDNTIYQYLYAQKSPTTL
952,NITSLTIGKSKYFQDPALLL
953,NKNEVRGIVLRVDNKNYFPC
954,NLDINNDIISDISGFNSSVI
955,NLYINGVLMGSAEITGLGAIRED
956,NNDTIIMMEPPY
957,NNITLKLDRCNNNNQYVSID
958,NNNEHIVGYPKDGNAFNNLD
959,NPPSSLIEGASE
960,NQYVSIDKFRIFCKALNPKEIEK
961,NTIYQYLYAQKSPTTLQRIT
962,NYFPCRDGFGSIMQMAFCPE
963,NYSLDKIIVDYNLQSKITLP
964,PALLLMHELIHVLHGLYGMQ
965,PALNIVKQGYEGNFIGALET
966,PDKFNAYLANKWVFITI
967,PERYEFGTKPEDFNPPSSLI
968,PIPFSYSKNLDCWVDNEEDI
969,PITINNFRYSDPVNNDTIIM
970,PKEIEKLYTSYLSITFLRDF
971,PSSLIEGASEYYDPNYLRTD
972,PVTKGIPYAPEYKSNAASTTEIH
973,PWGNPLRYDTEYYLIPVASSSKD
974,QEIYMQHTYPISAEELFTFG
975,QKSPTTLQRITMTNSVDDALINS
976,QMAFCPEYVPTF
977,RESSRSFLVNQMINEAKKQL
978,RIFCKALNPKEIEKLYT
979,RTTPVTKGIPYAPEYKSNAA
980,RYEKWIEVYKLVKAKWLGTVNTQ
981,SFSEEPFQDEIVSYNTKNKP
982,SIGSGWSVSLKGNNLIWTLK
983,SITFLRDFWGNPLRYDT
984,SLTDLGGELC
985,SLTLGGELCIKIKNEDLTFIAEK
986,SMNHDPVKIPNLLDDTIYND
987,SRSFLVNQMINEAKKQLLEFDTQ
988,SSANLYINGVLMGSAEITGL
989,SSEVIVHKAMDIEYNDM
990,SSMKKHSLSIGSGWSVSLKG
991,SSSKDVQLKNITDYMYLTNAPSY
992,SSTQKEKIIKTIDNFLEKRYEKW
993,SVDDALINSTKIYSYFPSVISKVNQGAQGIL
994,SYNTKNKPLNFNYSLDKIPVTKG
995,SYQMYRSLEYQVDAIKKIID
996,TDLGGELCIKIK
997,TDYMYLTNAPSYTNGKLNIY
998,TITNDRLSSANLYINGV
999,TIYNDTEGFNIESKDLKSEY
