,0
0,NLDINNDLISDISGFNSSVI
1,LDEINKQFLDDPKYT
2,PSSLIEGASDYYDPNYLRTD
3,QELYMQHTYPISAEELFTFG
4,SSTQKEKIIKTIDNFLEKKYEKW
5,LANKWVFITITQDRLSSANLYIN
6,SQSKDLQGGKAFGVLKAQ
7,NVYINGVLMGSAEITGLGAIRED
8,AKKQLLEFDTQSKQILMQYI
9,SYQMYRSLEYNVDAIKKIID
10,KLIGEVSSGSGETY
11,FQILYNTIMYGFTEIELGKK
12,IKIRNEDLTFIAEKNSFSEE
13,KNLDCWIDNEEDIDVILKKSTIL
14,YQILYNSIMYGFTEIELGKK
15,RIFCRALNPKEIEKLYT
16,KQLLEFDTQSKNILMQYIKANSKFIGL
17,GGKAFGLLKGQQEER
18,RMMEKVGVPK
19,GFNSSVITYPDAQLLPGINGKAI
20,ETTGVVLLLEYIPELTLPVI
21,LPNDRSTPVTKG
22,DRLSTANLYINGVLMGSAEI
23,NQYVSIDKFRIFCRALNPKEIEK
24,VPNDRTTPVTKG
25,LEYIPELTLPVIAALSIAES
26,NITSLTIGKSKYFNDPALLL
27,ITGLGGIREDNNITLKLDRC
28,GIPVYKKMEAVKLRDLKTYS
29,NEEDIDLILKKSTILNLDIN
30,EKIIKTIDNFLEKRYEKWLE
31,PERYEFGTKPEDFNPPSSLL
32,TIYNDTEGFNVESKDLKSEY
33,FEAKANESSPKPVGPPPERDIASLP
34,ILFLQWVRDIIDEFTNESSQ
35,NLYINGVLMGSAEITGLGAIKED
36,TGFKEKYMEF
37,SYQTKNKPLNFNYSLDKIPVTKG
38,DLTFIAEKNSFTEEPFQDEI
39,EINKNFLDDPKYSSDEDLPS
40,PVPFSYSKNLDCWVDNEEDI
41,NYSLDKIILDYNLQSKITLP
42,RIFCKALNPREIEKLYT
43,DINQDIISDISGFNSSVITY
44,GLVGTHNGQIGNDPNRDILIASNWYFNHLKDKILGCDWYFVPTDEGWTQD
45,LEKRYEKWIEVYKLLKAKWL
46,ASHLEQYGSNEYSIISSMKK
47,PERYEFGTKPEDFNPPSSLV
48,SYNTKNKPLNFNYSLDKIPVSKG
49,PWGNPVRYDTEYYLIPVASSSKD
50,PKEIEKLYTSYVSITFLRDF
51,MEAVKLRDLRTYSVQLK
52,SVDDALINSTKIYSYFPSVISKVNQGANGIL
53,KNLDCWVDNEEDVDVILKKSTIL
54,NNITLKLERCNNNNQYVSID
55,KNASLGLVGSHNGQIGNPPNRDI
56,YLRDFWGNPLRYDTEYYLIP
57,NGLKFILKRYTPNNEIDSFVKSG
58,GIPLYKKMEAVKRRDLKTYS
59,KNKLEDKANKAMININ
60,GPEKEQIADEINNLKNKLEEKAN
61,EKVIKTIDNFLEKRYEKWIE
62,NNITLKLDRCNQNNQYVSID
63,NQYVSIDKFRIFCKALNPKDIEK
64,HIVGYPKDGNAYNNLDRILRVGY
65,KAMDIEYNDMFNNFTVSFWLKVP
66,HIVGYPKEGNAFNNLDRILRVGY
67,MEAVKLRDLKTYSIQLK
68,FNAFLANKWVFITITNDRLS
69,QKSPTTLQRITMTNTVDDALINS
70,NNNEHIVGYPKEGNAFNNLD
71,RAMDIEYNDMFNNFTVSFWLRVP
72,LEKRYEKWIELYKLVKAKWL
73,RDSAGEVRQITFRDLPD
74,KSTILNLDINNDLISDISGFNSS
75,RESSRSFLVNQMVNEAKKQL
76,LLDKIINAIPYRGNSYSLLD
77,PKEIEKLYTSYLSITFRRDF
78,SVDDALINSTKIYSFFPSVISKVNQGAQGIL
79,NLYINGLLMGSAEITGLGAIRED
80,DKISDVSTIVPYIGPALQIV
81,GEVRQVTFRDLPDKFNAYLANKW
82,GEVRQITYRDLPDKFNAYLANKW
83,FLRDFWANPLRYDTEYYLIP
84,NIDDNTIYQYLYAQKSPSTL
85,IVDYNLQSKITLPNDRTTPI
86,RPVIAALSIAESSTQKEKII
87,GEVRQITFRDLPDKYNAYLANKW
88,SSTQKEKIIKTIDQFLEKRYEKW
89,KEIEKLYTSYLSITFLREPWGNP
90,RYEKWIEVYKLVKGKWLGTVNTQ
91,HIVGYPKDGNAFNNLDRIVRVGY
92,SYNTKNKPLNFNYSLDKIPVTRG
93,ALNPKEIEKLFTSYLSI
94,SLTDLGGERC
95,RLAEINREFR
96,TLYNDTEGFNIESKDLKSEY
97,GNAFNNLDRILRLGYNA
98,DFQPPSSLIEGA
99,NQYVSIDRFRIFCKALNPKEIEK
100,RRAEINREFL
101,NITSLTIGKSKYFQDPGLLL
102,SRSFLVNQMIQEAKKQLLEFDTQ
103,TIYNDTEAFNIESKDLKSEY
104,IWIVPERYEYGT
105,ITGLGAIREDNNLTLKLDRC
106,LLFLQWVRDIIDDFTNESSQ
107,PDKFNAYLANRWVFITI
108,KSTILNLDLNNDIISDISGFNSS
109,HIVGYPKDGNAFNNLERILRVGY
110,EGFKEKYMEFDLNGNGDIDVM
111,LVPGVNGKAIHLVNNESSEV
112,ILKKSTLLNLDINNDII
113,SLTLGGELCIKIKNEDLTFIADK
114,GLVGTHNGQIGNDPNRDILIASNWFFNHLKDKILGCDWYFVPTDEGWTND
115,NNITLKLDRCQNNNQYVSID
116,LRSEYKGQNMRVNTNAFRNV
117,DANLISIDIKNELYEKTL
118,ELLHVLHGLYGMQVSS
119,NYSVDKIIVDYNLQSKITLP
120,KSNAASTVEIHNIDDNTIYQ
121,KSNAASTIEIHNIDDQTIYQ
122,DISGYNSSVITYPDAQLVPG
123,ELTFIAEKNSFSEEPFQDEI
124,SVALSNRFNGGKAF
125,FDKDSNGQYIVNEDKFQIRY
126,PIPFSYSKNLECWVDNEEDI
127,RRLAEIQREF
128,DDFTNESSQKTTIDKISDVSTIL
129,IVDYNLQSKITLPNDKTTPV
130,RLAEVNREFL
131,IYYKAFKVTDRIWIVPERYE
132,LRVGYNGPGIPLYKKMEAVKLRD
133,SLTLGAELCIKIKNEDLTFIAEK
134,FNGYLANKWVFITITNDRLS
135,EQDPSGATTKSAMLTQLIIFGPGPVLNKNEV
136,ESTQKTTIDKISDVSTIVPY
137,DKISDVSTIVPYIAPALNIV
138,KSTILNLDINQDIISDISGFNSS
139,KRLEEINREFV
140,SSSKDVQLKNITEYMYLTNAPSY
141,LKTFSVQLKLYDDKNASLGL
142,SQSKDRQGGKAFGLLKAQ
143,EFNPPSSLIEGA
144,EIELGKKFQIKT
145,IYYKAYKITDRIWIVPERYE
146,LDDPKYSSDEDVPSKLEGF
147,NGKAIHLVNNESSEVIVHKAMDV
148,AIREDNNITLKRDRCNNNNQYVS
149,LFTFGGQDANLISIEIKNDL
150,EKARDKEKPTGPPA
151,SVDDALINSTKVYSYFPSVISKVNQGAQGIL
152,NQYVSIDKFRVFCKALNPKEIEK
153,KKIIDYDYKIYSGPDKEQIA
154,LKTYSVQLKVYDDKNASLGL
155,NNDTILMMEPPY
156,NRFQGGKAYGLLK
157,GFNSSVITYPDAQRVPGINGKAI
158,LEKRYEKWIEVYKLVKAKWR
159,QNNEHIVGYPKDGNAFNNLD
160,GGKAFGLLKAQNEER
161,SSGSGETFSYPDFLRMMRGKRSA
162,QKSPTTLQRITMTNSLDDALINS
163,EKAREKERPTGPPA
164,ATNEYSIISSMKKHSLSIGS
165,LLDKIINAVPYLGNSYSLLD
166,RRSAILKMI
167,RDMWKAYSNMR
168,DTIIMMEPPYCKGLDIFYKA
169,EKIIKTIDNFLEKRYDKWIE
170,RYGMQVSSHEIIPSKQEIYM
171,ILKKSTILNLDLNNDII
172,SSSKDVQLKQITDYMYLTNAPSY
173,DTVIMMEPPYCKGLDIYYKA
174,QKTPTTLQRITMTNSVDDALINS
175,LKRVMMFEGKANES
176,EINKQFLDDPRYSSDEDLPS
177,SSGSGETFSYPDFVRMMLGKRSA
178,SLTLGGELCIKIKNEDVTFIAEK
179,VPRTHLEM
180,NRFQGGKAFGRLK
181,EKRGVPKTHLEL
182,NKSPTTLQRITMTNSVDDALINS
183,SYNTKNKPLNFNYSLDKIPITKG
184,SITFLRDYWGNPLRYDT
185,KKIIDYEYKIYSGPDKEQIG
186,QEIYMQHTYPISAEELFTFA
187,DFNPPSSVIEGA
188,MGSAEITGLGAIREDQNITL
189,KIFCKALNPKEIEKLYT
190,KSTILNLDINNDIISDISGYNSS
191,FTDIELGKKFNI
192,LPVIAALTIAESSTQKEKII
193,NLDINNDIISDISAFNSSVI
194,RQIPQNFIADFF
195,NNNEHILGYPKDGNAFNNLD
196,IKNDLYEKTRNDYKAIANKL
197,KLIGEVSSASGETF
198,NGKAIHLVNNETSEVIVHKAMDI
199,SSTQREKIIKTIDNFLEKRYEKW
200,NEEEIDVILKKSTILNLDIN
201,GYIPEITLPVLAALSIAESSTQK
202,ELKKLESKINKVFSTPIPFT
203,AFRNVDGSGLVSKLLG
204,KMILMYDEKAREKEKPT
205,FNLLENDPSGATTKSAMLTN
206,IVPERYEFGSKP
207,NIDDNTIYQYLYAQRSPTTL
208,LRVGYNAPGIPLYKKMEAVKLRE
209,AVREDNNITLKLDRCNNNNQYVS
210,EEENLPEKL
211,FVKTGDFIKLYVSYNNNEHIVGY
212,DLTFIAEKNSFSEEPFQEEI
213,TDLGGELCVKIK
214,KDSAGEVRQITYRDLPD
215,NAPSYTQGKLNIYYRRLYNGLKF
216,IDSFVKSGDFIKLYISYNNN
217,MEAVKLRDLKTYSVQRK
218,ILFLQWVRDLIDDFTNESSQ
219,NTIYQYLYAQKTPTTLQRIT
220,MGSAEITGLAAIREDNNITL
221,PALNIIKQGYEGNFIGALET
222,DTQSKNILMQYIKANSKFIGISELKKLESKI
223,LCKKVIPPTNIRENLYNRTA
224,GPDKEQIADEINNRKNKLEEKAN
225,REFVCDQKY
226,KINKVFSTPIPFSYSKQLDC
227,LKTYSVQLKLYDDKQASLGL
228,RYEKWIEVYKLVKAKWRGTVNTQ
229,RNASLGLVGTHNGQIGNPPNRDI
230,SKPGVIFVTKRSRQVCADPSEEWVQ
231,GDIDLMSLKRMLEKLGVPK
232,KAMDIEYNDMFQNFTVSFWLRVP
233,PIPFTYSKNLDCWVDNEEDI
234,LIWTLKDSGGEVRQITF
235,RRRAEINREF
236,TDYMYLTNAPSYTNGKLNLY
237,HILGYPKDGNAFNNLDRILRVGY
238,ILKKSTILNLDINNDIV
239,ILFLQWIRDIIDDFTNESSQ
240,KNASLGLVGTHNGQIGNPPQRDI
241,IMNMAFCPEYVP
242,GLVGTHNGQIGNDPNRDILIASNWYFNHLKDKILGCDWYFVPTDDGWTND
243,LKLVMMYEGKANES
244,RQIPQNYIADYF
245,EEKANKAMININIFMRETSRSFL
246,FDRDSNGQYIVNEDKFQILY
247,PDKFNAYLANKWVFVTI
248,GYIPEVTLPVIAALSIAESSTQK
249,DTQSKNILMQYIKANSKFIGITDLKKLESKI
250,AFCPEYVPTYDNVIENITSL
251,SQSKDLQGAKAFGLLKAQ
252,RYEKWIEVYKLVKAKWLGTLNTQ
253,GTNEYSLISSMKKHSLSIGS
254,SFSEEPFQDEIVSYQTKNKP
255,DINNEIISDISGFNSSVITY
256,IEIDSYKQIYQQKYQFDKDS
257,FLRDFWGNPLRYDTEFYLIP
258,ILKKSTILNVDINNDII
259,FNAYLAQKWVFITITNDRLS
260,LRVGYNAPGIPLYRKMEAVKLRD
261,NEEDIDVILKKSSILNLDIN
262,FLAEKNSFSEEPFQDEIVSYNTK
263,KAMDIEYNDMFNNYTVSFWLRVP
264,GGKGFGLLKAQQEER
265,KEIEKLYTSYLSITFLRDPWANP
266,PIPFSYSKNRDCWVDNEEDI
267,QKFFGHGAENS
268,MTNSVEDALINSTKIYSYFP
269,LRYDTEYYLIPVASSSKDVN
270,KKIIDYEYKIFSGPDKEQIA
271,RMMEKLAVPK
272,MTNSIDDALINSTKIYSYFP
273,RLAELNREFL
274,FIAEKNSFSEEPFQDEILSYNTK
275,FVKSGDFVKLYVSYNNNEHIVGY
276,PTSLIEGASEYYDPNYLRTD
277,PSSLIEGASEYYDPQYLRTD
278,KLIGEVSSGSAETF
279,ASHLEQYGTNEYSIISTMKK
280,LKLFDDKNASLGLVGTH
281,KINKVFSSPIPFSYSKNLDC
282,NPPSSVIEGASE
283,IPKTHLEM
284,ITGLGAIRDDNNITLKLDRC
285,IFYKAFKITDRIWIVPERYE
286,NGKAIHLVNNESSEVIVHKGMDI
287,DDFTNESSQKTTIDKISDVSTVV
288,AKKQLVEFDTQSKNILMQYI
289,PERYEFGTKPEDFNPPTSLI
290,IANKLSQVTSCNDPNIDVDS
291,ITALGAIREDNNITLKLDRC
292,GFQSSVITYPDAQLVPGINGKAI
293,FEGKANESSPKPVGPPPEREIASLP
294,SSGSAETFSYPDFLRMMLGKRSA
295,IISDISGFNSSVLTYPD
296,GYIPEITLPIIAALSIAESSTQK
297,LRYDTEYYVIPVASSSKDVQ
298,SITFVRDFWGNPLRYDT
299,SVALSNRFQAGKAF
300,GLVGTHNGQIGNDPNRDILIASNWYFNHLKDKILGCDWYFLPTDEGWTND
301,LIPVASSSKDVQRKNITDYM
302,DRLSSANLYLNGVLMGSAEI
303,KYEKWIEVYKLVKAKWLGTVNTQ
304,AFRNVDGTGLVSKLIG
305,ELGKRFNIKTRLSYFSMNHD
306,IYYKAFKITDKIWIVPERYE
307,ITGLGAIREDNNITRKLDRC
308,MEALKLRDLKTYSVQLK
309,KNITDYMYLTNAPTYTNGKL
310,IDIDSYKQIYQQRYQFDKDS
311,ALNPREIEKLYTSYLSI
312,DPNYLRTDSDKDRFLQTMVKLFNRVKN
313,NVTSLTIGKSKYFQDPALLL
314,FEGKANETSPKPVGPPPERDIASLP
315,DIIDDYTNESSQKTTIDKIS
316,NEEDIDVILKKSTILNLEIN
317,AKKQLLEFDTNSKNILMQYI
318,AEDLFTFGGQDA
319,KRSAILRMLL
320,SMNHDPVKIPNVLDDTIYND
321,VEYIPEITLPVIAALSIAES
322,DPNYLKTDSDKDRFLQTMVKLFNRIKN
323,DISGFNSSVITYPEAQLVPG
324,ELKKLESKINKVFSSPIPFS
325,KEIEKLYTSYLTITFLRDPWGNP
326,KRSAIVKMI
327,FNAYLANKWLFITITNDRLS
328,LRYDTEYYLLPVASSSKDVQ
329,EKIIKSIDNFLEKRYEKWIE
330,KNGSLGLVGTHNGQIGNPPNRDI
331,LKMMLGKRSAILK
332,SIGSGWSLSLKGNNLIWTLK
333,GEVRQITFRDLPEKFNAYLANKW
334,LKLYDDKNASLGRVGTH
335,PITINNFRYSDPVNNDTILM
336,NLDINNDIISEISGFNSSVI
337,EQDPSGATTKSAMLTNLIIFGPGPVVNKNEV
338,ILFLQWLRDIIDDFTNESSQ
339,AFCPEYVPTFDNVIENITSR
340,SSTNKEKIIKTIDNFLEKRYEKW
341,FNAYLGNKWVFITITNDRLS
342,PIPFSYSKNLDCWIDNEEDI
343,FTEIELGKKFNL
344,FEGKANESSPKPVAPPPERDIASLP
345,IEFNDMFNNFTVSFWLRVPKVSASHLEQYGT
346,QKSPTTLQRITMTNSVDDAVINS
347,PEKFNAYLANKWVFITI
348,LFTFGGQDAQLISIDIKNDL
349,GPDKEQIGDEINNLKNKLEEKAN
350,SQSKDLQGGKAFGLLKAN
351,HIIGYPKDGNAFNNLDRILRVGY
352,IKIKNEDLTFIAEKNSFSDE
353,EQDPSGASTKSAMLTNLIIFGPGPVLNKNEV
354,STMKKHSLSIGSGWSVSLKG
355,SAFKEKYMEF
356,GPDKEQIADELNNLKNKLEEKAN
357,SSMKKHSLSIGSGWSVSLRG
358,SYQMYRSLEYQVDAVKKIID
359,LKTYSVQLKLYDDKNATLGL
360,TDFMYLTNAPSYTNGKLNIY
361,IDIDSYKQIYQQKFQFDKDS
362,PLPFSYSKNLDCWVDNEEDI
363,KSTILNLDINNDIISDITGFNSS
364,KAKWLGTVNTQFQRRSYQMY
365,EFSIESSMKKHSLSIGSGWSVSL
366,NAPSYTNGKLNIYFRRLYNGLKF
367,FVRSGDFIKLYVSYNNNEHIVGY
368,FRPAGRPEKY
369,NNITLKRDRCNNNNQYVSID
370,DDFTNESSQKTTLDKISDVSTIV
371,SLTLGGELCIKIRNEDLTFIAEK
372,ANSKFIGLTELKKLESKINK
373,DINNDIISEISGFNSSVITY
374,TDLGGELCIKIR
375,SQSKELQGGKAFGLLKAQ
376,KKIIDFEYKIYSGPDKEQIA
377,TYNTKNKPLNFNYSLDKIPVTKG
378,LEYIPEITLPVIAALTIAES
379,RTTPVSKGIPYAPEYKSNAA
380,SVDDALINSTKIYSYFPSVISKVNQGAQGLL
381,MEGVKLRDLKTYSVQLK
382,SIYNDTEGFNIESKDLKSEY
383,GEVRQITFRDLPDKFNAYVANKW
384,GIPLYKKMEALKLRDLKTYS
385,KDSAGEVRQITFRELPD
386,QRFFGHGAEQS
387,HIVGYPKDGNAFNNLDRILKVGY
388,KRSAILRMIR
389,KELEKLYTSYLSITFLRDPWGNP
390,AEELYTFGGQDA
391,NYFPCRDAFGSIMQMAFCPE
392,KSTILNLDINNDVISDISGFNSS
393,ELKKLESKINKVFTTPIPFS
394,PALLLMHELIHILHGLYGMQ
395,LQRITMTNSVDDGLINSTKI
396,RESTRSFLVNQMINEAKKQL
397,NLDINNDIISDVSGFNSSVI
398,EEKANKAMININIFMRDSSRSFL
399,HIVGFPKDGNAFNNLDRILRVGY
400,SLALSNRFQGGKAF
401,KEIEKLYTSYLSVTFLRDPWGNP
402,KNASLGLVGTHNGQLGNPPNRDI
403,KINKVFSTPLPFSYSKNLDC
404,ELKKLESKLNKVFSTPIPFS
405,SFQMYRSLEYQVDAIKKIID
406,KRSAIRRMIL
407,DANLISIDIKNDLYDKTL
408,NYSLDKIVVDYNLQSKITLP
409,RLDEVNKQFL
410,KAKWLGTINTQFQKRSYQMY
411,NAPSYTNGKVNIYYRRLYNGLKF
412,EYSIESSMKKHSVSIGSGWSVSL
413,ANSKFIGITELKKLDSKINK
414,LRVGYNAPGLPLYKKMEAVKLRD
415,KKSAILKMI
416,NEEDIDVILKKSTLLNLDIN
417,MEAVKLRDLKTYSVQVK
418,KAKWRGTVNTQFQKRSYQMY
419,LDEIQKQFLDDPKYS
420,ANSKFIGITELKKLETKINK
421,IISDLSGFNSSVITYPD
422,ENKNYFPCRDGF
423,FNLREQDPSGATTKSAMLTN
424,DLTFIAEKNSFSEEPFQDEV
425,DINNDIISDISGFNSSVISY
426,NAPSYTNGKLNIYYRRLYNGRKF
427,LCIRIKNEDLTFIAEKNSFS
428,TREVQSSLKAQQGLE
429,KRSAIVRMIL
430,RYEKWIEVYKLVKAKWLGSVNTQ
431,PWGNPLRYDTEYYLIPVATSSKD
432,MTNTVDDALINSTKIYSYFP
433,GYIPEITLPVIAALSVAESSTQK
434,SIGSAWSVSLKGNNLIWTLK
435,MGSAEITGLGALREDNNITL
436,FIAEKNSFSEEPFNDEIVSYNTK
437,GLIGTHNGQIGNDPNRDILIASNWYFNHLKDKILGCDWYFVPTDEGWTND
438,NNNEHIVGYPKDGNAFNNLE
439,STEVIVHKAMDIEYNDM
440,NAPSYTNGKLNIYYKRLYNGLKF
441,SSSKDLQLKNITDYMYLTNAPSY
442,SRSFLVNQMINEAKKQLLEFDSQ
443,SMNHDPVKLPNLLDDTIYND
444,AEELFTFGGQDG
445,ITGLGAIREDQNITLKLDRC
446,PALVLMHELIHVLHGLYGMQ
447,KLLGEVSSGSGETF
448,DPNYLRTESDKDRFLQTMVKLFNRIKN
449,LLDKIVNAIPYLGNSYSLLD
450,KDSGGEVRQITFRDLPD
451,RMMEKRGVPK
452,GIPLYKKMEAVKLRELKTYS
453,IISDITGFNSSVITYPD
454,NNQEHIVGYPKDGNAFNNLD
455,SLTLGGELCIKIKNEDLTYIAEK
456,IKNDLYEKSLNDYKAIANKL
457,IKNDLYEKTLNDYKAIANRL
458,DTQSKNILMQYIKANSRFIGITELKKLESKI
459,NLDINNDILSDISGFNSSVI
460,NKNEVRGIVRRVDNKNYFPC
461,KQLLEFDTQSKNILMQYIKANSKFIAI
462,FDKDSNGQYIVNEDKFQVLY
463,NYSLDKLIVDYNLQSKITLP
464,FQVLYNSIMYGFTEIELGKK
465,GPDKEQIADEINNLKNKLEDKAN
466,NLYINGVLMGSAEITGLGGIRED
467,FVKSGDFIKLYVSYNNNEHIVAY
468,NGKAIHLVNNESSEVIVHRAMDI
469,LPVIAALSIAESTTQKEKII
470,ERVDGINKHF
471,PVTKGIPYAPEYKSNAATTTEIH
472,LYAMQVSSHEIIPSKQEIYM
473,LANKWVFITITNDRLSSANRYIN
474,DINNDILSDISGFNSSVITY
475,GALETTGVVLLREYIPEITL
476,LPNERTTPVTKG
477,LIPIASSSKDVQLKNITDYM
478,TDYMYLTNAPSYTNGKLNVY
479,DKISDVSTIVPYIGPARNIV
480,EVNKQFLDDPKYSSDEDLPS
481,DRISDVSTIVPYIGPALNIV
482,SLTLGGERCIKIKNEDLTFIAEK
483,RTSPVTKGIPYAPEYKSNAA
484,DANLISIDIRNDLYEKTL
485,LFTFGGQDANLLSIDIKNDL
486,SRTFLVNQMINEAKKQLLEFDTQ
487,EALLDKILNAIP
488,IEYNDMFNNFTVSFWLRVPKVTASHLEQYGT
489,QEIYMQHTYPISAEELFSFG
490,TKEVQSSLKANQGLE
491,QEIYMNHTYPISAEELFTFG
492,DLTFIAEKNSFSEEPFQDEL
493,LISDISGFNSSVITYPD
494,LIWTLKDSAGEVRQLTF
495,VIWTLKDSAGEVRQITF
496,KKIIDYEYKIYSGPDKEQVA
497,QKSPTTLQRITMTNSVDDGLINS
498,GLVGTHNGQIGNDPNRDILIASNWYFNHRKDKILGCDWYFVPTDEGWTND
499,GTNEYSIISSMKKHTLSIGS
500,NIDDQTIYQYLYAQKSPTTL
501,RNKLEEKANKAMININ
502,NGDIDIMTL
503,AGEALVDKIINA
504,TKEVQSTLKAQQGLE
505,GFNSSVITYPDAQVVPGINGKAI
506,LKTYSVQLKLYDDKNASVGL
507,AEELFTFGGQEA
508,NGDVDIMSL
509,GLVGTHNGQIGNDPNRDILIASNWYFNHLKDKLLGCDWYFVPTDEGWTND
510,ESSQKTSIDKISDVSTIVPY
511,KSTILNLDVNNDIISDISGFNSS
512,DGFKEKYMEFDLNGNGDIDIM
513,RTTPVTKGVPYAPEYKSNAA
514,DANLISIDLKNDLYEKTL
515,LRYDTEYYLIPIASSSKDVQ
516,LEKRYERWIEVYKLVKAKWL
517,EIIDDFTNESSQKTTIDKIS
518,SLTDLGGDLC
519,IYYKAFKITDRIWIVPDRYE
520,SKPGVIFLTKRSRQVCGDPSEEWVQ
521,LKSEYKGQNMRVNTQAFRNV
522,PSSLIEGASEYYDPNYLKTD
523,GGKAFALLKAQQEER
524,FNLLEQDPSGATTKSAMLSN
525,LCKKIIPPTNIRENVYNRTA
526,IYYKAFRITDRIWIVPERYE
527,RQIPQNFIAEYF
528,SDLGGELCIKIK
529,ETTGVVLLLEYIPDITLPVI
530,YTSRQIPQQF
531,GLVGTHNGQIGNDPNRDILIASNWYFNHLKDKILGCDWFFVPTDEGWTND
532,LKNDLYEKTLNDYKAIANKL
533,LFTFGGQEANLISIDIKNDL
534,SIGSGWSVSLKGNNLIWTRK
535,LFTFGGQDANRISIDIKNDL
536,GFNSSVITYPDAQLVPGLNGKAI
537,LKSEYKGQNMRINTNAFRNV
538,LVPGINGKAIHLLNNESSEV
539,SRSFRVNQMINEAKKQLLEFDTQ
540,REFLCDQRY
541,FRPAGVPEKY
542,DISGFNSSVITYPDANLVPG
543,KRLEEINREYL
544,NIDDNTIYQFLYAQKSPTTL
545,AIREDNNITLKLDRCNNNQQYVS
546,GALETSGVVLLLEYIPEITL
547,AFRNVEGSGLVSKLIG
548,AAEALLDKIINA
549,LCIKIKQEDLTFIAEKNSFS
550,SISFLRDFWGNPLRYDT
551,GRVGTHNGQIGNDPNRDILIASNWYFNHLKDKILGCDWYFVPTDEGWTND
552,LPVIAALSIAESSTQKEKVI
553,ASHLENYGTNEYSIISSMKK
554,PERYEFGTKPEDFNPPSTLI
555,TIYNDTEGFNLESKDLKSEY
556,LCIKVKNEDLTFIAEKNSFS
557,RESSRSYLVNQMINEAKKQL
558,LKTYSVQLKLYDDKNASLAL
559,NAPSYTNGKLNIYYRRLYNGVKF
560,SVDDALINSTKIYSYYPSVISKVNQGAQGIL
561,LEKKYEKWIEVYKLVKAKWL
562,LFTFGGQDANLISIDIRNDL
563,FNNLDRIVRVGYNAPGIPLY
564,SSANLFINGVLMGSAEITGL
565,LIPVASSTKDVQLKNITDYM
566,LCKKIIPPSNIRENLYNRTA
567,KAMDIEYNDMFNNFTVTFWLRVP
568,SYQMYRSLEYQVDAIKKVID
569,KNITDFMYLTNAPSYTNGKL
570,NKNEVRGIVLRVDNRNYFPC
571,AIREDNNITLKLDRCNNNNQYVT
572,KKIIEYEYKIYSGPDKEQIA
573,IYYKAFKITDRIWLVPERYE
574,VKSEYKGQNMRVNTNAFRNV
575,TDYMYLTQAPSYTNGKLNIY
576,AFRQVDGSGLVSKLIG
577,GTNEYSIISSMKKHSLSVGS
578,DNKNYFPCREGF
579,TSANLYINGVLMGSAEITGL
580,PVTKGIPYAPEYKSNAASTTDIH
581,GPDKEQIADEINNLKNKLEEKGN
582,PDKFNAYLGNKWVFITI
583,VEYNDMFNNFTVSFWLRVPKVSASHLEQYGT
584,DPNIDVDSYKQI
585,ITGLGAIKEDNNITLKLDRC
586,NYSLDKIIVDYNLQSRITLP
587,GNAFNNLDRILRVAYNA
588,NLDINNDIISDITGFNSSVI
589,NKNEVRGIVLRVDNKNFFPC
590,NKNEVRGIVLKVDNKNYFPC
591,EKAREKEKPTAPPA
592,LQRITMTNSVDDALLNSTKI
593,LRVGFNAPGIPLYKKMEAVKLRD
594,NIDDNTIYQYRYAQKSPTTL
595,EINKQFLDDPKFSSDEDLPS
596,ESSQKTTIDKVSDVSTIVPY
597,KNKLEEKANKAMLNIN
598,PVTKGVPYAPEYKSNAASTTEIH
599,LRVGYNAPGIPLYKKMEAVKVRD
600,KRSAILRMIL
601,KRSAILKMI
602,LKLVMMFEGKANES
603,NRFQGGKAFGLLK
604,KRLEEINREFL
605,SVALSNRFQGGKAF
606,RLAEINREFL
607,LRMMLGKRSAILK
608,ERLDGINKHF
609,KLIGEVSSGSGETF
610,NGDIDIMSL
611,SQSKDLQGGKAFGLLKAQ
612,EKLGVPKTHLEL
613,ELKKLIGEV
614,QRFFGHGAENS
615,RDMWRAYSNMR
616,FRPAGLPEKY
617,TKEVQSSLKAQQGLE
618,RQIPQNFIADYF
619,YTSRQIPQNF
620,SKPGVIFLTKRSRQVCADPSEEWVQ
621,RRLAEINREF
622,FEGKANESSPKPVGPPPERDIASLP
623,KMISEVTGGV
624,REFLCDQKY
625,TAFKEKYMEF
626,VPKTHLEM
627,DEENLPEKL
628,RMMEKLGVPK
629,GGKAFGLLKAQQEER
630,LDDPKYSSDEDLPSKLEGF
631,EINKQFLDDPKYSSDEDLPS
632,GDIDIMSLKRMLEKLGVPK
633,KMILMYEEKAREKEKPT
634,SSGSGETFSYPDFLRMMLGKRSA
635,RLDEINKQFL
636,EGFKEKYMEFDLNGNGDIDIM
637,EKAREKEKPTGPPA
638,LDEINKQFLDDPKYS
639,AEELFTFGGQDA
640,AFCPEYVPTFDNVIENITSL
641,AFRNVDGSGLVSKLIG
642,AGEALLDKIINA
643,AIREDNNITLKLDRCNNNNQYVS
644,AKKQLLEFDTQSKNILMQYI
645,ALNPKEIEKLYTSYLSI
646,ANSKFIGITELKKLESKINK
647,ASHLEQYGTNEYSIISSMKK
648,CNDPNIDIDSYK
649,DANLISIDIKNDLYEKTL
650,DDFTNESSQKTTIDKISDVSTIV
651,DFNPPSSLIEGA
652,DIIDDFTNESSQKTTIDKIS
653,DINNDIISDISGFNSSVITY
654,DISGFNSSVITYPDAQLVPG
655,DKISDVSTIVPYIGPALNIV
656,DLTFIAEKNSFSEEPFQDEI
657,DNKNYFPCRDGF
658,DPNIDIDSYKQI
659,DPNYLRTDSDKDRFLQTMVKLFNRIKN
660,DPVNNDTIIMME
661,DRCNNNNQYVSIDKFRI
662,DRLSSANLYINGVLMGSAEI
663,DTIIMMEPPYCKGLDIYYKA
664,DTQSKNILMQYIKANSKFIGITELKKLESKI
665,EALLDKIINAIP
666,EEKANKAMININIFMRESSRSFL
667,EIELGKKFNIKT
668,EKIIKTIDNFLEKRYEKWIE
669,ELGKKFNIKTRLSYFSMNHD
670,ELIHVLHGLYGMQVSS
671,ELKKLESKINKVFSTPIPFS
672,EQDPSGATTKSAMLTNLIIFGPGPVLNKNEV
673,ESSQKTTIDKISDVSTIVPY
674,ETTGVVLLLEYIPEITLPVI
675,EYSIESSMKKHSLSIGSGWSVSL
676,FDKDSNGQYIVNEDKFQILY
677,FIAEKNSFSEEPFQDEIVSYNTK
678,FLRDFWGNPLRYDTEYYLIP
679,FNAYLANKWVFITITNDRLS
680,FNLLEQDPSGATTKSAMLTN
681,FNNLDRILRVGYNAPGIPLY
682,FQILYNSIMYGFTEIELGKK
683,FTEIELGKKFNI
684,FVKSGDFIKLYVSYNNNEHIVGY
685,GALETTGVVLLLEYIPEITL
686,GEVRQITFRDLPDKFNAYLANKW
687,GFNSSVITYPDAQLVPGINGKAI
688,GIPLYKKMEAVKLRDLKTYS
689,GLVGTHNGQIGNDPNRDILIASNWYFNHLKDKILGCDWYFVPTDEGWTND
690,GNAFNNLDRILRVGYNA
691,GPDKEQIADEINNLKNKLEEKAN
692,GTNEYSIISSMKKHSLSIGS
693,GYIPEITLPVIAALSIAESSTQK
694,HIVGYPKDGNAFNNLDRILRVGY
695,IANKLSQVTSCNDPNIDIDS
696,IDIDSYKQIYQQKYQFDKDS
697,IDSFVKSGDFIKLYVSYNNN
698,IEYNDMFNNFTVSFWLRVPKVSASHLEQYGT
699,IISDISGFNSSVITYPD
700,IKIKNEDLTFIAEKNSFSEE
701,IKNDLYEKTLNDYKAIANKL
702,ILFLQWVRDIIDDFTNESSQ
703,ILKKSTILNLDINNDII
704,IMQMAFCPEYVP
705,ISAEELFTFGGQ
706,ITGLGAIREDNNITLKLDRC
707,IVDYNLQSKITLPNDRTTPV
708,IVPERYEFGTKP
709,IWIVPERYEFGT
710,IYYKAFKITDRIWIVPERYE
711,KAKWLGTVNTQFQKRSYQMY
712,KAMDIEYNDMFNNFTVSFWLRVP
713,KDSAGEVRQITFRDLPD
714,KEIEKLYTSYLSITFLRDPWGNP
715,KINKVFSTPIPFSYSKNLDC
716,KKIIDYEYKIYSGPDKEQIA
717,KNASLGLVGTHNGQIGNPPNRDI
718,KNITDYMYLTNAPSYTNGKL
719,KNKLEEKANKAMININ
720,KNLDCWVDNEEDIDVILKKSTIL
721,KQLLEFDTQSKNILMQYIKANSKFIGI
722,KSNAASTIEIHNIDDNTIYQ
723,KSTILNLDINNDIISDISGFNSS
724,LANKWVFITITNDRLSSANLYIN
725,LCIKIKNEDLTFIAEKNSFS
726,LCKKIIPPTNIRENLYNRTA
727,LEKRYEKWIEVYKLVKAKWL
728,LEYIPEITLPVIAALSIAES
729,LFTFGGQDANLISIDIKNDL
730,LIPVASSSKDVQLKNITDYM
731,LIWTLKDSAGEVRQITF
732,LKLYDDKNASLGLVGTH
733,LKSEYKGQNMRVNTNAFRNV
734,LKTYSVQLKLYDDKNASLGL
735,LLDKIINAIPYLGNSYSLLD
736,LPNDRTTPVTKG
737,LPVIAALSIAESSTQKEKII
738,LQRITMTNSVDDALINSTKI
739,LRVGYNAPGIPLYKKMEAVKLRD
740,LRYDTEYYLIPVASSSKDVQ
741,LVPGINGKAIHLVNNESSEV
742,LYGMQVSSHEIIPSKQEIYM
743,MEAVKLRDLKTYSVQLK
744,MGSAEITGLGAIREDNNITL
745,MTNSVDDALINSTKIYSYFP
746,NAPSYTNGKLNIYYRRLYNGLKF
747,NDRTTPVTKGIP
748,NEEDIDVILKKSTILNLDIN
749,NGKAIHLVNNESSEVIVHKAMDI
750,NGLKFIIKRYTPNNEIDSFVKSG
751,NIDDNTIYQYLYAQKSPTTL
752,NITSLTIGKSKYFQDPALLL
753,NKNEVRGIVLRVDNKNYFPC
754,NLDINNDIISDISGFNSSVI
755,NLYINGVLMGSAEITGLGAIRED
756,NNDTIIMMEPPY
757,NNITLKLDRCNNNNQYVSID
758,NNNEHIVGYPKDGNAFNNLD
759,NPPSSLIEGASE
760,NQYVSIDKFRIFCKALNPKEIEK
761,NTIYQYLYAQKSPTTLQRIT
762,NYFPCRDGFGSIMQMAFCPE
763,NYSLDKIIVDYNLQSKITLP
764,PALLLMHELIHVLHGLYGMQ
765,PALNIVKQGYEGNFIGALET
766,PDKFNAYLANKWVFITI
767,PERYEFGTKPEDFNPPSSLI
768,PIPFSYSKNLDCWVDNEEDI
769,PITINNFRYSDPVNNDTIIM
770,PKEIEKLYTSYLSITFLRDF
771,PSSLIEGASEYYDPNYLRTD
772,PVTKGIPYAPEYKSNAASTTEIH
773,PWGNPLRYDTEYYLIPVASSSKD
774,QEIYMQHTYPISAEELFTFG
775,QKSPTTLQRITMTNSVDDALINS
776,QMAFCPEYVPTF
777,RESSRSFLVNQMINEAKKQL
778,RIFCKALNPKEIEKLYT
779,RTTPVTKGIPYAPEYKSNAA
780,RYEKWIEVYKLVKAKWLGTVNTQ
781,SFSEEPFQDEIVSYNTKNKP
782,SIGSGWSVSLKGNNLIWTLK
783,SITFLRDFWGNPLRYDT
784,SLTDLGGELC
785,SLTLGGELCIKIKNEDLTFIAEK
786,SMNHDPVKIPNLLDDTIYND
787,SRSFLVNQMINEAKKQLLEFDTQ
788,SSANLYINGVLMGSAEITGL
789,SSEVIVHKAMDIEYNDM
790,SSMKKHSLSIGSGWSVSLKG
791,SSSKDVQLKNITDYMYLTNAPSY
792,SSTQKEKIIKTIDNFLEKRYEKW
793,SVDDALINSTKIYSYFPSVISKVNQGAQGIL
794,SYNTKNKPLNFNYSLDKIPVTKG
795,SYQMYRSLEYQVDAIKKIID
796,TDLGGELCIKIK
797,TDYMYLTNAPSYTNGKLNIY
798,TITNDRLSSANLYINGV
799,TIYNDTEGFNIESKDLKSEY
